2026-02-13 14:40:59,173 | INFO | extractor_logger | URL vï¿½lida y dominio permitido.
2026-02-13 14:40:59,176 | WARNING | extractor_logger | Dominio no permitido: www.google.com
2026-02-13 14:40:59,177 | WARNING | extractor_logger | URL con formato invï¿½lido.
2026-02-13 14:59:03,375 | INFO | extractor_logger | URL vï¿½lida y dominio permitido.
2026-02-13 14:59:03,377 | INFO | extractor_logger | Proveedor detectado: Amazon
2026-02-13 15:46:47,215 | INFO | extractor_logger | URL vï¿½lida y dominio permitido.
2026-02-13 15:46:47,216 | INFO | extractor_logger | Proveedor detectado: Amazon
2026-02-13 15:46:47,217 | INFO | extractor_logger | Iniciando extracciï¿½n simulada Amazon.
2026-02-13 15:46:47,217 | INFO | extractor_logger | Extracciï¿½n simulada completada.
2026-02-13 15:46:47,222 | INFO | extractor_logger | Validacion exitosa del contrato.
2026-02-13 15:46:47,226 | INFO | extractor_logger | Proceso completo finalizado.
2026-02-16 11:33:51,398 | INFO | extractor_logger | URL válida y dominio permitido.
2026-02-16 11:33:51,654 | INFO | extractor_logger | Proveedor detectado: Amazon
2026-02-16 11:33:51,660 | INFO | extractor_logger | Iniciando extracción simulada Amazon.
2026-02-16 11:33:51,660 | INFO | extractor_logger | Extracción simulada completada.
2026-02-16 11:33:51,668 | INFO | extractor_logger | Iniciando normalización de datos.
2026-02-16 11:33:51,676 | INFO | extractor_logger | Normalización completada correctamente.
2026-02-16 11:33:51,746 | INFO | extractor_logger | Validacion exitosa del contrato.
2026-02-16 11:33:51,796 | INFO | extractor_logger | Proceso completo finalizado.
2026-02-16 13:56:45,765 | INFO | extractor_logger | URL válida y dominio permitido.
2026-02-16 13:56:45,768 | INFO | extractor_logger | Proveedor detectado: Amazon
2026-02-16 13:56:45,769 | INFO | extractor_logger | Iniciando extracción real Amazon con Playwright.
2026-02-16 13:57:33,547 | ERROR | extractor_logger | Error durante extracción Amazon.
2026-02-16 13:57:33,548 | ERROR | extractor_logger | Locator.text_content: Timeout 30000ms exceeded.
Call log:
  - waiting for locator("#productTitle")

2026-02-16 13:57:33,548 | INFO | extractor_logger | Iniciando normalizacion de datos.
2026-02-16 13:57:33,549 | INFO | extractor_logger | Normalización completada correctamente.
2026-02-16 13:57:33,557 | INFO | extractor_logger | Validacion exitosa del contrato.
2026-02-16 13:57:33,561 | INFO | extractor_logger | Proceso completo finalizado.
2026-02-16 14:13:42,314 | INFO | extractor_logger | URL válida y dominio permitido.
2026-02-16 14:13:42,317 | INFO | extractor_logger | Proveedor detectado: Amazon
2026-02-16 14:13:42,317 | INFO | extractor_logger | Iniciando extracción real Amazon con Playwright.
2026-02-16 14:13:58,389 | ERROR | extractor_logger | Error durante extracción Amazon.
2026-02-16 14:13:58,389 | ERROR | extractor_logger | Locator.text_content: Error: strict mode violation: locator("#productTitle") resolved to 2 elements:
    1) <span id="productTitle" class="a-size-large product-title-word-break">        Lester Summit Series II Battery Charger -…</span> aka get_by_role("heading", name="Lester Summit Series II").locator("#productTitle")
    2) <input type="hidden" id="productTitle" name="productTitle" value="Lester Summit Series II Battery Charger - 1050W 24/36/48V with Gray SB50 Plug with 8.5 Ft. DC Cord"/> aka locator("input[name=\"productTitle\"]")

Call log:
  - waiting for locator("#productTitle")

2026-02-16 14:13:58,390 | INFO | extractor_logger | Iniciando normalizacion de datos.
2026-02-16 14:13:58,391 | INFO | extractor_logger | Normalización completada correctamente.
2026-02-16 14:13:58,464 | INFO | extractor_logger | Validacion exitosa del contrato.
2026-02-16 14:13:58,474 | INFO | extractor_logger | Proceso completo finalizado.
2026-02-16 14:24:08,459 | INFO | extractor_logger | URL válida y dominio permitido.
2026-02-16 14:24:08,462 | INFO | extractor_logger | Proveedor detectado: Amazon
2026-02-16 14:24:08,462 | INFO | extractor_logger | Iniciando extracción real Amazon con Playwright.
2026-02-16 14:24:15,447 | INFO | extractor_logger | Extracción real completada correctamente.
2026-02-16 14:24:15,447 | INFO | extractor_logger | Iniciando normalizacion de datos.
2026-02-16 14:24:15,447 | INFO | extractor_logger | Normalización completada correctamente.
2026-02-16 14:24:15,455 | INFO | extractor_logger | Validacion exitosa del contrato.
2026-02-16 14:24:15,459 | INFO | extractor_logger | Proceso completo finalizado.
2026-02-16 14:46:46,676 | INFO | extractor_logger | URL válida y dominio permitido.
2026-02-16 14:46:46,678 | INFO | extractor_logger | Proveedor detectado: Amazon
2026-02-16 14:46:46,678 | INFO | extractor_logger | Iniciando extracción real Amazon con Playwright.
2026-02-16 14:47:01,226 | INFO | extractor_logger | Extracción real completada correctamente.
2026-02-16 14:47:01,226 | INFO | extractor_logger | Iniciando normalizacion de datos.
2026-02-16 14:47:01,226 | INFO | extractor_logger | Normalización completada correctamente.
2026-02-16 14:47:01,235 | INFO | extractor_logger | Validacion exitosa del contrato.
2026-02-16 14:47:01,238 | INFO | extractor_logger | Proceso completo finalizado.
2026-02-16 15:26:33,847 | INFO | extractor_logger | URL válida y dominio permitido.
2026-02-16 15:26:33,850 | INFO | extractor_logger | Proveedor detectado: Amazon
2026-02-16 15:26:33,850 | INFO | extractor_logger | Iniciando extracción real Amazon con Playwright.
2026-02-16 15:26:47,457 | INFO | extractor_logger | Extracción real completada correctamente.
2026-02-16 15:26:47,457 | INFO | extractor_logger | Iniciando normalizacion de datos.
2026-02-16 15:26:47,457 | INFO | extractor_logger | Normalización completada correctamente.
2026-02-16 15:26:47,466 | INFO | extractor_logger | Validacion exitosa del contrato.
2026-02-16 15:26:47,470 | INFO | extractor_logger | Proceso completo finalizado.
2026-02-16 15:29:57,528 | INFO | extractor_logger | URL válida y dominio permitido.
2026-02-16 15:29:57,530 | INFO | extractor_logger | Proveedor detectado: Amazon
2026-02-16 15:29:57,530 | INFO | extractor_logger | Iniciando extracción real Amazon con Playwright.
2026-02-16 15:30:04,202 | INFO | extractor_logger | Extracción real completada correctamente.
2026-02-16 15:30:04,203 | INFO | extractor_logger | Iniciando normalizacion de datos.
2026-02-16 15:30:04,203 | INFO | extractor_logger | Normalización completada correctamente.
2026-02-16 15:30:04,212 | INFO | extractor_logger | Validacion exitosa del contrato.
2026-02-16 15:30:04,215 | INFO | extractor_logger | Proceso completo finalizado.
2026-02-16 15:46:13,911 | INFO | extractor_logger | URL válida y dominio permitido.
2026-02-16 15:46:13,913 | INFO | extractor_logger | Proveedor detectado: Amazon
2026-02-16 15:46:13,914 | INFO | extractor_logger | Iniciando extracción real Amazon con Playwright.
2026-02-16 15:46:30,823 | INFO | extractor_logger | Extracción real completada correctamente.
2026-02-16 15:46:30,823 | INFO | extractor_logger | Iniciando normalizacion de datos.
2026-02-16 15:46:30,824 | INFO | extractor_logger | Normalización completada correctamente.
2026-02-16 15:46:30,832 | INFO | extractor_logger | Validacion exitosa del contrato.
2026-02-16 15:46:30,835 | INFO | extractor_logger | Proceso completo finalizado.
2026-02-16 16:09:16,944 | INFO | extractor_logger | URL válida y dominio permitido.
2026-02-16 16:09:16,946 | INFO | extractor_logger | Proveedor detectado: Amazon
2026-02-16 16:09:16,947 | INFO | extractor_logger | Iniciando extracción real Amazon con Playwright.
2026-02-16 16:09:33,527 | INFO | extractor_logger | Cantidad de candidatos de precio encontrados: 38
2026-02-16 16:09:33,578 | INFO | extractor_logger | [DEBUG PRECIO] Candidato 0: US$63.99
2026-02-16 16:09:33,578 | INFO | extractor_logger | [DEBUG PRECIO] Precio seleccionado: US$63.99
2026-02-16 16:09:33,902 | INFO | extractor_logger | Extracción real completada correctamente.
2026-02-16 16:09:33,903 | INFO | extractor_logger | Iniciando normalizacion de datos.
2026-02-16 16:09:33,903 | INFO | extractor_logger | Normalización completada correctamente.
2026-02-16 16:09:33,914 | INFO | extractor_logger | Validacion exitosa del contrato.
2026-02-16 16:09:33,918 | INFO | extractor_logger | Proceso completo finalizado.
2026-02-16 16:10:42,632 | INFO | extractor_logger | URL válida y dominio permitido.
2026-02-16 16:10:42,633 | INFO | extractor_logger | Proveedor detectado: Amazon
2026-02-16 16:10:42,633 | INFO | extractor_logger | Iniciando extracción real Amazon con Playwright.
2026-02-16 16:10:53,438 | INFO | extractor_logger | Cantidad de candidatos de precio encontrados: 38
2026-02-16 16:10:53,471 | INFO | extractor_logger | [DEBUG PRECIO] Candidato 0: US$63.99
2026-02-16 16:10:53,472 | INFO | extractor_logger | [DEBUG PRECIO] Precio seleccionado: US$63.99
2026-02-16 16:10:53,766 | INFO | extractor_logger | Extracción real completada correctamente.
2026-02-16 16:10:53,766 | INFO | extractor_logger | Iniciando normalizacion de datos.
2026-02-16 16:10:53,766 | INFO | extractor_logger | Normalización completada correctamente.
2026-02-16 16:10:53,774 | INFO | extractor_logger | Validacion exitosa del contrato.
2026-02-16 16:10:53,778 | INFO | extractor_logger | Proceso completo finalizado.
2026-02-16 16:47:34,839 | INFO | extractor_logger | URL válida y dominio permitido.
2026-02-16 16:47:34,844 | INFO | extractor_logger | Proveedor detectado: Amazon
2026-02-16 16:47:34,844 | INFO | extractor_logger | Iniciando extracción real Amazon con Playwright.
2026-02-16 16:47:48,480 | INFO | extractor_logger | Cantidad de candidatos de precio encontrados: 15
2026-02-16 16:47:48,680 | INFO | extractor_logger | [DEBUG PRECIO] Candidato 0: US$63.99
2026-02-16 16:47:48,681 | INFO | extractor_logger | [DEBUG PRECIO] Precio seleccionado: US$63.99
2026-02-16 16:47:49,001 | INFO | extractor_logger | Extracción real completada correctamente.
2026-02-16 16:47:49,002 | INFO | extractor_logger | Iniciando normalizacion de datos.
2026-02-16 16:47:49,002 | INFO | extractor_logger | Normalización completada correctamente.
2026-02-16 16:47:49,011 | INFO | extractor_logger | Validacion exitosa del contrato.
2026-02-16 16:47:49,015 | INFO | extractor_logger | Proceso completo finalizado.
2026-02-17 09:09:35,426 | INFO | extractor_logger | URL válida y dominio permitido.
2026-02-17 09:09:35,429 | INFO | extractor_logger | Proveedor detectado: Amazon
2026-02-17 09:09:35,429 | INFO | extractor_logger | Iniciando extracción real Amazon con Playwright.
2026-02-17 09:10:03,375 | INFO | extractor_logger | Cantidad de candidatos de precio encontrados: 38
2026-02-17 09:10:03,443 | INFO | extractor_logger | [DEBUG PRECIO] Candidato 0: US$63.99
2026-02-17 09:10:03,447 | INFO | extractor_logger | [DEBUG PRECIO] Precio seleccionado: US$63.99
2026-02-17 09:10:03,775 | INFO | extractor_logger | Extracción real completada correctamente.
2026-02-17 09:10:03,775 | INFO | extractor_logger | Iniciando normalizacion de datos.
2026-02-17 09:10:03,776 | INFO | extractor_logger | Normalización completada correctamente.
2026-02-17 09:10:03,785 | INFO | extractor_logger | Validacion exitosa del contrato.
2026-02-17 09:10:03,789 | INFO | extractor_logger | Proceso completo finalizado.
2026-02-17 16:29:13,532 | INFO | extractor_logger | URL válida y dominio permitido.
2026-02-17 16:29:13,536 | INFO | extractor_logger | Proveedor detectado: Amazon
2026-02-17 16:29:13,537 | INFO | extractor_logger | Iniciando extracción real Amazon con Playwright.
2026-02-17 16:29:34,307 | INFO | extractor_logger | Cantidad de candidatos de precio encontrados: 27
2026-02-17 16:29:34,337 | INFO | extractor_logger | [DEBUG PRECIO] Candidato 0: US$434.99
2026-02-17 16:29:34,338 | INFO | extractor_logger | [DEBUG PRECIO] Precio seleccionado: US$434.99
2026-02-17 16:29:34,726 | INFO | extractor_logger | Extracción real completada correctamente.
2026-02-17 16:29:34,727 | INFO | extractor_logger | Iniciando normalizacion de datos.
2026-02-17 16:29:34,728 | INFO | extractor_logger | Normalización completada correctamente.
2026-02-17 16:29:34,738 | INFO | extractor_logger | Validacion exitosa del contrato.
2026-02-17 16:29:34,741 | INFO | extractor_logger | Proceso completo finalizado.
2026-02-18 09:38:11,639 | INFO | extractor_logger | URL válida y dominio permitido.
2026-02-18 09:38:11,642 | INFO | extractor_logger | Proveedor detectado: Amazon
2026-02-18 09:38:11,642 | INFO | extractor_logger | Iniciando extracción real Amazon con Playwright.
2026-02-18 09:38:40,338 | INFO | extractor_logger | Cantidad de candidatos de precio encontrados: 27
2026-02-18 09:38:40,375 | INFO | extractor_logger | [DEBUG PRECIO] Candidato 0: US$434.99
2026-02-18 09:38:40,377 | INFO | extractor_logger | [DEBUG PRECIO] Precio seleccionado: US$434.99
2026-02-18 09:38:40,454 | INFO | extractor_logger | [DEBUG TECNICO] Material: 1
2026-02-18 09:38:40,781 | INFO | extractor_logger | [DEBUG TECNICO] Nombre del modelo: Sincronización 60
2026-02-18 09:38:40,866 | INFO | extractor_logger | [DEBUG TECNICO] Tipo de altavoz: Multimedia
2026-02-18 09:38:41,065 | INFO | extractor_logger | [DEBUG TECNICO] Características especiales: Kabellos
2026-02-18 09:38:41,125 | INFO | extractor_logger | [DEBUG TECNICO] Usos Recomendados Para Producto: Para la computadora, Para smartphones o tabletas, Para teléfonos inteligentes o tabletas
2026-02-18 09:38:41,191 | INFO | extractor_logger | [DEBUG TECNICO] Dispositivos compatibles: Altavoces
2026-02-18 09:38:41,221 | INFO | extractor_logger | [DEBUG TECNICO] Configuración del canal de sonido envolvente: 2.0
2026-02-18 09:38:41,238 | INFO | extractor_logger | [DEBUG TECNICO] Color: Verde
2026-02-18 09:38:41,429 | INFO | extractor_logger | [DEBUG TECNICO] Componentes incluidos: Poly Altavoz Sync 60, fuente de alimentación principal con adaptadores de pin globales, cable USB con conectores USB-A y USB-C
2026-02-18 09:38:41,502 | INFO | extractor_logger | [DEBUG TECNICO] Dimensiones del producto: 1,5"prof. x 15,5"an. x 4,8"al. pulgadas
2026-02-18 09:38:41,524 | INFO | extractor_logger | [DEBUG TECNICO] Peso del artículo: 1000 Gramos
2026-02-18 09:38:41,549 | INFO | extractor_logger | [DEBUG TECNICO] Es impermeable: Falso
2026-02-18 09:38:41,580 | INFO | extractor_logger | [DEBUG TECNICO] Tipo de garantía: Completo
2026-02-18 09:38:41,600 | INFO | extractor_logger | [DEBUG TECNICO] Número de artículos: 1
2026-02-18 09:38:41,629 | INFO | extractor_logger | [DEBUG TECNICO] Método de control: Botón pulsador
2026-02-18 09:38:41,653 | INFO | extractor_logger | [DEBUG TECNICO] Tecnología de comunicación inalámbrica: Bluetooth
2026-02-18 09:38:41,683 | INFO | extractor_logger | [DEBUG TECNICO] Tamaño del altavoz: 6,5 Pulgadas
2026-02-18 09:38:41,710 | INFO | extractor_logger | [DEBUG TECNICO] Fuente de alimentación: Funciona con pilas, eléctrico con cable
2026-02-18 09:38:41,735 | INFO | extractor_logger | [DEBUG TECNICO] Diámetro del woofer: 2,54 Centímetros
2026-02-18 09:38:41,754 | INFO | extractor_logger | [DEBUG TECNICO] Diámetro del tweeter: 1 Centímetros
2026-02-18 09:38:41,782 | INFO | extractor_logger | [DEBUG TECNICO] Nivel de resistencia al agua: Resistente al agua
2026-02-18 09:38:41,803 | INFO | extractor_logger | [DEBUG TECNICO] Tipo de paquete: Caja estándar" o "caja al por menor
2026-02-18 09:38:41,822 | INFO | extractor_logger | [DEBUG TECNICO] Cantidad de baterías: 2 Iones de litio (Tipo de pila necesaria)
2026-02-18 09:38:41,855 | INFO | extractor_logger | [DEBUG TECNICO] Tipo de controlador de audio: Controlador dinámico
2026-02-18 09:38:41,878 | INFO | extractor_logger | [DEBUG TECNICO] Rango de Bluetooth: 3 Metros
2026-02-18 09:38:41,902 | INFO | extractor_logger | [DEBUG TECNICO] Tecnología de conectividad del subwoofer: con cable
2026-02-18 09:38:41,923 | INFO | extractor_logger | [DEBUG TECNICO] Número de niveles de potencia: 1
2026-02-18 09:38:41,941 | INFO | extractor_logger | [DEBUG TECNICO] Número de serie: 216873
2026-02-18 09:38:41,957 | INFO | extractor_logger | [DEBUG TECNICO] Usos específicos del producto: trabajo de oficina, trabajo remoto, llamadas de conferencia, entretenimiento personal y carga de dispositivos móviles
2026-02-18 09:38:42,020 | INFO | extractor_logger | [DEBUG TECNICO] UPC: 017229172517 197029590572
2026-02-18 09:38:42,052 | INFO | extractor_logger | [DEBUG TECNICO] Estilo: Certificado por Microsoft
2026-02-18 09:38:42,074 | INFO | extractor_logger | [DEBUG TECNICO] Uso en interiores y exteriores: Interior
2026-02-18 09:38:42,102 | INFO | extractor_logger | [DEBUG TECNICO] Fabricante: Poly
2026-02-18 09:38:42,129 | INFO | extractor_logger | [DEBUG TECNICO] Forma: Prisma rectangular
2026-02-18 09:38:42,149 | INFO | extractor_logger | [DEBUG TECNICO] Idioma: Inglés
2026-02-18 09:38:42,180 | INFO | extractor_logger | [DEBUG TECNICO] ASIN: B0974YKL7C
2026-02-18 09:38:42,221 | INFO | extractor_logger | [DEBUG TECNICO] Número de modelo del producto: 216873-01
2026-02-18 09:38:42,240 | INFO | extractor_logger | [DEBUG TECNICO] Pilas: 2 Iones de litio (Tipo de pila necesaria)
2026-02-18 09:38:42,267 | INFO | extractor_logger | [DEBUG TECNICO] Opinión media de los clientes: 4.4               4.4 de 5 estrellas         

                         (10)      
                    
                    var dpAcrHasRegisteredArcLinkClickAction;
                    P.when('A', 'ready').execute(function(A) {
                        if (dpAcrHasRegisteredArcLinkClickAction !== true) {
                            dpAcrHasRegisteredArcLinkClickAction = true;
                            A.declarative(
                                'acrLink-click-metrics', 'click',
                                { "allowLinkDefault": true },
                                function (event) {
                                    if (window.ue) {
                                        ue.count("acrLinkClickCount", (ue.count("acrLinkClickCount") || 0) + 1);
                                    }
                                }
                            );
                        }
                    });
                
                 
            P.when('A', 'cf').execute(function(A) {
                A.declarative('acrStarsLink-click-metrics', 'click', { "allowLinkDefault" : true },  function(event){
                    if(window.ue) {
                        ue.count("acrStarsLinkWithPopoverClickCount", (ue.count("acrStarsLinkWithPopoverClickCount") || 0) + 1);
                    }
                });
            });
        

           
       4.4 de 5 estrellas
2026-02-18 09:38:42,298 | INFO | extractor_logger | [DEBUG TECNICO] Clasificación en los más vendidos de Amazon: nº246,268 en Productos de Oficina (Ver el Top 100 en Productos de Oficina)  nº133 en Productos para Audioconferencias
2026-02-18 09:38:42,318 | INFO | extractor_logger | [DEBUG TECNICO] Producto en amazon.com desde: junio 12, 2021
2026-02-18 09:38:42,593 | INFO | extractor_logger | Extracción real completada correctamente.
2026-02-18 09:38:42,593 | INFO | extractor_logger | Iniciando normalizacion de datos.
2026-02-18 09:38:42,594 | INFO | extractor_logger | Normalización completada correctamente.
2026-02-18 09:38:42,604 | INFO | extractor_logger | Validacion exitosa del contrato.
2026-02-18 09:38:42,613 | INFO | extractor_logger | Proceso completo finalizado.
2026-02-18 10:44:26,495 | INFO | extractor_logger | URL válida y dominio permitido.
2026-02-18 10:44:26,498 | INFO | extractor_logger | Proveedor detectado: Amazon
2026-02-18 10:44:26,498 | INFO | extractor_logger | Iniciando extracción real Amazon con Playwright.
2026-02-18 10:44:41,951 | INFO | extractor_logger | Cantidad de candidatos de precio encontrados: 27
2026-02-18 10:44:41,995 | INFO | extractor_logger | [DEBUG PRECIO] Candidato 0: US$434.99
2026-02-18 10:44:41,996 | INFO | extractor_logger | [DEBUG PRECIO] Precio seleccionado: US$434.99
2026-02-18 10:44:42,108 | INFO | extractor_logger | [DEBUG TECNICO] Material: 1
2026-02-18 10:44:42,151 | INFO | extractor_logger | [DEBUG TECNICO] Nombre del modelo: Sincronización 60
2026-02-18 10:44:42,203 | INFO | extractor_logger | [DEBUG TECNICO] Tipo de altavoz: Multimedia
2026-02-18 10:44:42,230 | INFO | extractor_logger | [DEBUG TECNICO] Características especiales: Kabellos
2026-02-18 10:44:42,257 | INFO | extractor_logger | [DEBUG TECNICO] Usos Recomendados Para Producto: Para la computadora, Para smartphones o tabletas, Para teléfonos inteligentes o tabletas
2026-02-18 10:44:42,276 | INFO | extractor_logger | [DEBUG TECNICO] Dispositivos compatibles: Altavoces
2026-02-18 10:44:42,303 | INFO | extractor_logger | [DEBUG TECNICO] Configuración del canal de sonido envolvente: 2.0
2026-02-18 10:44:42,377 | INFO | extractor_logger | [DEBUG TECNICO] Color: Verde
2026-02-18 10:44:42,402 | INFO | extractor_logger | [DEBUG TECNICO] Componentes incluidos: Poly Altavoz Sync 60, fuente de alimentación principal con adaptadores de pin globales, cable USB con conectores USB-A y USB-C
2026-02-18 10:44:42,431 | INFO | extractor_logger | [DEBUG TECNICO] Dimensiones del producto: 1,5"prof. x 15,5"an. x 4,8"al. pulgadas
2026-02-18 10:44:42,499 | INFO | extractor_logger | [DEBUG TECNICO] Peso del artículo: 1000 Gramos
2026-02-18 10:44:42,524 | INFO | extractor_logger | [DEBUG TECNICO] Es impermeable: Falso
2026-02-18 10:44:42,537 | INFO | extractor_logger | [DEBUG TECNICO] Tipo de garantía: Completo
2026-02-18 10:44:42,567 | INFO | extractor_logger | [DEBUG TECNICO] Número de artículos: 1
2026-02-18 10:44:42,590 | INFO | extractor_logger | [DEBUG TECNICO] Método de control: Botón pulsador
2026-02-18 10:44:42,611 | INFO | extractor_logger | [DEBUG TECNICO] Tecnología de comunicación inalámbrica: Bluetooth
2026-02-18 10:44:42,639 | INFO | extractor_logger | [DEBUG TECNICO] Tamaño del altavoz: 6,5 Pulgadas
2026-02-18 10:44:42,660 | INFO | extractor_logger | [DEBUG TECNICO] Fuente de alimentación: Funciona con pilas, eléctrico con cable
2026-02-18 10:44:42,693 | INFO | extractor_logger | [DEBUG TECNICO] Diámetro del woofer: 2,54 Centímetros
2026-02-18 10:44:42,721 | INFO | extractor_logger | [DEBUG TECNICO] Diámetro del tweeter: 1 Centímetros
2026-02-18 10:44:42,811 | INFO | extractor_logger | [DEBUG TECNICO] Nivel de resistencia al agua: Resistente al agua
2026-02-18 10:44:42,862 | INFO | extractor_logger | [DEBUG TECNICO] Tipo de paquete: Caja estándar" o "caja al por menor
2026-02-18 10:44:42,881 | INFO | extractor_logger | [DEBUG TECNICO] Cantidad de baterías: 2 Iones de litio (Tipo de pila necesaria)
2026-02-18 10:44:42,903 | INFO | extractor_logger | [DEBUG TECNICO] Tipo de controlador de audio: Controlador dinámico
2026-02-18 10:44:42,922 | INFO | extractor_logger | [DEBUG TECNICO] Rango de Bluetooth: 3 Metros
2026-02-18 10:44:42,941 | INFO | extractor_logger | [DEBUG TECNICO] Tecnología de conectividad del subwoofer: con cable
2026-02-18 10:44:42,965 | INFO | extractor_logger | [DEBUG TECNICO] Número de niveles de potencia: 1
2026-02-18 10:44:43,000 | INFO | extractor_logger | [DEBUG TECNICO] Número de serie: 216873
2026-02-18 10:44:43,030 | INFO | extractor_logger | [DEBUG TECNICO] Usos específicos del producto: trabajo de oficina, trabajo remoto, llamadas de conferencia, entretenimiento personal y carga de dispositivos móviles
2026-02-18 10:44:43,055 | INFO | extractor_logger | [DEBUG TECNICO] UPC: 017229172517 197029590572
2026-02-18 10:44:43,079 | INFO | extractor_logger | [DEBUG TECNICO] Estilo: Certificado por Microsoft
2026-02-18 10:44:43,098 | INFO | extractor_logger | [DEBUG TECNICO] Uso en interiores y exteriores: Interior
2026-02-18 10:44:43,127 | INFO | extractor_logger | [DEBUG TECNICO] Fabricante: Poly
2026-02-18 10:44:43,189 | INFO | extractor_logger | [DEBUG TECNICO] Forma: Prisma rectangular
2026-02-18 10:44:43,256 | INFO | extractor_logger | [DEBUG TECNICO] Idioma: Inglés
2026-02-18 10:44:43,289 | INFO | extractor_logger | [DEBUG TECNICO] ASIN: B0974YKL7C
2026-02-18 10:44:43,321 | INFO | extractor_logger | [DEBUG TECNICO] Número de modelo del producto: 216873-01
2026-02-18 10:44:43,346 | INFO | extractor_logger | [DEBUG TECNICO] Pilas: 2 Iones de litio (Tipo de pila necesaria)
2026-02-18 10:44:43,368 | INFO | extractor_logger | [DEBUG TECNICO] Opinión media de los clientes: 4.4               4.4 de 5 estrellas         

                         (10)      
                    
                    var dpAcrHasRegisteredArcLinkClickAction;
                    P.when('A', 'ready').execute(function(A) {
                        if (dpAcrHasRegisteredArcLinkClickAction !== true) {
                            dpAcrHasRegisteredArcLinkClickAction = true;
                            A.declarative(
                                'acrLink-click-metrics', 'click',
                                { "allowLinkDefault": true },
                                function (event) {
                                    if (window.ue) {
                                        ue.count("acrLinkClickCount", (ue.count("acrLinkClickCount") || 0) + 1);
                                    }
                                }
                            );
                        }
                    });
                
                 
            P.when('A', 'cf').execute(function(A) {
                A.declarative('acrStarsLink-click-metrics', 'click', { "allowLinkDefault" : true },  function(event){
                    if(window.ue) {
                        ue.count("acrStarsLinkWithPopoverClickCount", (ue.count("acrStarsLinkWithPopoverClickCount") || 0) + 1);
                    }
                });
            });
        

           
       4.4 de 5 estrellas
2026-02-18 10:44:43,394 | INFO | extractor_logger | [DEBUG TECNICO] Clasificación en los más vendidos de Amazon: nº246,260 en Productos de Oficina (Ver el Top 100 en Productos de Oficina)  nº133 en Productos para Audioconferencias
2026-02-18 10:44:43,417 | INFO | extractor_logger | [DEBUG TECNICO] Producto en amazon.com desde: junio 12, 2021
2026-02-18 10:44:43,687 | INFO | extractor_logger | Extracción real completada correctamente.
2026-02-18 10:44:43,688 | INFO | extractor_logger | Iniciando normalizacion de datos.
2026-02-18 10:44:43,688 | INFO | extractor_logger | Referencia encontrada (modelo): 216873-01
2026-02-18 10:44:43,689 | INFO | extractor_logger | Normalización completada correctamente.
2026-02-18 10:44:43,697 | INFO | extractor_logger | Validacion exitosa del contrato.
2026-02-18 10:44:43,701 | INFO | extractor_logger | Proceso completo finalizado.
2026-02-18 10:47:50,842 | INFO | extractor_logger | URL válida y dominio permitido.
2026-02-18 10:47:50,843 | INFO | extractor_logger | Proveedor detectado: Amazon
2026-02-18 10:47:50,843 | INFO | extractor_logger | Iniciando extracción real Amazon con Playwright.
2026-02-18 10:47:56,911 | INFO | extractor_logger | Cantidad de candidatos de precio encontrados: 27
2026-02-18 10:47:56,944 | INFO | extractor_logger | [DEBUG PRECIO] Candidato 0: US$434.99
2026-02-18 10:47:56,947 | INFO | extractor_logger | [DEBUG PRECIO] Precio seleccionado: US$434.99
2026-02-18 10:47:57,063 | INFO | extractor_logger | [DEBUG TECNICO] Material: 1
2026-02-18 10:47:57,092 | INFO | extractor_logger | [DEBUG TECNICO] Nombre del modelo: Sincronización 60
2026-02-18 10:47:57,125 | INFO | extractor_logger | [DEBUG TECNICO] Tipo de altavoz: Multimedia
2026-02-18 10:47:57,151 | INFO | extractor_logger | [DEBUG TECNICO] Características especiales: Kabellos
2026-02-18 10:47:57,177 | INFO | extractor_logger | [DEBUG TECNICO] Usos Recomendados Para Producto: Para la computadora, Para smartphones o tabletas, Para teléfonos inteligentes o tabletas
2026-02-18 10:47:57,209 | INFO | extractor_logger | [DEBUG TECNICO] Dispositivos compatibles: Altavoces
2026-02-18 10:47:57,245 | INFO | extractor_logger | [DEBUG TECNICO] Configuración del canal de sonido envolvente: 2.0
2026-02-18 10:47:57,269 | INFO | extractor_logger | [DEBUG TECNICO] Color: Verde
2026-02-18 10:47:57,314 | INFO | extractor_logger | [DEBUG TECNICO] Componentes incluidos: Poly Altavoz Sync 60, fuente de alimentación principal con adaptadores de pin globales, cable USB con conectores USB-A y USB-C
2026-02-18 10:47:57,381 | INFO | extractor_logger | [DEBUG TECNICO] Dimensiones del producto: 1,5"prof. x 15,5"an. x 4,8"al. pulgadas
2026-02-18 10:47:57,408 | INFO | extractor_logger | [DEBUG TECNICO] Peso del artículo: 1000 Gramos
2026-02-18 10:47:57,425 | INFO | extractor_logger | [DEBUG TECNICO] Es impermeable: Falso
2026-02-18 10:47:57,487 | INFO | extractor_logger | [DEBUG TECNICO] Tipo de garantía: Completo
2026-02-18 10:47:57,529 | INFO | extractor_logger | [DEBUG TECNICO] Número de artículos: 1
2026-02-18 10:47:57,578 | INFO | extractor_logger | [DEBUG TECNICO] Método de control: Botón pulsador
2026-02-18 10:47:57,604 | INFO | extractor_logger | [DEBUG TECNICO] Tecnología de comunicación inalámbrica: Bluetooth
2026-02-18 10:47:57,636 | INFO | extractor_logger | [DEBUG TECNICO] Tamaño del altavoz: 6,5 Pulgadas
2026-02-18 10:47:57,666 | INFO | extractor_logger | [DEBUG TECNICO] Fuente de alimentación: Funciona con pilas, eléctrico con cable
2026-02-18 10:47:57,702 | INFO | extractor_logger | [DEBUG TECNICO] Diámetro del woofer: 2,54 Centímetros
2026-02-18 10:47:57,754 | INFO | extractor_logger | [DEBUG TECNICO] Diámetro del tweeter: 1 Centímetros
2026-02-18 10:47:57,856 | INFO | extractor_logger | [DEBUG TECNICO] Nivel de resistencia al agua: Resistente al agua
2026-02-18 10:47:57,956 | INFO | extractor_logger | [DEBUG TECNICO] Tipo de paquete: Caja estándar" o "caja al por menor
2026-02-18 10:47:58,476 | INFO | extractor_logger | [DEBUG TECNICO] Cantidad de baterías: 2 Iones de litio (Tipo de pila necesaria)
2026-02-18 10:47:58,527 | INFO | extractor_logger | [DEBUG TECNICO] Tipo de controlador de audio: Controlador dinámico
2026-02-18 10:47:58,578 | INFO | extractor_logger | [DEBUG TECNICO] Rango de Bluetooth: 3 Metros
2026-02-18 10:47:58,604 | INFO | extractor_logger | [DEBUG TECNICO] Tecnología de conectividad del subwoofer: con cable
2026-02-18 10:47:58,630 | INFO | extractor_logger | [DEBUG TECNICO] Número de niveles de potencia: 1
2026-02-18 10:47:58,664 | INFO | extractor_logger | [DEBUG TECNICO] Número de serie: 216873
2026-02-18 10:47:58,694 | INFO | extractor_logger | [DEBUG TECNICO] Usos específicos del producto: trabajo de oficina, trabajo remoto, llamadas de conferencia, entretenimiento personal y carga de dispositivos móviles
2026-02-18 10:47:58,711 | INFO | extractor_logger | [DEBUG TECNICO] UPC: 017229172517 197029590572
2026-02-18 10:47:58,730 | INFO | extractor_logger | [DEBUG TECNICO] Estilo: Certificado por Microsoft
2026-02-18 10:47:58,756 | INFO | extractor_logger | [DEBUG TECNICO] Uso en interiores y exteriores: Interior
2026-02-18 10:47:58,780 | INFO | extractor_logger | [DEBUG TECNICO] Fabricante: Poly
2026-02-18 10:47:58,803 | INFO | extractor_logger | [DEBUG TECNICO] Forma: Prisma rectangular
2026-02-18 10:47:58,825 | INFO | extractor_logger | [DEBUG TECNICO] Idioma: Inglés
2026-02-18 10:47:58,896 | INFO | extractor_logger | [DEBUG TECNICO] ASIN: B0974YKL7C
2026-02-18 10:47:58,916 | INFO | extractor_logger | [DEBUG TECNICO] Número de modelo del producto: 216873-01
2026-02-18 10:47:58,939 | INFO | extractor_logger | [DEBUG TECNICO] Pilas: 2 Iones de litio (Tipo de pila necesaria)
2026-02-18 10:47:58,966 | INFO | extractor_logger | [DEBUG TECNICO] Opinión media de los clientes: 4.4               4.4 de 5 estrellas         

                         (10)      
                    
                    var dpAcrHasRegisteredArcLinkClickAction;
                    P.when('A', 'ready').execute(function(A) {
                        if (dpAcrHasRegisteredArcLinkClickAction !== true) {
                            dpAcrHasRegisteredArcLinkClickAction = true;
                            A.declarative(
                                'acrLink-click-metrics', 'click',
                                { "allowLinkDefault": true },
                                function (event) {
                                    if (window.ue) {
                                        ue.count("acrLinkClickCount", (ue.count("acrLinkClickCount") || 0) + 1);
                                    }
                                }
                            );
                        }
                    });
                
                 
            P.when('A', 'cf').execute(function(A) {
                A.declarative('acrStarsLink-click-metrics', 'click', { "allowLinkDefault" : true },  function(event){
                    if(window.ue) {
                        ue.count("acrStarsLinkWithPopoverClickCount", (ue.count("acrStarsLinkWithPopoverClickCount") || 0) + 1);
                    }
                });
            });
        

           
       4.4 de 5 estrellas
2026-02-18 10:47:58,997 | INFO | extractor_logger | [DEBUG TECNICO] Clasificación en los más vendidos de Amazon: nº246,260 en Productos de Oficina (Ver el Top 100 en Productos de Oficina)  nº133 en Productos para Audioconferencias
2026-02-18 10:47:59,085 | INFO | extractor_logger | [DEBUG TECNICO] Producto en amazon.com desde: junio 12, 2021
2026-02-18 10:47:59,345 | INFO | extractor_logger | Extracción real completada correctamente.
2026-02-18 10:47:59,345 | INFO | extractor_logger | Iniciando normalizacion de datos.
2026-02-18 10:47:59,345 | INFO | extractor_logger | Referencia encontrada (modelo): 216873-01
2026-02-18 10:47:59,346 | INFO | extractor_logger | Normalización completada correctamente.
2026-02-18 10:47:59,357 | INFO | extractor_logger | Validacion exitosa del contrato.
2026-02-18 10:47:59,361 | INFO | extractor_logger | Proceso completo finalizado.
2026-02-18 12:01:41,784 | INFO | extractor_logger | URL válida y dominio permitido.
2026-02-18 12:01:41,786 | INFO | extractor_logger | Proveedor detectado: Amazon
2026-02-18 12:01:41,786 | INFO | extractor_logger | Iniciando extracción real Amazon con Playwright.
2026-02-18 12:01:51,613 | INFO | extractor_logger | Cantidad de candidatos de precio encontrados: 11
2026-02-18 12:01:52,125 | INFO | extractor_logger | [DEBUG PRECIO] Candidato 0: US$434.99
2026-02-18 12:01:52,165 | INFO | extractor_logger | [DEBUG PRECIO] Precio seleccionado: US$434.99
2026-02-18 12:01:52,493 | INFO | extractor_logger | [DEBUG BULLET] Escuche y sea escuchado: Mantenga el enfoque en las voces de conferencia, no en el ruido de fondo, con una matriz dirigible de seis micrófonos para reducción de eco y ruido y altavoces de alto rendimiento. Las conversaciones fluyen naturalmente, incluso con conversadores simultáneos superpuestos.
2026-02-18 12:01:52,594 | INFO | extractor_logger | [DEBUG BULLET] Práctica conferencia: no requiere carga, no hay baterías de las que preocuparse porque siempre funciona con alimentación de CA. La capacidad de la cadena de margaritas permite emparejar 2 unidades de forma inalámbrica para espacios más grandes.
2026-02-18 12:01:52,794 | INFO | extractor_logger | [DEBUG BULLET] Fácil conectividad: Conéctese a teléfonos inteligentes a través de Bluetooth. Conéctese a computadoras a través de un cable USB-A/USB-C combinado. Conecte una cámara de video USB para obtener audio y video con un solo cable.
2026-02-18 12:01:52,892 | INFO | extractor_logger | [DEBUG BULLET] Todo en uno: altavoz + cargador de teléfono inteligente + altavoz de música de alto rendimiento. Más personas pueden permanecer cargadas durante una reunión con dos puertos USB para cargar hasta dos teléfonos móviles a la vez.
2026-02-18 12:01:53,035 | INFO | extractor_logger | [DEBUG BULLET] Versión de Microsoft Teams: admite una colaboración y comunicación fáciles con un botón Teams dedicado para acceder instantáneamente a la aplicación Teams.
2026-02-18 12:01:53,583 | INFO | extractor_logger | [DEBUG TECNICO] Material: 1
2026-02-18 12:01:53,982 | INFO | extractor_logger | [DEBUG TECNICO] Nombre del modelo: Sincronización 60
2026-02-18 12:01:54,249 | INFO | extractor_logger | [DEBUG TECNICO] Tipo de altavoz: Multimedia
2026-02-18 12:01:54,348 | INFO | extractor_logger | [DEBUG TECNICO] Características especiales: Kabellos
2026-02-18 12:01:54,430 | INFO | extractor_logger | [DEBUG TECNICO] Usos Recomendados Para Producto: Para la computadora, Para smartphones o tabletas, Para teléfonos inteligentes o tabletas
2026-02-18 12:01:54,495 | INFO | extractor_logger | [DEBUG TECNICO] Dispositivos compatibles: Altavoces
2026-02-18 12:01:54,520 | INFO | extractor_logger | [DEBUG TECNICO] Configuración del canal de sonido envolvente: 2.0
2026-02-18 12:01:54,542 | INFO | extractor_logger | [DEBUG TECNICO] Color: Verde
2026-02-18 12:01:54,593 | INFO | extractor_logger | [DEBUG TECNICO] Componentes incluidos: Poly Altavoz Sync 60, fuente de alimentación principal con adaptadores de pin globales, cable USB con conectores USB-A y USB-C
2026-02-18 12:01:54,642 | INFO | extractor_logger | [DEBUG TECNICO] Dimensiones del producto: 1,5"prof. x 15,5"an. x 4,8"al. pulgadas
2026-02-18 12:01:54,660 | INFO | extractor_logger | [DEBUG TECNICO] Peso del artículo: 1000 Gramos
2026-02-18 12:01:54,683 | INFO | extractor_logger | [DEBUG TECNICO] Es impermeable: Falso
2026-02-18 12:01:54,708 | INFO | extractor_logger | [DEBUG TECNICO] Tipo de garantía: Completo
2026-02-18 12:01:54,730 | INFO | extractor_logger | [DEBUG TECNICO] Número de artículos: 1
2026-02-18 12:01:54,767 | INFO | extractor_logger | [DEBUG TECNICO] Método de control: Botón pulsador
2026-02-18 12:01:54,797 | INFO | extractor_logger | [DEBUG TECNICO] Tecnología de comunicación inalámbrica: Bluetooth
2026-02-18 12:01:54,828 | INFO | extractor_logger | [DEBUG TECNICO] Tamaño del altavoz: 6,5 Pulgadas
2026-02-18 12:01:54,845 | INFO | extractor_logger | [DEBUG TECNICO] Fuente de alimentación: Funciona con pilas, eléctrico con cable
2026-02-18 12:01:54,860 | INFO | extractor_logger | [DEBUG TECNICO] Diámetro del woofer: 2,54 Centímetros
2026-02-18 12:01:54,874 | INFO | extractor_logger | [DEBUG TECNICO] Diámetro del tweeter: 1 Centímetros
2026-02-18 12:01:54,896 | INFO | extractor_logger | [DEBUG TECNICO] Nivel de resistencia al agua: Resistente al agua
2026-02-18 12:01:54,917 | INFO | extractor_logger | [DEBUG TECNICO] Tipo de paquete: Caja estándar" o "caja al por menor
2026-02-18 12:01:54,933 | INFO | extractor_logger | [DEBUG TECNICO] Cantidad de baterías: 2 Iones de litio (Tipo de pila necesaria)
2026-02-18 12:01:54,951 | INFO | extractor_logger | [DEBUG TECNICO] Tipo de controlador de audio: Controlador dinámico
2026-02-18 12:01:54,974 | INFO | extractor_logger | [DEBUG TECNICO] Rango de Bluetooth: 3 Metros
2026-02-18 12:01:55,001 | INFO | extractor_logger | [DEBUG TECNICO] Tecnología de conectividad del subwoofer: con cable
2026-02-18 12:01:55,028 | INFO | extractor_logger | [DEBUG TECNICO] Número de niveles de potencia: 1
2026-02-18 12:01:55,049 | INFO | extractor_logger | [DEBUG TECNICO] Número de serie: 216873
2026-02-18 12:01:55,080 | INFO | extractor_logger | [DEBUG TECNICO] Usos específicos del producto: trabajo de oficina, trabajo remoto, llamadas de conferencia, entretenimiento personal y carga de dispositivos móviles
2026-02-18 12:01:55,187 | INFO | extractor_logger | [DEBUG TECNICO] UPC: 017229172517 197029590572
2026-02-18 12:01:55,286 | INFO | extractor_logger | [DEBUG TECNICO] Estilo: Certificado por Microsoft
2026-02-18 12:01:55,366 | INFO | extractor_logger | [DEBUG TECNICO] Uso en interiores y exteriores: Interior
2026-02-18 12:01:55,400 | INFO | extractor_logger | [DEBUG TECNICO] Fabricante: Poly
2026-02-18 12:01:55,440 | INFO | extractor_logger | [DEBUG TECNICO] Forma: Prisma rectangular
2026-02-18 12:01:55,467 | INFO | extractor_logger | [DEBUG TECNICO] Idioma: Inglés
2026-02-18 12:01:55,495 | INFO | extractor_logger | [DEBUG TECNICO] ASIN: B0974YKL7C
2026-02-18 12:01:55,529 | INFO | extractor_logger | [DEBUG TECNICO] Número de modelo del producto: 216873-01
2026-02-18 12:01:55,547 | INFO | extractor_logger | [DEBUG TECNICO] Pilas: 2 Iones de litio (Tipo de pila necesaria)
2026-02-18 12:01:55,566 | INFO | extractor_logger | [DEBUG TECNICO] Opinión media de los clientes: 4.4               4.4 de 5 estrellas         

                         (10)      
                    
                    var dpAcrHasRegisteredArcLinkClickAction;
                    P.when('A', 'ready').execute(function(A) {
                        if (dpAcrHasRegisteredArcLinkClickAction !== true) {
                            dpAcrHasRegisteredArcLinkClickAction = true;
                            A.declarative(
                                'acrLink-click-metrics', 'click',
                                { "allowLinkDefault": true },
                                function (event) {
                                    if (window.ue) {
                                        ue.count("acrLinkClickCount", (ue.count("acrLinkClickCount") || 0) + 1);
                                    }
                                }
                            );
                        }
                    });
                
                 
            P.when('A', 'cf').execute(function(A) {
                A.declarative('acrStarsLink-click-metrics', 'click', { "allowLinkDefault" : true },  function(event){
                    if(window.ue) {
                        ue.count("acrStarsLinkWithPopoverClickCount", (ue.count("acrStarsLinkWithPopoverClickCount") || 0) + 1);
                    }
                });
            });
        

           
       4.4 de 5 estrellas
2026-02-18 12:01:55,599 | INFO | extractor_logger | [DEBUG TECNICO] Clasificación en los más vendidos de Amazon: nº246,273 en Productos de Oficina (Ver el Top 100 en Productos de Oficina)  nº133 en Productos para Audioconferencias
2026-02-18 12:01:55,641 | INFO | extractor_logger | [DEBUG TECNICO] Producto en amazon.com desde: junio 12, 2021
2026-02-18 12:01:56,135 | INFO | extractor_logger | Extracción real completada correctamente.
2026-02-18 12:01:56,136 | INFO | extractor_logger | Iniciando normalizacion de datos.
2026-02-18 12:01:56,136 | INFO | extractor_logger | Referencia encontrada (modelo): 216873-01
2026-02-18 12:01:56,137 | INFO | extractor_logger | Normalización completada correctamente.
2026-02-18 12:01:56,151 | INFO | extractor_logger | Validacion exitosa del contrato.
2026-02-18 12:01:56,164 | INFO | extractor_logger | Proceso completo finalizado.
2026-02-18 13:51:18,292 | INFO | extractor_logger | URL válida y dominio permitido.
2026-02-18 13:51:18,294 | INFO | extractor_logger | Proveedor detectado: Amazon
2026-02-18 13:51:18,295 | INFO | extractor_logger | Iniciando extracción real Amazon con Playwright.
2026-02-18 13:51:41,860 | INFO | extractor_logger | Cantidad de candidatos de precio encontrados: 27
2026-02-18 13:51:41,885 | INFO | extractor_logger | [DEBUG PRECIO] Candidato 0: US$434.99
2026-02-18 13:51:41,885 | INFO | extractor_logger | [DEBUG PRECIO] Precio seleccionado: US$434.99
2026-02-18 13:51:41,942 | INFO | extractor_logger | [DEBUG BULLET] Escuche y sea escuchado: Mantenga el enfoque en las voces de conferencia, no en el ruido de fondo, con una matriz dirigible de seis micrófonos para reducción de eco y ruido y altavoces de alto rendimiento. Las conversaciones fluyen naturalmente, incluso con conversadores simultáneos superpuestos.
2026-02-18 13:51:41,963 | INFO | extractor_logger | [DEBUG BULLET] Práctica conferencia: no requiere carga, no hay baterías de las que preocuparse porque siempre funciona con alimentación de CA. La capacidad de la cadena de margaritas permite emparejar 2 unidades de forma inalámbrica para espacios más grandes.
2026-02-18 13:51:42,024 | INFO | extractor_logger | [DEBUG BULLET] Fácil conectividad: Conéctese a teléfonos inteligentes a través de Bluetooth. Conéctese a computadoras a través de un cable USB-A/USB-C combinado. Conecte una cámara de video USB para obtener audio y video con un solo cable.
2026-02-18 13:51:42,053 | INFO | extractor_logger | [DEBUG BULLET] Todo en uno: altavoz + cargador de teléfono inteligente + altavoz de música de alto rendimiento. Más personas pueden permanecer cargadas durante una reunión con dos puertos USB para cargar hasta dos teléfonos móviles a la vez.
2026-02-18 13:51:42,066 | INFO | extractor_logger | [DEBUG BULLET] Versión de Microsoft Teams: admite una colaboración y comunicación fáciles con un botón Teams dedicado para acceder instantáneamente a la aplicación Teams.
2026-02-18 13:51:42,138 | INFO | extractor_logger | [DEBUG TECNICO] Material: 1
2026-02-18 13:51:42,157 | INFO | extractor_logger | [DEBUG TECNICO] Nombre del modelo: Sincronización 60
2026-02-18 13:51:42,181 | INFO | extractor_logger | [DEBUG TECNICO] Tipo de altavoz: Multimedia
2026-02-18 13:51:42,207 | INFO | extractor_logger | [DEBUG TECNICO] Características especiales: Kabellos
2026-02-18 13:51:42,230 | INFO | extractor_logger | [DEBUG TECNICO] Usos Recomendados Para Producto: Para la computadora, Para smartphones o tabletas, Para teléfonos inteligentes o tabletas
2026-02-18 13:51:42,307 | INFO | extractor_logger | [DEBUG TECNICO] Dispositivos compatibles: Altavoces
2026-02-18 13:51:42,332 | INFO | extractor_logger | [DEBUG TECNICO] Configuración del canal de sonido envolvente: 2.0
2026-02-18 13:51:42,359 | INFO | extractor_logger | [DEBUG TECNICO] Color: Verde
2026-02-18 13:51:42,400 | INFO | extractor_logger | [DEBUG TECNICO] Componentes incluidos: Poly Altavoz Sync 60, fuente de alimentación principal con adaptadores de pin globales, cable USB con conectores USB-A y USB-C
2026-02-18 13:51:42,423 | INFO | extractor_logger | [DEBUG TECNICO] Dimensiones del producto: 1,5"prof. x 15,5"an. x 4,8"al. pulgadas
2026-02-18 13:51:42,444 | INFO | extractor_logger | [DEBUG TECNICO] Peso del artículo: 1000 Gramos
2026-02-18 13:51:42,470 | INFO | extractor_logger | [DEBUG TECNICO] Es impermeable: Falso
2026-02-18 13:51:42,496 | INFO | extractor_logger | [DEBUG TECNICO] Tipo de garantía: Completo
2026-02-18 13:51:42,522 | INFO | extractor_logger | [DEBUG TECNICO] Número de artículos: 1
2026-02-18 13:51:42,546 | INFO | extractor_logger | [DEBUG TECNICO] Método de control: Botón pulsador
2026-02-18 13:51:42,574 | INFO | extractor_logger | [DEBUG TECNICO] Tecnología de comunicación inalámbrica: Bluetooth
2026-02-18 13:51:42,604 | INFO | extractor_logger | [DEBUG TECNICO] Tamaño del altavoz: 6,5 Pulgadas
2026-02-18 13:51:42,639 | INFO | extractor_logger | [DEBUG TECNICO] Fuente de alimentación: Funciona con pilas, eléctrico con cable
2026-02-18 13:51:42,657 | INFO | extractor_logger | [DEBUG TECNICO] Diámetro del woofer: 2,54 Centímetros
2026-02-18 13:51:42,678 | INFO | extractor_logger | [DEBUG TECNICO] Diámetro del tweeter: 1 Centímetros
2026-02-18 13:51:42,704 | INFO | extractor_logger | [DEBUG TECNICO] Nivel de resistencia al agua: Resistente al agua
2026-02-18 13:51:42,729 | INFO | extractor_logger | [DEBUG TECNICO] Tipo de paquete: Caja estándar" o "caja al por menor
2026-02-18 13:51:42,752 | INFO | extractor_logger | [DEBUG TECNICO] Cantidad de baterías: 2 Iones de litio (Tipo de pila necesaria)
2026-02-18 13:51:42,808 | INFO | extractor_logger | [DEBUG TECNICO] Tipo de controlador de audio: Controlador dinámico
2026-02-18 13:51:42,903 | INFO | extractor_logger | [DEBUG TECNICO] Rango de Bluetooth: 3 Metros
2026-02-18 13:51:42,949 | INFO | extractor_logger | [DEBUG TECNICO] Tecnología de conectividad del subwoofer: con cable
2026-02-18 13:51:42,990 | INFO | extractor_logger | [DEBUG TECNICO] Número de niveles de potencia: 1
2026-02-18 13:51:43,018 | INFO | extractor_logger | [DEBUG TECNICO] Número de serie: 216873
2026-02-18 13:51:43,042 | INFO | extractor_logger | [DEBUG TECNICO] Usos específicos del producto: trabajo de oficina, trabajo remoto, llamadas de conferencia, entretenimiento personal y carga de dispositivos móviles
2026-02-18 13:51:43,066 | INFO | extractor_logger | [DEBUG TECNICO] UPC: 017229172517 197029590572
2026-02-18 13:51:43,086 | INFO | extractor_logger | [DEBUG TECNICO] Estilo: Certificado por Microsoft
2026-02-18 13:51:43,108 | INFO | extractor_logger | [DEBUG TECNICO] Uso en interiores y exteriores: Interior
2026-02-18 13:51:43,129 | INFO | extractor_logger | [DEBUG TECNICO] Fabricante: Poly
2026-02-18 13:51:43,181 | INFO | extractor_logger | [DEBUG TECNICO] Forma: Prisma rectangular
2026-02-18 13:51:43,214 | INFO | extractor_logger | [DEBUG TECNICO] Idioma: Inglés
2026-02-18 13:51:43,238 | INFO | extractor_logger | [DEBUG TECNICO] ASIN: B0974YKL7C
2026-02-18 13:51:43,271 | INFO | extractor_logger | [DEBUG TECNICO] Número de modelo del producto: 216873-01
2026-02-18 13:51:43,301 | INFO | extractor_logger | [DEBUG TECNICO] Pilas: 2 Iones de litio (Tipo de pila necesaria)
2026-02-18 13:51:43,333 | INFO | extractor_logger | [DEBUG TECNICO] Opinión media de los clientes: 4.4               4.4 de 5 estrellas         

                         (10)      
                    
                    var dpAcrHasRegisteredArcLinkClickAction;
                    P.when('A', 'ready').execute(function(A) {
                        if (dpAcrHasRegisteredArcLinkClickAction !== true) {
                            dpAcrHasRegisteredArcLinkClickAction = true;
                            A.declarative(
                                'acrLink-click-metrics', 'click',
                                { "allowLinkDefault": true },
                                function (event) {
                                    if (window.ue) {
                                        ue.count("acrLinkClickCount", (ue.count("acrLinkClickCount") || 0) + 1);
                                    }
                                }
                            );
                        }
                    });
                
                 
            P.when('A', 'cf').execute(function(A) {
                A.declarative('acrStarsLink-click-metrics', 'click', { "allowLinkDefault" : true },  function(event){
                    if(window.ue) {
                        ue.count("acrStarsLinkWithPopoverClickCount", (ue.count("acrStarsLinkWithPopoverClickCount") || 0) + 1);
                    }
                });
            });
        

           
       4.4 de 5 estrellas
2026-02-18 13:51:43,355 | INFO | extractor_logger | [DEBUG TECNICO] Clasificación en los más vendidos de Amazon: nº246,979 en Productos de Oficina (Ver el Top 100 en Productos de Oficina)  nº133 en Productos para Audioconferencias
2026-02-18 13:51:43,381 | INFO | extractor_logger | [DEBUG TECNICO] Producto en amazon.com desde: junio 12, 2021
2026-02-18 13:51:43,707 | INFO | extractor_logger | Extracción real completada correctamente.
2026-02-18 13:51:43,708 | INFO | extractor_logger | Iniciando normalizacion de datos.
2026-02-18 13:51:43,708 | INFO | extractor_logger | Referencia encontrada (modelo): 216873-01
2026-02-18 13:51:43,709 | INFO | extractor_logger | Normalización completada correctamente.
2026-02-18 13:51:43,717 | INFO | extractor_logger | Validacion exitosa del contrato.
2026-02-18 13:51:43,721 | INFO | extractor_logger | Proceso completo finalizado.
2026-02-18 14:28:57,633 | INFO | extractor_logger | URL válida y dominio permitido.
2026-02-18 14:28:57,636 | INFO | extractor_logger | Proveedor detectado: Amazon
2026-02-18 14:28:57,637 | INFO | extractor_logger | Iniciando extracción real Amazon con Playwright.
2026-02-18 14:29:16,710 | INFO | extractor_logger | Cantidad de candidatos de precio encontrados: 21
2026-02-18 14:29:16,956 | INFO | extractor_logger | [DEBUG PRECIO] Candidato 0: US$434.99
2026-02-18 14:29:16,962 | INFO | extractor_logger | [DEBUG PRECIO] Precio seleccionado: US$434.99
2026-02-18 14:29:17,125 | INFO | extractor_logger | [DEBUG BULLET] Escuche y sea escuchado: Mantenga el enfoque en las voces de conferencia, no en el ruido de fondo, con una matriz dirigible de seis micrófonos para reducción de eco y ruido y altavoces de alto rendimiento. Las conversaciones fluyen naturalmente, incluso con conversadores simultáneos superpuestos.
2026-02-18 14:29:17,205 | INFO | extractor_logger | [DEBUG BULLET] Práctica conferencia: no requiere carga, no hay baterías de las que preocuparse porque siempre funciona con alimentación de CA. La capacidad de la cadena de margaritas permite emparejar 2 unidades de forma inalámbrica para espacios más grandes.
2026-02-18 14:29:17,282 | INFO | extractor_logger | [DEBUG BULLET] Fácil conectividad: Conéctese a teléfonos inteligentes a través de Bluetooth. Conéctese a computadoras a través de un cable USB-A/USB-C combinado. Conecte una cámara de video USB para obtener audio y video con un solo cable.
2026-02-18 14:29:17,466 | INFO | extractor_logger | [DEBUG BULLET] Todo en uno: altavoz + cargador de teléfono inteligente + altavoz de música de alto rendimiento. Más personas pueden permanecer cargadas durante una reunión con dos puertos USB para cargar hasta dos teléfonos móviles a la vez.
2026-02-18 14:29:17,714 | INFO | extractor_logger | [DEBUG BULLET] Versión de Microsoft Teams: admite una colaboración y comunicación fáciles con un botón Teams dedicado para acceder instantáneamente a la aplicación Teams.
2026-02-18 14:29:18,129 | INFO | extractor_logger | [DEBUG TECNICO] Material: 1
2026-02-18 14:29:18,252 | INFO | extractor_logger | [DEBUG TECNICO] Nombre del modelo: Sincronización 60
2026-02-18 14:29:18,427 | INFO | extractor_logger | [DEBUG TECNICO] Tipo de altavoz: Multimedia
2026-02-18 14:29:18,530 | INFO | extractor_logger | [DEBUG TECNICO] Características especiales: Kabellos
2026-02-18 14:29:18,568 | INFO | extractor_logger | [DEBUG TECNICO] Usos Recomendados Para Producto: Para la computadora, Para smartphones o tabletas, Para teléfonos inteligentes o tabletas
2026-02-18 14:29:18,625 | INFO | extractor_logger | [DEBUG TECNICO] Dispositivos compatibles: Altavoces
2026-02-18 14:29:18,659 | INFO | extractor_logger | [DEBUG TECNICO] Configuración del canal de sonido envolvente: 2.0
2026-02-18 14:29:18,687 | INFO | extractor_logger | [DEBUG TECNICO] Color: Verde
2026-02-18 14:29:18,720 | INFO | extractor_logger | [DEBUG TECNICO] Componentes incluidos: Poly Altavoz Sync 60, fuente de alimentación principal con adaptadores de pin globales, cable USB con conectores USB-A y USB-C
2026-02-18 14:29:18,778 | INFO | extractor_logger | [DEBUG TECNICO] Dimensiones del producto: 1,5"prof. x 15,5"an. x 4,8"al. pulgadas
2026-02-18 14:29:18,839 | INFO | extractor_logger | [DEBUG TECNICO] Peso del artículo: 1000 Gramos
2026-02-18 14:29:18,870 | INFO | extractor_logger | [DEBUG TECNICO] Es impermeable: Falso
2026-02-18 14:29:18,897 | INFO | extractor_logger | [DEBUG TECNICO] Tipo de garantía: Completo
2026-02-18 14:29:18,942 | INFO | extractor_logger | [DEBUG TECNICO] Número de artículos: 1
2026-02-18 14:29:18,998 | INFO | extractor_logger | [DEBUG TECNICO] Método de control: Botón pulsador
2026-02-18 14:29:19,068 | INFO | extractor_logger | [DEBUG TECNICO] Tecnología de comunicación inalámbrica: Bluetooth
2026-02-18 14:29:19,124 | INFO | extractor_logger | [DEBUG TECNICO] Tamaño del altavoz: 6,5 Pulgadas
2026-02-18 14:29:19,200 | INFO | extractor_logger | [DEBUG TECNICO] Fuente de alimentación: Funciona con pilas, eléctrico con cable
2026-02-18 14:29:19,248 | INFO | extractor_logger | [DEBUG TECNICO] Diámetro del woofer: 2,54 Centímetros
2026-02-18 14:29:19,306 | INFO | extractor_logger | [DEBUG TECNICO] Diámetro del tweeter: 1 Centímetros
2026-02-18 14:29:19,337 | INFO | extractor_logger | [DEBUG TECNICO] Nivel de resistencia al agua: Resistente al agua
2026-02-18 14:29:19,380 | INFO | extractor_logger | [DEBUG TECNICO] Tipo de paquete: Caja estándar" o "caja al por menor
2026-02-18 14:29:19,512 | INFO | extractor_logger | [DEBUG TECNICO] Cantidad de baterías: 2 Iones de litio (Tipo de pila necesaria)
2026-02-18 14:29:19,780 | INFO | extractor_logger | [DEBUG TECNICO] Tipo de controlador de audio: Controlador dinámico
2026-02-18 14:29:19,819 | INFO | extractor_logger | [DEBUG TECNICO] Rango de Bluetooth: 3 Metros
2026-02-18 14:29:19,855 | INFO | extractor_logger | [DEBUG TECNICO] Tecnología de conectividad del subwoofer: con cable
2026-02-18 14:29:19,894 | INFO | extractor_logger | [DEBUG TECNICO] Número de niveles de potencia: 1
2026-02-18 14:29:19,927 | INFO | extractor_logger | [DEBUG TECNICO] Número de serie: 216873
2026-02-18 14:29:19,951 | INFO | extractor_logger | [DEBUG TECNICO] Usos específicos del producto: trabajo de oficina, trabajo remoto, llamadas de conferencia, entretenimiento personal y carga de dispositivos móviles
2026-02-18 14:29:19,969 | INFO | extractor_logger | [DEBUG TECNICO] UPC: 017229172517 197029590572
2026-02-18 14:29:19,987 | INFO | extractor_logger | [DEBUG TECNICO] Estilo: Certificado por Microsoft
2026-02-18 14:29:20,014 | INFO | extractor_logger | [DEBUG TECNICO] Uso en interiores y exteriores: Interior
2026-02-18 14:29:20,058 | INFO | extractor_logger | [DEBUG TECNICO] Fabricante: Poly
2026-02-18 14:29:20,103 | INFO | extractor_logger | [DEBUG TECNICO] Forma: Prisma rectangular
2026-02-18 14:29:20,186 | INFO | extractor_logger | [DEBUG TECNICO] Idioma: Inglés
2026-02-18 14:29:20,258 | INFO | extractor_logger | [DEBUG TECNICO] ASIN: B0974YKL7C
2026-02-18 14:29:20,338 | INFO | extractor_logger | [DEBUG TECNICO] Número de modelo del producto: 216873-01
2026-02-18 14:29:20,673 | INFO | extractor_logger | [DEBUG TECNICO] Pilas: 2 Iones de litio (Tipo de pila necesaria)
2026-02-18 14:29:20,714 | INFO | extractor_logger | [DEBUG TECNICO] Opinión media de los clientes: 4.4               4.4 de 5 estrellas         

                         (10)      
                    
                    var dpAcrHasRegisteredArcLinkClickAction;
                    P.when('A', 'ready').execute(function(A) {
                        if (dpAcrHasRegisteredArcLinkClickAction !== true) {
                            dpAcrHasRegisteredArcLinkClickAction = true;
                            A.declarative(
                                'acrLink-click-metrics', 'click',
                                { "allowLinkDefault": true },
                                function (event) {
                                    if (window.ue) {
                                        ue.count("acrLinkClickCount", (ue.count("acrLinkClickCount") || 0) + 1);
                                    }
                                }
                            );
                        }
                    });
                
                 
            P.when('A', 'cf').execute(function(A) {
                A.declarative('acrStarsLink-click-metrics', 'click', { "allowLinkDefault" : true },  function(event){
                    if(window.ue) {
                        ue.count("acrStarsLinkWithPopoverClickCount", (ue.count("acrStarsLinkWithPopoverClickCount") || 0) + 1);
                    }
                });
            });
        

           
       4.4 de 5 estrellas
2026-02-18 14:29:20,752 | INFO | extractor_logger | [DEBUG TECNICO] Clasificación en los más vendidos de Amazon: nº246,979 en Productos de Oficina (Ver el Top 100 en Productos de Oficina)  nº133 en Productos para Audioconferencias
2026-02-18 14:29:20,784 | INFO | extractor_logger | [DEBUG TECNICO] Producto en amazon.com desde: junio 12, 2021
2026-02-18 14:29:21,125 | INFO | extractor_logger | Extracción real completada correctamente.
2026-02-18 14:29:21,125 | INFO | extractor_logger | Iniciando normalizacion de datos.
2026-02-18 14:29:21,126 | INFO | extractor_logger | Referencia encontrada (modelo): 216873-01
2026-02-18 14:29:21,127 | INFO | extractor_logger | Normalización completada correctamente.
2026-02-18 14:29:21,137 | INFO | extractor_logger | Validacion exitosa del contrato.
2026-02-18 14:29:21,141 | INFO | extractor_logger | Proceso completo finalizado.
2026-02-18 14:38:08,500 | INFO | extractor_logger | URL válida y dominio permitido.
2026-02-18 14:38:08,502 | INFO | extractor_logger | Proveedor detectado: Amazon
2026-02-18 14:38:08,503 | INFO | extractor_logger | Iniciando extracción real Amazon con Playwright.
2026-02-18 14:38:15,453 | INFO | extractor_logger | Cantidad de candidatos de precio encontrados: 27
2026-02-18 14:38:15,472 | INFO | extractor_logger | [DEBUG PRECIO] Candidato 0: US$434.99
2026-02-18 14:38:15,474 | INFO | extractor_logger | [DEBUG PRECIO] Precio seleccionado: US$434.99
2026-02-18 14:38:15,519 | INFO | extractor_logger | [DEBUG BULLET] Escuche y sea escuchado: Mantenga el enfoque en las voces de conferencia, no en el ruido de fondo, con una matriz dirigible de seis micrófonos para reducción de eco y ruido y altavoces de alto rendimiento. Las conversaciones fluyen naturalmente, incluso con conversadores simultáneos superpuestos.
2026-02-18 14:38:15,538 | INFO | extractor_logger | [DEBUG BULLET] Práctica conferencia: no requiere carga, no hay baterías de las que preocuparse porque siempre funciona con alimentación de CA. La capacidad de la cadena de margaritas permite emparejar 2 unidades de forma inalámbrica para espacios más grandes.
2026-02-18 14:38:15,566 | INFO | extractor_logger | [DEBUG BULLET] Fácil conectividad: Conéctese a teléfonos inteligentes a través de Bluetooth. Conéctese a computadoras a través de un cable USB-A/USB-C combinado. Conecte una cámara de video USB para obtener audio y video con un solo cable.
2026-02-18 14:38:15,596 | INFO | extractor_logger | [DEBUG BULLET] Todo en uno: altavoz + cargador de teléfono inteligente + altavoz de música de alto rendimiento. Más personas pueden permanecer cargadas durante una reunión con dos puertos USB para cargar hasta dos teléfonos móviles a la vez.
2026-02-18 14:38:15,626 | INFO | extractor_logger | [DEBUG BULLET] Versión de Microsoft Teams: admite una colaboración y comunicación fáciles con un botón Teams dedicado para acceder instantáneamente a la aplicación Teams.
2026-02-18 14:38:15,777 | INFO | extractor_logger | [DEBUG TECNICO] Material: 1
2026-02-18 14:38:15,803 | INFO | extractor_logger | [DEBUG TECNICO] Nombre del modelo: Sincronización 60
2026-02-18 14:38:15,854 | INFO | extractor_logger | [DEBUG TECNICO] Tipo de altavoz: Multimedia
2026-02-18 14:38:15,978 | INFO | extractor_logger | [DEBUG TECNICO] Características especiales: Kabellos
2026-02-18 14:38:16,060 | INFO | extractor_logger | [DEBUG TECNICO] Usos Recomendados Para Producto: Para la computadora, Para smartphones o tabletas, Para teléfonos inteligentes o tabletas
2026-02-18 14:38:16,107 | INFO | extractor_logger | [DEBUG TECNICO] Dispositivos compatibles: Altavoces
2026-02-18 14:38:16,144 | INFO | extractor_logger | [DEBUG TECNICO] Configuración del canal de sonido envolvente: 2.0
2026-02-18 14:38:16,162 | INFO | extractor_logger | [DEBUG TECNICO] Color: Verde
2026-02-18 14:38:16,197 | INFO | extractor_logger | [DEBUG TECNICO] Componentes incluidos: Poly Altavoz Sync 60, fuente de alimentación principal con adaptadores de pin globales, cable USB con conectores USB-A y USB-C
2026-02-18 14:38:16,214 | INFO | extractor_logger | [DEBUG TECNICO] Dimensiones del producto: 1,5"prof. x 15,5"an. x 4,8"al. pulgadas
2026-02-18 14:38:16,235 | INFO | extractor_logger | [DEBUG TECNICO] Peso del artículo: 1000 Gramos
2026-02-18 14:38:16,250 | INFO | extractor_logger | [DEBUG TECNICO] Es impermeable: Falso
2026-02-18 14:38:16,380 | INFO | extractor_logger | [DEBUG TECNICO] Tipo de garantía: Completo
2026-02-18 14:38:16,404 | INFO | extractor_logger | [DEBUG TECNICO] Número de artículos: 1
2026-02-18 14:38:16,422 | INFO | extractor_logger | [DEBUG TECNICO] Método de control: Botón pulsador
2026-02-18 14:38:16,440 | INFO | extractor_logger | [DEBUG TECNICO] Tecnología de comunicación inalámbrica: Bluetooth
2026-02-18 14:38:16,463 | INFO | extractor_logger | [DEBUG TECNICO] Tamaño del altavoz: 6,5 Pulgadas
2026-02-18 14:38:16,490 | INFO | extractor_logger | [DEBUG TECNICO] Fuente de alimentación: Funciona con pilas, eléctrico con cable
2026-02-18 14:38:16,522 | INFO | extractor_logger | [DEBUG TECNICO] Diámetro del woofer: 2,54 Centímetros
2026-02-18 14:38:16,539 | INFO | extractor_logger | [DEBUG TECNICO] Diámetro del tweeter: 1 Centímetros
2026-02-18 14:38:16,560 | INFO | extractor_logger | [DEBUG TECNICO] Nivel de resistencia al agua: Resistente al agua
2026-02-18 14:38:16,579 | INFO | extractor_logger | [DEBUG TECNICO] Tipo de paquete: Caja estándar" o "caja al por menor
2026-02-18 14:38:16,607 | INFO | extractor_logger | [DEBUG TECNICO] Cantidad de baterías: 2 Iones de litio (Tipo de pila necesaria)
2026-02-18 14:38:16,629 | INFO | extractor_logger | [DEBUG TECNICO] Tipo de controlador de audio: Controlador dinámico
2026-02-18 14:38:16,657 | INFO | extractor_logger | [DEBUG TECNICO] Rango de Bluetooth: 3 Metros
2026-02-18 14:38:16,685 | INFO | extractor_logger | [DEBUG TECNICO] Tecnología de conectividad del subwoofer: con cable
2026-02-18 14:38:16,730 | INFO | extractor_logger | [DEBUG TECNICO] Número de niveles de potencia: 1
2026-02-18 14:38:16,754 | INFO | extractor_logger | [DEBUG TECNICO] Número de serie: 216873
2026-02-18 14:38:16,780 | INFO | extractor_logger | [DEBUG TECNICO] Usos específicos del producto: trabajo de oficina, trabajo remoto, llamadas de conferencia, entretenimiento personal y carga de dispositivos móviles
2026-02-18 14:38:16,813 | INFO | extractor_logger | [DEBUG TECNICO] UPC: 017229172517 197029590572
2026-02-18 14:38:16,832 | INFO | extractor_logger | [DEBUG TECNICO] Estilo: Certificado por Microsoft
2026-02-18 14:38:16,849 | INFO | extractor_logger | [DEBUG TECNICO] Uso en interiores y exteriores: Interior
2026-02-18 14:38:16,871 | INFO | extractor_logger | [DEBUG TECNICO] Fabricante: Poly
2026-02-18 14:38:16,903 | INFO | extractor_logger | [DEBUG TECNICO] Forma: Prisma rectangular
2026-02-18 14:38:16,923 | INFO | extractor_logger | [DEBUG TECNICO] Idioma: Inglés
2026-02-18 14:38:16,952 | INFO | extractor_logger | [DEBUG TECNICO] ASIN: B0974YKL7C
2026-02-18 14:38:16,977 | INFO | extractor_logger | [DEBUG TECNICO] Número de modelo del producto: 216873-01
2026-02-18 14:38:17,017 | INFO | extractor_logger | [DEBUG TECNICO] Pilas: 2 Iones de litio (Tipo de pila necesaria)
2026-02-18 14:38:17,054 | INFO | extractor_logger | [DEBUG TECNICO] Opinión media de los clientes: 4.4               4.4 de 5 estrellas         

                         (10)      
                    
                    var dpAcrHasRegisteredArcLinkClickAction;
                    P.when('A', 'ready').execute(function(A) {
                        if (dpAcrHasRegisteredArcLinkClickAction !== true) {
                            dpAcrHasRegisteredArcLinkClickAction = true;
                            A.declarative(
                                'acrLink-click-metrics', 'click',
                                { "allowLinkDefault": true },
                                function (event) {
                                    if (window.ue) {
                                        ue.count("acrLinkClickCount", (ue.count("acrLinkClickCount") || 0) + 1);
                                    }
                                }
                            );
                        }
                    });
                
                 
            P.when('A', 'cf').execute(function(A) {
                A.declarative('acrStarsLink-click-metrics', 'click', { "allowLinkDefault" : true },  function(event){
                    if(window.ue) {
                        ue.count("acrStarsLinkWithPopoverClickCount", (ue.count("acrStarsLinkWithPopoverClickCount") || 0) + 1);
                    }
                });
            });
        

           
       4.4 de 5 estrellas
2026-02-18 14:38:17,102 | INFO | extractor_logger | [DEBUG TECNICO] Clasificación en los más vendidos de Amazon: nº246,979 en Productos de Oficina (Ver el Top 100 en Productos de Oficina)  nº133 en Productos para Audioconferencias
2026-02-18 14:38:17,134 | INFO | extractor_logger | [DEBUG TECNICO] Producto en amazon.com desde: junio 12, 2021
2026-02-18 14:38:17,509 | INFO | extractor_logger | Extracción real completada correctamente.
2026-02-18 14:38:17,509 | INFO | extractor_logger | DEBUG RETURN BULLETS: ['Escuche y sea escuchado: Mantenga el enfoque en las voces de conferencia, no en el ruido de fondo, con una matriz dirigible de seis micrófonos para reducción de eco y ruido y altavoces de alto rendimiento. Las conversaciones fluyen naturalmente, incluso con conversadores simultáneos superpuestos.', 'Práctica conferencia: no requiere carga, no hay baterías de las que preocuparse porque siempre funciona con alimentación de CA. La capacidad de la cadena de margaritas permite emparejar 2 unidades de forma inalámbrica para espacios más grandes.', 'Fácil conectividad: Conéctese a teléfonos inteligentes a través de Bluetooth. Conéctese a computadoras a través de un cable USB-A/USB-C combinado. Conecte una cámara de video USB para obtener audio y video con un solo cable.', 'Todo en uno: altavoz + cargador de teléfono inteligente + altavoz de música de alto rendimiento. Más personas pueden permanecer cargadas durante una reunión con dos puertos USB para cargar hasta dos teléfonos móviles a la vez.', 'Versión de Microsoft Teams: admite una colaboración y comunicación fáciles con un botón Teams dedicado para acceder instantáneamente a la aplicación Teams.']
2026-02-18 14:38:17,510 | INFO | extractor_logger | Iniciando normalizacion de datos.
2026-02-18 14:38:17,511 | INFO | extractor_logger | Referencia encontrada (modelo): 216873-01
2026-02-18 14:38:17,511 | INFO | extractor_logger | Normalización completada correctamente.
2026-02-18 14:38:17,512 | INFO | extractor_logger | DEBUG BULLETS EN NORMALIZER: []
2026-02-18 14:38:17,521 | INFO | extractor_logger | Validacion exitosa del contrato.
2026-02-18 14:38:17,525 | INFO | extractor_logger | Proceso completo finalizado.
2026-02-18 15:32:11,399 | INFO | extractor_logger | URL válida y dominio permitido.
2026-02-18 15:32:11,403 | INFO | extractor_logger | Proveedor detectado: Amazon
2026-02-18 15:32:11,403 | INFO | extractor_logger | Iniciando extracción real Amazon con Playwright.
2026-02-18 15:32:23,502 | INFO | extractor_logger | Cantidad de candidatos de precio encontrados: 21
2026-02-18 15:32:23,611 | INFO | extractor_logger | [DEBUG PRECIO] Candidato 0: US$434.99
2026-02-18 15:32:23,613 | INFO | extractor_logger | [DEBUG PRECIO] Precio seleccionado: US$434.99
2026-02-18 15:32:23,743 | INFO | extractor_logger | [DEBUG BULLETS] Total encontrados: 5
2026-02-18 15:32:23,772 | INFO | extractor_logger | [DEBUG BULLET] Escuche y sea escuchado: Mantenga el enfoque en las voces de conferencia, no en el ruido de fondo, con una matriz dirigible de seis micrófonos para reducción de eco y ruido y altavoces de alto rendimiento. Las conversaciones fluyen naturalmente, incluso con conversadores simultáneos superpuestos.
2026-02-18 15:32:23,781 | INFO | extractor_logger | [DEBUG BULLET] Práctica conferencia: no requiere carga, no hay baterías de las que preocuparse porque siempre funciona con alimentación de CA. La capacidad de la cadena de margaritas permite emparejar 2 unidades de forma inalámbrica para espacios más grandes.
2026-02-18 15:32:23,813 | INFO | extractor_logger | [DEBUG BULLET] Fácil conectividad: Conéctese a teléfonos inteligentes a través de Bluetooth. Conéctese a computadoras a través de un cable USB-A/USB-C combinado. Conecte una cámara de video USB para obtener audio y video con un solo cable.
2026-02-18 15:32:23,844 | INFO | extractor_logger | [DEBUG BULLET] Todo en uno: altavoz + cargador de teléfono inteligente + altavoz de música de alto rendimiento. Más personas pueden permanecer cargadas durante una reunión con dos puertos USB para cargar hasta dos teléfonos móviles a la vez.
2026-02-18 15:32:23,857 | INFO | extractor_logger | [DEBUG BULLET] Versión de Microsoft Teams: admite una colaboración y comunicación fáciles con un botón Teams dedicado para acceder instantáneamente a la aplicación Teams.
2026-02-18 15:32:23,957 | INFO | extractor_logger | [DEBUG TECNICO] Material: 1
2026-02-18 15:32:23,990 | INFO | extractor_logger | [DEBUG TECNICO] Nombre del modelo: Sincronización 60
2026-02-18 15:32:24,061 | INFO | extractor_logger | [DEBUG TECNICO] Tipo de altavoz: Multimedia
2026-02-18 15:32:24,118 | INFO | extractor_logger | [DEBUG TECNICO] Características especiales: Kabellos
2026-02-18 15:32:24,144 | INFO | extractor_logger | [DEBUG TECNICO] Usos Recomendados Para Producto: Para la computadora, Para smartphones o tabletas, Para teléfonos inteligentes o tabletas
2026-02-18 15:32:24,172 | INFO | extractor_logger | [DEBUG TECNICO] Dispositivos compatibles: Altavoces
2026-02-18 15:32:24,199 | INFO | extractor_logger | [DEBUG TECNICO] Configuración del canal de sonido envolvente: 2.0
2026-02-18 15:32:24,221 | INFO | extractor_logger | [DEBUG TECNICO] Color: Verde
2026-02-18 15:32:24,242 | INFO | extractor_logger | [DEBUG TECNICO] Componentes incluidos: Poly Altavoz Sync 60, fuente de alimentación principal con adaptadores de pin globales, cable USB con conectores USB-A y USB-C
2026-02-18 15:32:24,266 | INFO | extractor_logger | [DEBUG TECNICO] Dimensiones del producto: 1,5"prof. x 15,5"an. x 4,8"al. pulgadas
2026-02-18 15:32:24,303 | INFO | extractor_logger | [DEBUG TECNICO] Peso del artículo: 1000 Gramos
2026-02-18 15:32:24,346 | INFO | extractor_logger | [DEBUG TECNICO] Es impermeable: Falso
2026-02-18 15:32:24,382 | INFO | extractor_logger | [DEBUG TECNICO] Tipo de garantía: Completo
2026-02-18 15:32:24,460 | INFO | extractor_logger | [DEBUG TECNICO] Número de artículos: 1
2026-02-18 15:32:24,489 | INFO | extractor_logger | [DEBUG TECNICO] Método de control: Botón pulsador
2026-02-18 15:32:24,516 | INFO | extractor_logger | [DEBUG TECNICO] Tecnología de comunicación inalámbrica: Bluetooth
2026-02-18 15:32:24,544 | INFO | extractor_logger | [DEBUG TECNICO] Tamaño del altavoz: 6,5 Pulgadas
2026-02-18 15:32:24,565 | INFO | extractor_logger | [DEBUG TECNICO] Fuente de alimentación: Funciona con pilas, eléctrico con cable
2026-02-18 15:32:24,614 | INFO | extractor_logger | [DEBUG TECNICO] Diámetro del woofer: 2,54 Centímetros
2026-02-18 15:32:24,716 | INFO | extractor_logger | [DEBUG TECNICO] Diámetro del tweeter: 1 Centímetros
2026-02-18 15:32:24,740 | INFO | extractor_logger | [DEBUG TECNICO] Nivel de resistencia al agua: Resistente al agua
2026-02-18 15:32:24,758 | INFO | extractor_logger | [DEBUG TECNICO] Tipo de paquete: Caja estándar" o "caja al por menor
2026-02-18 15:32:24,781 | INFO | extractor_logger | [DEBUG TECNICO] Cantidad de baterías: 2 Iones de litio (Tipo de pila necesaria)
2026-02-18 15:32:24,810 | INFO | extractor_logger | [DEBUG TECNICO] Tipo de controlador de audio: Controlador dinámico
2026-02-18 15:32:24,833 | INFO | extractor_logger | [DEBUG TECNICO] Rango de Bluetooth: 3 Metros
2026-02-18 15:32:24,856 | INFO | extractor_logger | [DEBUG TECNICO] Tecnología de conectividad del subwoofer: con cable
2026-02-18 15:32:24,887 | INFO | extractor_logger | [DEBUG TECNICO] Número de niveles de potencia: 1
2026-02-18 15:32:24,911 | INFO | extractor_logger | [DEBUG TECNICO] Número de serie: 216873
2026-02-18 15:32:24,931 | INFO | extractor_logger | [DEBUG TECNICO] Usos específicos del producto: trabajo de oficina, trabajo remoto, llamadas de conferencia, entretenimiento personal y carga de dispositivos móviles
2026-02-18 15:32:24,949 | INFO | extractor_logger | [DEBUG TECNICO] UPC: 017229172517 197029590572
2026-02-18 15:32:24,972 | INFO | extractor_logger | [DEBUG TECNICO] Estilo: Certificado por Microsoft
2026-02-18 15:32:24,992 | INFO | extractor_logger | [DEBUG TECNICO] Uso en interiores y exteriores: Interior
2026-02-18 15:32:25,027 | INFO | extractor_logger | [DEBUG TECNICO] Fabricante: Poly
2026-02-18 15:32:25,045 | INFO | extractor_logger | [DEBUG TECNICO] Forma: Prisma rectangular
2026-02-18 15:32:25,064 | INFO | extractor_logger | [DEBUG TECNICO] Idioma: Inglés
2026-02-18 15:32:25,092 | INFO | extractor_logger | [DEBUG TECNICO] ASIN: B0974YKL7C
2026-02-18 15:32:25,127 | INFO | extractor_logger | [DEBUG TECNICO] Número de modelo del producto: 216873-01
2026-02-18 15:32:25,149 | INFO | extractor_logger | [DEBUG TECNICO] Pilas: 2 Iones de litio (Tipo de pila necesaria)
2026-02-18 15:32:25,175 | INFO | extractor_logger | [DEBUG TECNICO] Opinión media de los clientes: 4.4               4.4 de 5 estrellas         

                         (10)      
                    
                    var dpAcrHasRegisteredArcLinkClickAction;
                    P.when('A', 'ready').execute(function(A) {
                        if (dpAcrHasRegisteredArcLinkClickAction !== true) {
                            dpAcrHasRegisteredArcLinkClickAction = true;
                            A.declarative(
                                'acrLink-click-metrics', 'click',
                                { "allowLinkDefault": true },
                                function (event) {
                                    if (window.ue) {
                                        ue.count("acrLinkClickCount", (ue.count("acrLinkClickCount") || 0) + 1);
                                    }
                                }
                            );
                        }
                    });
                
                 
            P.when('A', 'cf').execute(function(A) {
                A.declarative('acrStarsLink-click-metrics', 'click', { "allowLinkDefault" : true },  function(event){
                    if(window.ue) {
                        ue.count("acrStarsLinkWithPopoverClickCount", (ue.count("acrStarsLinkWithPopoverClickCount") || 0) + 1);
                    }
                });
            });
        

           
       4.4 de 5 estrellas
2026-02-18 15:32:25,211 | INFO | extractor_logger | [DEBUG TECNICO] Clasificación en los más vendidos de Amazon: nº246,979 en Productos de Oficina (Ver el Top 100 en Productos de Oficina)  nº133 en Productos para Audioconferencias
2026-02-18 15:32:25,237 | INFO | extractor_logger | [DEBUG TECNICO] Producto en amazon.com desde: junio 12, 2021
2026-02-18 15:32:25,694 | INFO | extractor_logger | Extracción real completada correctamente.
2026-02-18 15:32:25,694 | INFO | extractor_logger | DEBUG RETURN BULLETS: ['Escuche y sea escuchado: Mantenga el enfoque en las voces de conferencia, no en el ruido de fondo, con una matriz dirigible de seis micrófonos para reducción de eco y ruido y altavoces de alto rendimiento. Las conversaciones fluyen naturalmente, incluso con conversadores simultáneos superpuestos.', 'Práctica conferencia: no requiere carga, no hay baterías de las que preocuparse porque siempre funciona con alimentación de CA. La capacidad de la cadena de margaritas permite emparejar 2 unidades de forma inalámbrica para espacios más grandes.', 'Fácil conectividad: Conéctese a teléfonos inteligentes a través de Bluetooth. Conéctese a computadoras a través de un cable USB-A/USB-C combinado. Conecte una cámara de video USB para obtener audio y video con un solo cable.', 'Todo en uno: altavoz + cargador de teléfono inteligente + altavoz de música de alto rendimiento. Más personas pueden permanecer cargadas durante una reunión con dos puertos USB para cargar hasta dos teléfonos móviles a la vez.', 'Versión de Microsoft Teams: admite una colaboración y comunicación fáciles con un botón Teams dedicado para acceder instantáneamente a la aplicación Teams.']
2026-02-18 15:32:25,695 | INFO | extractor_logger | Iniciando normalizacion de datos.
2026-02-18 15:32:25,695 | INFO | extractor_logger | Referencia encontrada (modelo): 216873-01
2026-02-18 15:32:25,696 | INFO | extractor_logger | Normalización completada correctamente.
2026-02-18 15:32:25,696 | INFO | extractor_logger | DEBUG BULLETS EN NORMALIZER: ['Escuche y sea escuchado: Mantenga el enfoque en las voces de conferencia, no en el ruido de fondo, con una matriz dirigible de seis micrófonos para reducción de eco y ruido y altavoces de alto rendimiento. Las conversaciones fluyen naturalmente, incluso con conversadores simultáneos superpuestos.', 'Práctica conferencia: no requiere carga, no hay baterías de las que preocuparse porque siempre funciona con alimentación de CA. La capacidad de la cadena de margaritas permite emparejar 2 unidades de forma inalámbrica para espacios más grandes.', 'Fácil conectividad: Conéctese a teléfonos inteligentes a través de Bluetooth. Conéctese a computadoras a través de un cable USB-A/USB-C combinado. Conecte una cámara de video USB para obtener audio y video con un solo cable.', 'Todo en uno: altavoz + cargador de teléfono inteligente + altavoz de música de alto rendimiento. Más personas pueden permanecer cargadas durante una reunión con dos puertos USB para cargar hasta dos teléfonos móviles a la vez.', 'Versión de Microsoft Teams: admite una colaboración y comunicación fáciles con un botón Teams dedicado para acceder instantáneamente a la aplicación Teams.']
2026-02-18 15:32:25,705 | INFO | extractor_logger | Validacion exitosa del contrato.
2026-02-18 15:32:25,709 | INFO | extractor_logger | Proceso completo finalizado.
2026-02-18 16:04:33,012 | INFO | extractor_logger | URL válida y dominio permitido.
2026-02-18 16:04:33,019 | INFO | extractor_logger | Proveedor detectado: Amazon
2026-02-18 16:04:33,020 | INFO | extractor_logger | Iniciando extracción real Amazon con Playwright.
2026-02-18 16:04:45,580 | INFO | extractor_logger | Cantidad de candidatos de precio encontrados: 15
2026-02-18 16:04:45,820 | INFO | extractor_logger | [DEBUG PRECIO] Candidato 0: US$64.99
2026-02-18 16:04:45,830 | INFO | extractor_logger | [DEBUG PRECIO] Precio seleccionado: US$64.99
2026-02-18 16:04:46,778 | INFO | extractor_logger | [DEBUG BULLETS] Total encontrados: 5
2026-02-18 16:04:47,083 | INFO | extractor_logger | [DEBUG BULLET] Radios FRS: sin licencia y compatibles con todas las radios de dos vías FRS
2026-02-18 16:04:47,273 | INFO | extractor_logger | [DEBUG BULLET] Fácil emparejamiento y pantalla retroiluminada
2026-02-18 16:04:47,397 | INFO | extractor_logger | [DEBUG BULLET] 22 canales - 121 Códigos de privacidad
2026-02-18 16:04:47,471 | INFO | extractor_logger | [DEBUG BULLET] Doble alimentación y carga USB para aproximadamente 18 horas de duración de la batería con batería de 800 mAh incluida
2026-02-18 16:04:47,626 | INFO | extractor_logger | [DEBUG BULLET] Radio Meteorológica NOAA y Alertas
2026-02-18 16:04:48,149 | INFO | extractor_logger | [DEBUG TECNICO] Dimensiones del producto: 1,22 x 2,11 x 6,49 pulgadas
2026-02-18 16:04:48,442 | INFO | extractor_logger | [DEBUG TECNICO] ASIN: B0916L8D3C
2026-02-18 16:04:48,875 | INFO | extractor_logger | [DEBUG TECNICO] Número de modelo del producto: T270
2026-02-18 16:04:49,029 | INFO | extractor_logger | [DEBUG TECNICO] Pilas: 3 AA necesaria(s), incluida(s)
2026-02-18 16:04:49,175 | INFO | extractor_logger | [DEBUG TECNICO] Opinión media de los clientes: 4.3               4.3 de 5 estrellas         

                         (1,668)      
                    
                    var dpAcrHasRegisteredArcLinkClickAction;
                    P.when('A', 'ready').execute(function(A) {
                        if (dpAcrHasRegisteredArcLinkClickAction !== true) {
                            dpAcrHasRegisteredArcLinkClickAction = true;
                            A.declarative(
                                'acrLink-click-metrics', 'click',
                                { "allowLinkDefault": true },
                                function (event) {
                                    if (window.ue) {
                                        ue.count("acrLinkClickCount", (ue.count("acrLinkClickCount") || 0) + 1);
                                    }
                                }
                            );
                        }
                    });
                
                 
            P.when('A', 'cf').execute(function(A) {
                A.declarative('acrStarsLink-click-metrics', 'click', { "allowLinkDefault" : true },  function(event){
                    if(window.ue) {
                        ue.count("acrStarsLinkWithPopoverClickCount", (ue.count("acrStarsLinkWithPopoverClickCount") || 0) + 1);
                    }
                });
            });
        

           
       4.3 de 5 estrellas
2026-02-18 16:04:49,248 | INFO | extractor_logger | [DEBUG TECNICO] Clasificación en los más vendidos de Amazon: nº22 en Equipos Transmisores-receptores de Radiocomunicación
2026-02-18 16:04:49,324 | INFO | extractor_logger | [DEBUG TECNICO] Tecnologías de conectividad: usb
2026-02-18 16:04:49,417 | INFO | extractor_logger | [DEBUG TECNICO] Características especiales: Silenciador automático
2026-02-18 16:04:49,514 | INFO | extractor_logger | [DEBUG TECNICO] Otras características de pantalla: Inalámbrico
2026-02-18 16:04:49,650 | INFO | extractor_logger | [DEBUG TECNICO] Color: Negro/Azul
2026-02-18 16:04:49,749 | INFO | extractor_logger | [DEBUG TECNICO] ¿Qué hay en la caja?: 16 pegatinas de personalización, 2 radios, 2 clips de cinturón, Adaptador de carga de cable 1 Y con conectores micro USB duales, 1 cargador USB único, Batería, Manual de usuario
2026-02-18 16:04:49,804 | INFO | extractor_logger | [DEBUG TECNICO] Fabricante: Motorola Solutions
2026-02-18 16:04:49,870 | INFO | extractor_logger | [DEBUG TECNICO] Producto en amazon.com desde: marzo 26, 2021
2026-02-18 16:04:52,560 | INFO | extractor_logger | Extracción real completada correctamente.
2026-02-18 16:04:52,560 | INFO | extractor_logger | DEBUG RETURN BULLETS: ['Radios FRS: sin licencia y compatibles con todas las radios de dos vías FRS', 'Fácil emparejamiento y pantalla retroiluminada', '22 canales - 121 Códigos de privacidad', 'Doble alimentación y carga USB para aproximadamente 18 horas de duración de la batería con batería de 800 mAh incluida', 'Radio Meteorológica NOAA y Alertas']
2026-02-18 16:04:52,561 | INFO | extractor_logger | Iniciando normalizacion de datos.
2026-02-18 16:04:52,561 | INFO | extractor_logger | Referencia encontrada (modelo): T270
2026-02-18 16:04:52,562 | INFO | extractor_logger | Normalización completada correctamente.
2026-02-18 16:04:52,563 | INFO | extractor_logger | DEBUG BULLETS EN NORMALIZER: ['Radios FRS: sin licencia y compatibles con todas las radios de dos vías FRS', 'Fácil emparejamiento y pantalla retroiluminada', '22 canales - 121 Códigos de privacidad', 'Doble alimentación y carga USB para aproximadamente 18 horas de duración de la batería con batería de 800 mAh incluida', 'Radio Meteorológica NOAA y Alertas']
2026-02-18 16:04:52,572 | INFO | extractor_logger | Validacion exitosa del contrato.
2026-02-18 16:04:52,576 | INFO | extractor_logger | Proceso completo finalizado.
2026-02-18 16:06:09,488 | INFO | extractor_logger | URL válida y dominio permitido.
2026-02-18 16:06:09,490 | INFO | extractor_logger | Proveedor detectado: Amazon
2026-02-18 16:06:09,490 | INFO | extractor_logger | Iniciando extracción real Amazon con Playwright.
2026-02-18 16:06:18,067 | INFO | extractor_logger | Cantidad de candidatos de precio encontrados: 37
2026-02-18 16:06:18,095 | INFO | extractor_logger | [DEBUG PRECIO] Candidato 0: $579.99
2026-02-18 16:06:18,097 | INFO | extractor_logger | [DEBUG PRECIO] Precio seleccionado: $579.99
2026-02-18 16:06:18,224 | INFO | extractor_logger | [DEBUG BULLETS] Total encontrados: 5
2026-02-18 16:06:18,241 | INFO | extractor_logger | [DEBUG BULLET] CAPACITY: The U.S. Solid Cryogenic Container Liquid Nitrogen Tank Dewar can hold up to 20 Liters of liquid nitrogen
2026-02-18 16:06:18,278 | INFO | extractor_logger | [DEBUG BULLET] DEWAR: Dewars are designed for the sole purpose of holding extremely cold liquids such as liquid nitrogen; They have the shape, capacity, and material construction to store liquid nitrogen with a slower evaporation rate
2026-02-18 16:06:18,304 | INFO | extractor_logger | [DEBUG BULLET] EVAPORATION RATE: We test the evaporation rate of our liquid nitrogen tanks by completely filling them with liquid nitrogen and tracking the rate of evaporation
2026-02-18 16:06:18,330 | INFO | extractor_logger | [DEBUG BULLET] CANISTERS: Each of the liquid nitrogen tanks come with six canisters; Five canisters come with holes at the bottom to store biological specimen and one sealed canister for dipping
2026-02-18 16:06:18,346 | INFO | extractor_logger | [DEBUG BULLET] SATISFACTION GUARANTEE: All U.S. Solid products come with a one year satisfaction guarantee; Please feel free to call our customer service department with any comments or concerns that you may have
2026-02-18 16:06:19,078 | INFO | extractor_logger | Extracción real completada correctamente.
2026-02-18 16:06:19,078 | INFO | extractor_logger | DEBUG RETURN BULLETS: ['CAPACITY: The U.S. Solid Cryogenic Container Liquid Nitrogen Tank Dewar can hold up to 20 Liters of liquid nitrogen', 'DEWAR: Dewars are designed for the sole purpose of holding extremely cold liquids such as liquid nitrogen; They have the shape, capacity, and material construction to store liquid nitrogen with a slower evaporation rate', 'EVAPORATION RATE: We test the evaporation rate of our liquid nitrogen tanks by completely filling them with liquid nitrogen and tracking the rate of evaporation', 'CANISTERS: Each of the liquid nitrogen tanks come with six canisters; Five canisters come with holes at the bottom to store biological specimen and one sealed canister for dipping', 'SATISFACTION GUARANTEE: All U.S. Solid products come with a one year satisfaction guarantee; Please feel free to call our customer service department with any comments or concerns that you may have']
2026-02-18 16:06:19,078 | INFO | extractor_logger | Iniciando normalizacion de datos.
2026-02-18 16:06:19,112 | INFO | extractor_logger | Normalización completada correctamente.
2026-02-18 16:06:19,112 | INFO | extractor_logger | DEBUG BULLETS EN NORMALIZER: ['CAPACITY: The U.S. Solid Cryogenic Container Liquid Nitrogen Tank Dewar can hold up to 20 Liters of liquid nitrogen', 'DEWAR: Dewars are designed for the sole purpose of holding extremely cold liquids such as liquid nitrogen; They have the shape, capacity, and material construction to store liquid nitrogen with a slower evaporation rate', 'EVAPORATION RATE: We test the evaporation rate of our liquid nitrogen tanks by completely filling them with liquid nitrogen and tracking the rate of evaporation', 'CANISTERS: Each of the liquid nitrogen tanks come with six canisters; Five canisters come with holes at the bottom to store biological specimen and one sealed canister for dipping', 'SATISFACTION GUARANTEE: All U.S. Solid products come with a one year satisfaction guarantee; Please feel free to call our customer service department with any comments or concerns that you may have']
2026-02-18 16:06:19,120 | INFO | extractor_logger | Validacion exitosa del contrato.
2026-02-18 16:06:19,126 | INFO | extractor_logger | Proceso completo finalizado.
2026-02-18 16:09:49,116 | INFO | extractor_logger | URL válida y dominio permitido.
2026-02-18 16:09:49,118 | INFO | extractor_logger | Proveedor detectado: Amazon
2026-02-18 16:09:49,119 | INFO | extractor_logger | Iniciando extracción real Amazon con Playwright.
2026-02-18 16:09:57,984 | INFO | extractor_logger | Cantidad de candidatos de precio encontrados: 32
2026-02-18 16:09:58,054 | INFO | extractor_logger | [DEBUG PRECIO] Candidato 0: US$13.19
2026-02-18 16:09:58,055 | INFO | extractor_logger | [DEBUG PRECIO] Precio seleccionado: US$13.19
2026-02-18 16:09:58,225 | INFO | extractor_logger | [DEBUG BULLETS] Total encontrados: 1
2026-02-18 16:09:58,269 | INFO | extractor_logger | [DEBUG BULLET] 7037-G Reactivo líquido, indicador de pH, 1 oz.
2026-02-18 16:09:58,894 | INFO | extractor_logger | Extracción real completada correctamente.
2026-02-18 16:09:58,895 | INFO | extractor_logger | DEBUG RETURN BULLETS: ['7037-G Reactivo líquido, indicador de pH, 1 oz.']
2026-02-18 16:09:58,895 | INFO | extractor_logger | Iniciando normalizacion de datos.
2026-02-18 16:09:58,901 | INFO | extractor_logger | Normalización completada correctamente.
2026-02-18 16:09:58,901 | INFO | extractor_logger | DEBUG BULLETS EN NORMALIZER: ['7037-G Reactivo líquido, indicador de pH, 1 oz.']
2026-02-18 16:09:58,916 | INFO | extractor_logger | Validacion exitosa del contrato.
2026-02-18 16:09:58,920 | INFO | extractor_logger | Proceso completo finalizado.
2026-02-18 16:15:52,173 | INFO | extractor_logger | URL válida y dominio permitido.
2026-02-18 16:15:52,175 | INFO | extractor_logger | Proveedor detectado: Amazon
2026-02-18 16:15:52,175 | INFO | extractor_logger | Iniciando extracción real Amazon con Playwright.
2026-02-18 16:16:05,320 | INFO | extractor_logger | Cantidad de candidatos de precio encontrados: 37
2026-02-18 16:16:05,351 | INFO | extractor_logger | [DEBUG PRECIO] Candidato 0: US$64.99
2026-02-18 16:16:05,352 | INFO | extractor_logger | [DEBUG PRECIO] Precio seleccionado: US$64.99
2026-02-18 16:16:05,568 | INFO | extractor_logger | [DEBUG BULLETS] Total encontrados: 5
2026-02-18 16:16:05,608 | INFO | extractor_logger | [DEBUG BULLET] Radios FRS: sin licencia y compatibles con todas las radios de dos vías FRS
2026-02-18 16:16:05,714 | INFO | extractor_logger | [DEBUG BULLET] Fácil emparejamiento y pantalla retroiluminada
2026-02-18 16:16:05,762 | INFO | extractor_logger | [DEBUG BULLET] 22 canales - 121 Códigos de privacidad
2026-02-18 16:16:05,816 | INFO | extractor_logger | [DEBUG BULLET] Doble alimentación y carga USB para aproximadamente 18 horas de duración de la batería con batería de 800 mAh incluida
2026-02-18 16:16:05,869 | INFO | extractor_logger | [DEBUG BULLET] Radio Meteorológica NOAA y Alertas
2026-02-18 16:16:05,965 | INFO | extractor_logger | [DEBUG TECNICO] Dimensiones del producto: 1,22 x 2,11 x 6,49 pulgadas
2026-02-18 16:16:05,982 | INFO | extractor_logger | [DEBUG TECNICO] ASIN: B0916L8D3C
2026-02-18 16:16:06,010 | INFO | extractor_logger | [DEBUG TECNICO] Número de modelo del producto: T270
2026-02-18 16:16:06,053 | INFO | extractor_logger | [DEBUG TECNICO] Pilas: 3 AA necesaria(s), incluida(s)
2026-02-18 16:16:06,078 | INFO | extractor_logger | [DEBUG TECNICO] Opinión media de los clientes: 4.3               4.3 de 5 estrellas         

                         (1,668)      
                    
                    var dpAcrHasRegisteredArcLinkClickAction;
                    P.when('A', 'ready').execute(function(A) {
                        if (dpAcrHasRegisteredArcLinkClickAction !== true) {
                            dpAcrHasRegisteredArcLinkClickAction = true;
                            A.declarative(
                                'acrLink-click-metrics', 'click',
                                { "allowLinkDefault": true },
                                function (event) {
                                    if (window.ue) {
                                        ue.count("acrLinkClickCount", (ue.count("acrLinkClickCount") || 0) + 1);
                                    }
                                }
                            );
                        }
                    });
                
                 
            P.when('A', 'cf').execute(function(A) {
                A.declarative('acrStarsLink-click-metrics', 'click', { "allowLinkDefault" : true },  function(event){
                    if(window.ue) {
                        ue.count("acrStarsLinkWithPopoverClickCount", (ue.count("acrStarsLinkWithPopoverClickCount") || 0) + 1);
                    }
                });
            });
        

           
       4.3 de 5 estrellas
2026-02-18 16:16:06,105 | INFO | extractor_logger | [DEBUG TECNICO] Clasificación en los más vendidos de Amazon: nº22 en Equipos Transmisores-receptores de Radiocomunicación
2026-02-18 16:16:06,144 | INFO | extractor_logger | [DEBUG TECNICO] Tecnologías de conectividad: usb
2026-02-18 16:16:06,180 | INFO | extractor_logger | [DEBUG TECNICO] Características especiales: Silenciador automático
2026-02-18 16:16:06,203 | INFO | extractor_logger | [DEBUG TECNICO] Otras características de pantalla: Inalámbrico
2026-02-18 16:16:06,232 | INFO | extractor_logger | [DEBUG TECNICO] Color: Negro/Azul
2026-02-18 16:16:06,255 | INFO | extractor_logger | [DEBUG TECNICO] ¿Qué hay en la caja?: 16 pegatinas de personalización, 2 radios, 2 clips de cinturón, Adaptador de carga de cable 1 Y con conectores micro USB duales, 1 cargador USB único, Batería, Manual de usuario
2026-02-18 16:16:06,280 | INFO | extractor_logger | [DEBUG TECNICO] Fabricante: Motorola Solutions
2026-02-18 16:16:06,405 | INFO | extractor_logger | [DEBUG TECNICO] Producto en amazon.com desde: marzo 26, 2021
2026-02-18 16:16:06,808 | INFO | extractor_logger | Extracción real completada correctamente.
2026-02-18 16:16:06,808 | INFO | extractor_logger | DEBUG RETURN BULLETS: ['Radios FRS: sin licencia y compatibles con todas las radios de dos vías FRS', 'Fácil emparejamiento y pantalla retroiluminada', '22 canales - 121 Códigos de privacidad', 'Doble alimentación y carga USB para aproximadamente 18 horas de duración de la batería con batería de 800 mAh incluida', 'Radio Meteorológica NOAA y Alertas']
2026-02-18 16:16:06,809 | INFO | extractor_logger | Iniciando normalizacion de datos.
2026-02-18 16:16:06,809 | INFO | extractor_logger | Referencia encontrada (modelo): T270
2026-02-18 16:16:06,810 | INFO | extractor_logger | Normalización completada correctamente.
2026-02-18 16:16:06,810 | INFO | extractor_logger | DEBUG BULLETS EN NORMALIZER: ['Radios FRS: sin licencia y compatibles con todas las radios de dos vías FRS', 'Fácil emparejamiento y pantalla retroiluminada', '22 canales - 121 Códigos de privacidad', 'Doble alimentación y carga USB para aproximadamente 18 horas de duración de la batería con batería de 800 mAh incluida', 'Radio Meteorológica NOAA y Alertas']
2026-02-18 16:16:06,823 | INFO | extractor_logger | Validacion exitosa del contrato.
2026-02-18 16:16:06,828 | INFO | extractor_logger | Proceso completo finalizado.
2026-02-19 09:17:54,008 | INFO | extractor_logger | URL válida y dominio permitido.
2026-02-19 09:17:54,010 | INFO | extractor_logger | Proveedor detectado: Amazon
2026-02-19 09:17:54,010 | INFO | extractor_logger | Iniciando extracción real Amazon con Playwright.
2026-02-19 09:18:20,806 | INFO | extractor_logger | Cantidad de candidatos de precio encontrados: 46
2026-02-19 09:18:20,857 | INFO | extractor_logger | [DEBUG PRECIO] Candidato 0: $259.00
2026-02-19 09:18:20,877 | INFO | extractor_logger | [DEBUG PRECIO] Precio seleccionado: $259.00
2026-02-19 09:18:21,210 | INFO | extractor_logger | [DEBUG BULLETS] Total encontrados: 8
2026-02-19 09:18:21,294 | INFO | extractor_logger | [DEBUG BULLET] Lightweight & Intuitive, Compact Storage [9] - Take it anywhere—this wireless mic fits in your pocket or bag, ready for travel vlogs, street interviews, or capturing ideas on the go.
2026-02-19 09:18:21,380 | INFO | extractor_logger | [DEBUG BULLET] 4TX + 8RX Capability & Four-Channel Output [1] - This lavalier mic's receiver can pair with 4 TX and sync audio to 7 additional RX—ideal for podcasts or group interviews.
2026-02-19 09:18:21,435 | INFO | extractor_logger | [DEBUG BULLET] Consistent, Balanced Audio in Every Scene - Whether you're whispering or shouting, this wireless mic's adaptive gain control [5] keeps your audio crisp in busy cafes or outdoor adventures.
2026-02-19 09:18:21,535 | INFO | extractor_logger | [DEBUG BULLET] Sound Your Best, Anywhere You Record - Choose from three voice tones [3] and two noise-cancelling [5] levels of this wireless mic to match your vibe—cut the noise in studios, parks, or city streets.
2026-02-19 09:18:21,641 | INFO | extractor_logger | [DEBUG BULLET] Crystal-Clear Audio, Even in Crowded Spaces - Dual-band anti-interference [2] of this wireless mic ensures flawless, lossless audio transmission, even at live events or in busy offices.
2026-02-19 09:18:21,808 | INFO | extractor_logger | [DEBUG BULLET] Never Lose a Take with Pro-Grade Backup - Worried about audio clipping or missing takes? Dual-file 32-bit float internal recording of this wireless mic captures every detail for your peace of mind.
2026-02-19 09:18:21,946 | INFO | extractor_logger | [DEBUG BULLET] Includes two DJI Mic 3 TX, one RX, a charging case, a Mic 3 mobile phone adapter (USB-C), and more. Record two voices easily and stay powered for up to 28 hours of filming.
2026-02-19 09:18:21,980 | INFO | extractor_logger | [DEBUG BULLET] DJI Ecosystem Direct Connection - With DJI OsmoAudio, a transmitter can connect to Osmo Mobile 8, Osmo Action 6, Osmo Nano, Osmo 360, Osmo Mobile 7P, Osmo Action 5 Pro, Osmo Action 4, or Osmo Pocket 3 without a receiver, delivering premium audio.
2026-02-19 09:18:22,139 | INFO | extractor_logger | [DEBUG TECNICO] Product Dimensions: 4.21 x 2.32 x 1.69 inches
2026-02-19 09:18:22,200 | INFO | extractor_logger | [DEBUG TECNICO] Item Weight: 7.8 ounces
2026-02-19 09:18:22,272 | INFO | extractor_logger | [DEBUG TECNICO] ASIN: B0F995J8FR
2026-02-19 09:18:22,353 | INFO | extractor_logger | [DEBUG TECNICO] Item model number: 6937224116344
2026-02-19 09:18:22,388 | INFO | extractor_logger | [DEBUG TECNICO] Batteries: 4 C batteries required. (included)
2026-02-19 09:18:22,417 | INFO | extractor_logger | [DEBUG TECNICO] Customer Reviews: 4.6               4.6 out of 5 stars         

                         (990)      
                    
                    var dpAcrHasRegisteredArcLinkClickAction;
                    P.when('A', 'ready').execute(function(A) {
                        if (dpAcrHasRegisteredArcLinkClickAction !== true) {
                            dpAcrHasRegisteredArcLinkClickAction = true;
                            A.declarative(
                                'acrLink-click-metrics', 'click',
                                { "allowLinkDefault": true },
                                function (event) {
                                    if (window.ue) {
                                        ue.count("acrLinkClickCount", (ue.count("acrLinkClickCount") || 0) + 1);
                                    }
                                }
                            );
                        }
                    });
                
                 
            P.when('A', 'cf').execute(function(A) {
                A.declarative('acrStarsLink-click-metrics', 'click', { "allowLinkDefault" : true },  function(event){
                    if(window.ue) {
                        ue.count("acrStarsLinkWithPopoverClickCount", (ue.count("acrStarsLinkWithPopoverClickCount") || 0) + 1);
                    }
                });
            });
        

           
       4.6 out of 5 stars
2026-02-19 09:18:22,511 | INFO | extractor_logger | [DEBUG TECNICO] Best Sellers Rank: #41 in Musical Instruments (See Top 100 in Musical Instruments)  #2 in Wireless Microphone Transmitters & Receivers
2026-02-19 09:18:22,593 | INFO | extractor_logger | [DEBUG TECNICO] Date First Available: August 28, 2025
2026-02-19 09:18:22,630 | INFO | extractor_logger | [DEBUG TECNICO] Manufacturer: DJI
2026-02-19 09:18:22,976 | INFO | extractor_logger | Extracción real completada correctamente.
2026-02-19 09:18:22,978 | INFO | extractor_logger | DEBUG RETURN BULLETS: ['Lightweight & Intuitive, Compact Storage [9] - Take it anywhere—this wireless mic fits in your pocket or bag, ready for travel vlogs, street interviews, or capturing ideas on the go.', "4TX + 8RX Capability & Four-Channel Output [1] - This lavalier mic's receiver can pair with 4 TX and sync audio to 7 additional RX—ideal for podcasts or group interviews.", "Consistent, Balanced Audio in Every Scene - Whether you're whispering or shouting, this wireless mic's adaptive gain control [5] keeps your audio crisp in busy cafes or outdoor adventures.", 'Sound Your Best, Anywhere You Record - Choose from three voice tones [3] and two noise-cancelling [5] levels of this wireless mic to match your vibe—cut the noise in studios, parks, or city streets.', 'Crystal-Clear Audio, Even in Crowded Spaces - Dual-band anti-interference [2] of this wireless mic ensures flawless, lossless audio transmission, even at live events or in busy offices.', 'Never Lose a Take with Pro-Grade Backup - Worried about audio clipping or missing takes? Dual-file 32-bit float internal recording of this wireless mic captures every detail for your peace of mind.', 'Includes two DJI Mic 3 TX, one RX, a charging case, a Mic 3 mobile phone adapter (USB-C), and more. Record two voices easily and stay powered for up to 28 hours of filming.', 'DJI Ecosystem Direct Connection - With DJI OsmoAudio, a transmitter can connect to Osmo Mobile 8, Osmo Action 6, Osmo Nano, Osmo 360, Osmo Mobile 7P, Osmo Action 5 Pro, Osmo Action 4, or Osmo Pocket 3 without a receiver, delivering premium audio.']
2026-02-19 09:18:22,980 | INFO | extractor_logger | Iniciando normalizacion de datos.
2026-02-19 09:18:22,980 | INFO | extractor_logger | Referencia encontrada (modelo): 6937224116344
2026-02-19 09:18:22,983 | INFO | extractor_logger | Normalización completada correctamente.
2026-02-19 09:18:22,984 | INFO | extractor_logger | DEBUG BULLETS EN NORMALIZER: ['Lightweight & Intuitive, Compact Storage [9] - Take it anywhere—this wireless mic fits in your pocket or bag, ready for travel vlogs, street interviews, or capturing ideas on the go.', "4TX + 8RX Capability & Four-Channel Output [1] - This lavalier mic's receiver can pair with 4 TX and sync audio to 7 additional RX—ideal for podcasts or group interviews.", "Consistent, Balanced Audio in Every Scene - Whether you're whispering or shouting, this wireless mic's adaptive gain control [5] keeps your audio crisp in busy cafes or outdoor adventures.", 'Sound Your Best, Anywhere You Record - Choose from three voice tones [3] and two noise-cancelling [5] levels of this wireless mic to match your vibe—cut the noise in studios, parks, or city streets.', 'Crystal-Clear Audio, Even in Crowded Spaces - Dual-band anti-interference [2] of this wireless mic ensures flawless, lossless audio transmission, even at live events or in busy offices.', 'Never Lose a Take with Pro-Grade Backup - Worried about audio clipping or missing takes? Dual-file 32-bit float internal recording of this wireless mic captures every detail for your peace of mind.', 'Includes two DJI Mic 3 TX, one RX, a charging case, a Mic 3 mobile phone adapter (USB-C), and more. Record two voices easily and stay powered for up to 28 hours of filming.', 'DJI Ecosystem Direct Connection - With DJI OsmoAudio, a transmitter can connect to Osmo Mobile 8, Osmo Action 6, Osmo Nano, Osmo 360, Osmo Mobile 7P, Osmo Action 5 Pro, Osmo Action 4, or Osmo Pocket 3 without a receiver, delivering premium audio.']
2026-02-19 09:18:23,007 | INFO | extractor_logger | Validacion exitosa del contrato.
2026-02-19 09:18:23,013 | INFO | extractor_logger | Proceso completo finalizado.
2026-02-19 09:51:44,342 | INFO | extractor_logger | URL válida y dominio permitido.
2026-02-19 09:51:44,343 | INFO | extractor_logger | Proveedor detectado: Amazon
2026-02-19 09:51:44,343 | INFO | extractor_logger | Iniciando extracción real Amazon con Playwright.
2026-02-19 09:52:02,936 | INFO | extractor_logger | Cantidad de candidatos de precio encontrados: 46
2026-02-19 09:52:03,044 | INFO | extractor_logger | [DEBUG PRECIO] Candidato 0: $259.00
2026-02-19 09:52:03,045 | INFO | extractor_logger | [DEBUG PRECIO] Precio seleccionado: $259.00
2026-02-19 09:52:03,610 | INFO | extractor_logger | [DEBUG BULLETS] Total encontrados: 8
2026-02-19 09:52:03,692 | INFO | extractor_logger | [DEBUG BULLET] Lightweight & Intuitive, Compact Storage [9] - Take it anywhere—this wireless mic fits in your pocket or bag, ready for travel vlogs, street interviews, or capturing ideas on the go.
2026-02-19 09:52:03,772 | INFO | extractor_logger | [DEBUG BULLET] 4TX + 8RX Capability & Four-Channel Output [1] - This lavalier mic's receiver can pair with 4 TX and sync audio to 7 additional RX—ideal for podcasts or group interviews.
2026-02-19 09:52:03,858 | INFO | extractor_logger | [DEBUG BULLET] Consistent, Balanced Audio in Every Scene - Whether you're whispering or shouting, this wireless mic's adaptive gain control [5] keeps your audio crisp in busy cafes or outdoor adventures.
2026-02-19 09:52:03,958 | INFO | extractor_logger | [DEBUG BULLET] Sound Your Best, Anywhere You Record - Choose from three voice tones [3] and two noise-cancelling [5] levels of this wireless mic to match your vibe—cut the noise in studios, parks, or city streets.
2026-02-19 09:52:04,153 | INFO | extractor_logger | [DEBUG BULLET] Crystal-Clear Audio, Even in Crowded Spaces - Dual-band anti-interference [2] of this wireless mic ensures flawless, lossless audio transmission, even at live events or in busy offices.
2026-02-19 09:52:04,299 | INFO | extractor_logger | [DEBUG BULLET] Never Lose a Take with Pro-Grade Backup - Worried about audio clipping or missing takes? Dual-file 32-bit float internal recording of this wireless mic captures every detail for your peace of mind.
2026-02-19 09:52:04,411 | INFO | extractor_logger | [DEBUG BULLET] Includes two DJI Mic 3 TX, one RX, a charging case, a Mic 3 mobile phone adapter (USB-C), and more. Record two voices easily and stay powered for up to 28 hours of filming.
2026-02-19 09:52:04,462 | INFO | extractor_logger | [DEBUG BULLET] DJI Ecosystem Direct Connection - With DJI OsmoAudio, a transmitter can connect to Osmo Mobile 8, Osmo Action 6, Osmo Nano, Osmo 360, Osmo Mobile 7P, Osmo Action 5 Pro, Osmo Action 4, or Osmo Pocket 3 without a receiver, delivering premium audio.
2026-02-19 09:52:04,604 | INFO | extractor_logger | [DEBUG TECNICO] Product Dimensions: 4.21 x 2.32 x 1.69 inches
2026-02-19 09:52:04,632 | INFO | extractor_logger | [DEBUG TECNICO] Item Weight: 7.8 ounces
2026-02-19 09:52:04,654 | INFO | extractor_logger | [DEBUG TECNICO] ASIN: B0F995J8FR
2026-02-19 09:52:04,693 | INFO | extractor_logger | [DEBUG TECNICO] Item model number: 6937224116344
2026-02-19 09:52:04,737 | INFO | extractor_logger | [DEBUG TECNICO] Batteries: 4 C batteries required. (included)
2026-02-19 09:52:04,787 | INFO | extractor_logger | [DEBUG TECNICO] Customer Reviews: 4.6               4.6 out of 5 stars         

                         (992)      
                    
                    var dpAcrHasRegisteredArcLinkClickAction;
                    P.when('A', 'ready').execute(function(A) {
                        if (dpAcrHasRegisteredArcLinkClickAction !== true) {
                            dpAcrHasRegisteredArcLinkClickAction = true;
                            A.declarative(
                                'acrLink-click-metrics', 'click',
                                { "allowLinkDefault": true },
                                function (event) {
                                    if (window.ue) {
                                        ue.count("acrLinkClickCount", (ue.count("acrLinkClickCount") || 0) + 1);
                                    }
                                }
                            );
                        }
                    });
                
                 
            P.when('A', 'cf').execute(function(A) {
                A.declarative('acrStarsLink-click-metrics', 'click', { "allowLinkDefault" : true },  function(event){
                    if(window.ue) {
                        ue.count("acrStarsLinkWithPopoverClickCount", (ue.count("acrStarsLinkWithPopoverClickCount") || 0) + 1);
                    }
                });
            });
        

           
       4.6 out of 5 stars
2026-02-19 09:52:04,857 | INFO | extractor_logger | [DEBUG TECNICO] Best Sellers Rank: #41 in Musical Instruments (See Top 100 in Musical Instruments)  #2 in Wireless Microphone Transmitters & Receivers
2026-02-19 09:52:04,895 | INFO | extractor_logger | [DEBUG TECNICO] Date First Available: August 28, 2025
2026-02-19 09:52:04,937 | INFO | extractor_logger | [DEBUG TECNICO] Manufacturer: DJI
2026-02-19 09:52:05,308 | INFO | extractor_logger | Extracción real completada correctamente.
2026-02-19 09:52:05,309 | INFO | extractor_logger | DEBUG RETURN BULLETS: ['Lightweight & Intuitive, Compact Storage [9] - Take it anywhere—this wireless mic fits in your pocket or bag, ready for travel vlogs, street interviews, or capturing ideas on the go.', "4TX + 8RX Capability & Four-Channel Output [1] - This lavalier mic's receiver can pair with 4 TX and sync audio to 7 additional RX—ideal for podcasts or group interviews.", "Consistent, Balanced Audio in Every Scene - Whether you're whispering or shouting, this wireless mic's adaptive gain control [5] keeps your audio crisp in busy cafes or outdoor adventures.", 'Sound Your Best, Anywhere You Record - Choose from three voice tones [3] and two noise-cancelling [5] levels of this wireless mic to match your vibe—cut the noise in studios, parks, or city streets.', 'Crystal-Clear Audio, Even in Crowded Spaces - Dual-band anti-interference [2] of this wireless mic ensures flawless, lossless audio transmission, even at live events or in busy offices.', 'Never Lose a Take with Pro-Grade Backup - Worried about audio clipping or missing takes? Dual-file 32-bit float internal recording of this wireless mic captures every detail for your peace of mind.', 'Includes two DJI Mic 3 TX, one RX, a charging case, a Mic 3 mobile phone adapter (USB-C), and more. Record two voices easily and stay powered for up to 28 hours of filming.', 'DJI Ecosystem Direct Connection - With DJI OsmoAudio, a transmitter can connect to Osmo Mobile 8, Osmo Action 6, Osmo Nano, Osmo 360, Osmo Mobile 7P, Osmo Action 5 Pro, Osmo Action 4, or Osmo Pocket 3 without a receiver, delivering premium audio.']
2026-02-19 09:52:05,310 | INFO | extractor_logger | Iniciando normalizacion de datos.
2026-02-19 09:52:05,311 | INFO | extractor_logger | Referencia encontrada (modelo): 6937224116344
2026-02-19 09:52:05,311 | INFO | extractor_logger | Normalización completada correctamente.
2026-02-19 09:52:05,312 | INFO | extractor_logger | DEBUG BULLETS EN NORMALIZER: ['Lightweight & Intuitive, Compact Storage [9] - Take it anywhere—this wireless mic fits in your pocket or bag, ready for travel vlogs, street interviews, or capturing ideas on the go.', "4TX + 8RX Capability & Four-Channel Output [1] - This lavalier mic's receiver can pair with 4 TX and sync audio to 7 additional RX—ideal for podcasts or group interviews.", "Consistent, Balanced Audio in Every Scene - Whether you're whispering or shouting, this wireless mic's adaptive gain control [5] keeps your audio crisp in busy cafes or outdoor adventures.", 'Sound Your Best, Anywhere You Record - Choose from three voice tones [3] and two noise-cancelling [5] levels of this wireless mic to match your vibe—cut the noise in studios, parks, or city streets.', 'Crystal-Clear Audio, Even in Crowded Spaces - Dual-band anti-interference [2] of this wireless mic ensures flawless, lossless audio transmission, even at live events or in busy offices.', 'Never Lose a Take with Pro-Grade Backup - Worried about audio clipping or missing takes? Dual-file 32-bit float internal recording of this wireless mic captures every detail for your peace of mind.', 'Includes two DJI Mic 3 TX, one RX, a charging case, a Mic 3 mobile phone adapter (USB-C), and more. Record two voices easily and stay powered for up to 28 hours of filming.', 'DJI Ecosystem Direct Connection - With DJI OsmoAudio, a transmitter can connect to Osmo Mobile 8, Osmo Action 6, Osmo Nano, Osmo 360, Osmo Mobile 7P, Osmo Action 5 Pro, Osmo Action 4, or Osmo Pocket 3 without a receiver, delivering premium audio.']
2026-02-19 09:52:05,323 | INFO | extractor_logger | Validacion exitosa del contrato.
2026-02-19 09:52:05,328 | INFO | extractor_logger | Proceso completo finalizado.
2026-02-19 10:40:29,873 | INFO | extractor_logger | URL válida y dominio permitido.
2026-02-19 10:40:29,875 | INFO | extractor_logger | Proveedor detectado: Amazon
2026-02-19 10:40:29,875 | INFO | extractor_logger | Iniciando extracción real Amazon con Playwright.
2026-02-19 10:40:44,432 | INFO | extractor_logger | Cantidad de candidatos de precio encontrados: 46
2026-02-19 10:40:44,485 | INFO | extractor_logger | [DEBUG PRECIO] Candidato 0: $259.00
2026-02-19 10:40:44,486 | INFO | extractor_logger | [DEBUG PRECIO] Precio seleccionado: $259.00
2026-02-19 10:40:44,821 | INFO | extractor_logger | [DEBUG BULLETS] Total encontrados: 8
2026-02-19 10:40:44,921 | INFO | extractor_logger | [DEBUG BULLET] Lightweight & Intuitive, Compact Storage [9] - Take it anywhere—this wireless mic fits in your pocket or bag, ready for travel vlogs, street interviews, or capturing ideas on the go.
2026-02-19 10:40:44,988 | INFO | extractor_logger | [DEBUG BULLET] 4TX + 8RX Capability & Four-Channel Output [1] - This lavalier mic's receiver can pair with 4 TX and sync audio to 7 additional RX—ideal for podcasts or group interviews.
2026-02-19 10:40:45,065 | INFO | extractor_logger | [DEBUG BULLET] Consistent, Balanced Audio in Every Scene - Whether you're whispering or shouting, this wireless mic's adaptive gain control [5] keeps your audio crisp in busy cafes or outdoor adventures.
2026-02-19 10:40:45,118 | INFO | extractor_logger | [DEBUG BULLET] Sound Your Best, Anywhere You Record - Choose from three voice tones [3] and two noise-cancelling [5] levels of this wireless mic to match your vibe—cut the noise in studios, parks, or city streets.
2026-02-19 10:40:45,170 | INFO | extractor_logger | [DEBUG BULLET] Crystal-Clear Audio, Even in Crowded Spaces - Dual-band anti-interference [2] of this wireless mic ensures flawless, lossless audio transmission, even at live events or in busy offices.
2026-02-19 10:40:45,251 | INFO | extractor_logger | [DEBUG BULLET] Never Lose a Take with Pro-Grade Backup - Worried about audio clipping or missing takes? Dual-file 32-bit float internal recording of this wireless mic captures every detail for your peace of mind.
2026-02-19 10:40:45,326 | INFO | extractor_logger | [DEBUG BULLET] Includes two DJI Mic 3 TX, one RX, a charging case, a Mic 3 mobile phone adapter (USB-C), and more. Record two voices easily and stay powered for up to 28 hours of filming.
2026-02-19 10:40:45,373 | INFO | extractor_logger | [DEBUG BULLET] DJI Ecosystem Direct Connection - With DJI OsmoAudio, a transmitter can connect to Osmo Mobile 8, Osmo Action 6, Osmo Nano, Osmo 360, Osmo Mobile 7P, Osmo Action 5 Pro, Osmo Action 4, or Osmo Pocket 3 without a receiver, delivering premium audio.
2026-02-19 10:40:45,480 | INFO | extractor_logger | [DEBUG TECNICO] Product Dimensions: 4.21 x 2.32 x 1.69 inches
2026-02-19 10:40:45,512 | INFO | extractor_logger | [DEBUG TECNICO] Item Weight: 7.8 ounces
2026-02-19 10:40:45,555 | INFO | extractor_logger | [DEBUG TECNICO] ASIN: B0F995J8FR
2026-02-19 10:40:45,727 | INFO | extractor_logger | [DEBUG TECNICO] Item model number: 6937224116344
2026-02-19 10:40:45,766 | INFO | extractor_logger | [DEBUG TECNICO] Batteries: 4 C batteries required. (included)
2026-02-19 10:40:45,804 | INFO | extractor_logger | [DEBUG TECNICO] Customer Reviews: 4.6               4.6 out of 5 stars         

                         (992)      
                    
                    var dpAcrHasRegisteredArcLinkClickAction;
                    P.when('A', 'ready').execute(function(A) {
                        if (dpAcrHasRegisteredArcLinkClickAction !== true) {
                            dpAcrHasRegisteredArcLinkClickAction = true;
                            A.declarative(
                                'acrLink-click-metrics', 'click',
                                { "allowLinkDefault": true },
                                function (event) {
                                    if (window.ue) {
                                        ue.count("acrLinkClickCount", (ue.count("acrLinkClickCount") || 0) + 1);
                                    }
                                }
                            );
                        }
                    });
                
                 
            P.when('A', 'cf').execute(function(A) {
                A.declarative('acrStarsLink-click-metrics', 'click', { "allowLinkDefault" : true },  function(event){
                    if(window.ue) {
                        ue.count("acrStarsLinkWithPopoverClickCount", (ue.count("acrStarsLinkWithPopoverClickCount") || 0) + 1);
                    }
                });
            });
        

           
       4.6 out of 5 stars
2026-02-19 10:40:45,836 | INFO | extractor_logger | [DEBUG TECNICO] Best Sellers Rank: #41 in Musical Instruments (See Top 100 in Musical Instruments)  #2 in Wireless Microphone Transmitters & Receivers
2026-02-19 10:40:45,870 | INFO | extractor_logger | [DEBUG TECNICO] Date First Available: August 28, 2025
2026-02-19 10:40:45,913 | INFO | extractor_logger | [DEBUG TECNICO] Manufacturer: DJI
2026-02-19 10:40:46,365 | INFO | extractor_logger | Extracción real completada correctamente.
2026-02-19 10:40:46,368 | INFO | extractor_logger | DEBUG RETURN BULLETS: ['Lightweight & Intuitive, Compact Storage [9] - Take it anywhere—this wireless mic fits in your pocket or bag, ready for travel vlogs, street interviews, or capturing ideas on the go.', "4TX + 8RX Capability & Four-Channel Output [1] - This lavalier mic's receiver can pair with 4 TX and sync audio to 7 additional RX—ideal for podcasts or group interviews.", "Consistent, Balanced Audio in Every Scene - Whether you're whispering or shouting, this wireless mic's adaptive gain control [5] keeps your audio crisp in busy cafes or outdoor adventures.", 'Sound Your Best, Anywhere You Record - Choose from three voice tones [3] and two noise-cancelling [5] levels of this wireless mic to match your vibe—cut the noise in studios, parks, or city streets.', 'Crystal-Clear Audio, Even in Crowded Spaces - Dual-band anti-interference [2] of this wireless mic ensures flawless, lossless audio transmission, even at live events or in busy offices.', 'Never Lose a Take with Pro-Grade Backup - Worried about audio clipping or missing takes? Dual-file 32-bit float internal recording of this wireless mic captures every detail for your peace of mind.', 'Includes two DJI Mic 3 TX, one RX, a charging case, a Mic 3 mobile phone adapter (USB-C), and more. Record two voices easily and stay powered for up to 28 hours of filming.', 'DJI Ecosystem Direct Connection - With DJI OsmoAudio, a transmitter can connect to Osmo Mobile 8, Osmo Action 6, Osmo Nano, Osmo 360, Osmo Mobile 7P, Osmo Action 5 Pro, Osmo Action 4, or Osmo Pocket 3 without a receiver, delivering premium audio.']
2026-02-19 10:40:46,370 | INFO | extractor_logger | Iniciando normalizacion de datos.
2026-02-19 10:40:46,371 | INFO | extractor_logger | Referencia encontrada (modelo): 6937224116344
2026-02-19 10:40:46,375 | INFO | extractor_logger | Normalización completada correctamente.
2026-02-19 10:40:46,377 | INFO | extractor_logger | DEBUG BULLETS EN NORMALIZER: ['Lightweight & Intuitive, Compact Storage [9] - Take it anywhere—this wireless mic fits in your pocket or bag, ready for travel vlogs, street interviews, or capturing ideas on the go.', "4TX + 8RX Capability & Four-Channel Output [1] - This lavalier mic's receiver can pair with 4 TX and sync audio to 7 additional RX—ideal for podcasts or group interviews.", "Consistent, Balanced Audio in Every Scene - Whether you're whispering or shouting, this wireless mic's adaptive gain control [5] keeps your audio crisp in busy cafes or outdoor adventures.", 'Sound Your Best, Anywhere You Record - Choose from three voice tones [3] and two noise-cancelling [5] levels of this wireless mic to match your vibe—cut the noise in studios, parks, or city streets.', 'Crystal-Clear Audio, Even in Crowded Spaces - Dual-band anti-interference [2] of this wireless mic ensures flawless, lossless audio transmission, even at live events or in busy offices.', 'Never Lose a Take with Pro-Grade Backup - Worried about audio clipping or missing takes? Dual-file 32-bit float internal recording of this wireless mic captures every detail for your peace of mind.', 'Includes two DJI Mic 3 TX, one RX, a charging case, a Mic 3 mobile phone adapter (USB-C), and more. Record two voices easily and stay powered for up to 28 hours of filming.', 'DJI Ecosystem Direct Connection - With DJI OsmoAudio, a transmitter can connect to Osmo Mobile 8, Osmo Action 6, Osmo Nano, Osmo 360, Osmo Mobile 7P, Osmo Action 5 Pro, Osmo Action 4, or Osmo Pocket 3 without a receiver, delivering premium audio.']
2026-02-19 10:40:46,381 | INFO | extractor_logger | Iniciando capa de traducción.
2026-02-19 10:40:49,430 | INFO | extractor_logger | Traducción completada.
2026-02-19 10:40:49,444 | INFO | extractor_logger | Validacion exitosa del contrato.
2026-02-19 10:40:49,448 | INFO | extractor_logger | Proceso completo finalizado.
2026-02-19 11:42:02,742 | INFO | extractor_logger | URL válida y dominio permitido.
2026-02-19 11:42:02,743 | INFO | extractor_logger | Proveedor detectado: Amazon
2026-02-19 11:42:02,744 | INFO | extractor_logger | Iniciando extracción real Amazon con Playwright.
2026-02-19 11:42:16,271 | INFO | extractor_logger | Cantidad de candidatos de precio encontrados: 24
2026-02-19 11:42:16,678 | INFO | extractor_logger | [DEBUG PRECIO] Candidato 0: $259.00
2026-02-19 11:42:16,688 | INFO | extractor_logger | [DEBUG PRECIO] Precio seleccionado: $259.00
2026-02-19 11:42:17,489 | INFO | extractor_logger | [DEBUG BULLETS] Total encontrados: 8
2026-02-19 11:42:17,751 | INFO | extractor_logger | [DEBUG BULLET] Lightweight & Intuitive, Compact Storage [9] - Take it anywhere—this wireless mic fits in your pocket or bag, ready for travel vlogs, street interviews, or capturing ideas on the go.
2026-02-19 11:42:18,057 | INFO | extractor_logger | [DEBUG BULLET] 4TX + 8RX Capability & Four-Channel Output [1] - This lavalier mic's receiver can pair with 4 TX and sync audio to 7 additional RX—ideal for podcasts or group interviews.
2026-02-19 11:42:18,352 | INFO | extractor_logger | [DEBUG BULLET] Consistent, Balanced Audio in Every Scene - Whether you're whispering or shouting, this wireless mic's adaptive gain control [5] keeps your audio crisp in busy cafes or outdoor adventures.
2026-02-19 11:42:18,487 | INFO | extractor_logger | [DEBUG BULLET] Sound Your Best, Anywhere You Record - Choose from three voice tones [3] and two noise-cancelling [5] levels of this wireless mic to match your vibe—cut the noise in studios, parks, or city streets.
2026-02-19 11:42:18,659 | INFO | extractor_logger | [DEBUG BULLET] Crystal-Clear Audio, Even in Crowded Spaces - Dual-band anti-interference [2] of this wireless mic ensures flawless, lossless audio transmission, even at live events or in busy offices.
2026-02-19 11:42:18,866 | INFO | extractor_logger | [DEBUG BULLET] Never Lose a Take with Pro-Grade Backup - Worried about audio clipping or missing takes? Dual-file 32-bit float internal recording of this wireless mic captures every detail for your peace of mind.
2026-02-19 11:42:18,988 | INFO | extractor_logger | [DEBUG BULLET] Includes two DJI Mic 3 TX, one RX, a charging case, a Mic 3 mobile phone adapter (USB-C), and more. Record two voices easily and stay powered for up to 28 hours of filming.
2026-02-19 11:42:19,136 | INFO | extractor_logger | [DEBUG BULLET] DJI Ecosystem Direct Connection - With DJI OsmoAudio, a transmitter can connect to Osmo Mobile 8, Osmo Action 6, Osmo Nano, Osmo 360, Osmo Mobile 7P, Osmo Action 5 Pro, Osmo Action 4, or Osmo Pocket 3 without a receiver, delivering premium audio.
2026-02-19 11:42:19,649 | INFO | extractor_logger | [DEBUG TECNICO] Product Dimensions: 4.21 x 2.32 x 1.69 inches
2026-02-19 11:42:19,793 | INFO | extractor_logger | [DEBUG TECNICO] Item Weight: 7.8 ounces
2026-02-19 11:42:19,900 | INFO | extractor_logger | [DEBUG TECNICO] ASIN: B0F995J8FR
2026-02-19 11:42:20,026 | INFO | extractor_logger | [DEBUG TECNICO] Item model number: 6937224116344
2026-02-19 11:42:20,155 | INFO | extractor_logger | [DEBUG TECNICO] Batteries: 4 C batteries required. (included)
2026-02-19 11:42:20,299 | INFO | extractor_logger | [DEBUG TECNICO] Customer Reviews: 4.6               4.6 out of 5 stars         

                         (992)      
                    
                    var dpAcrHasRegisteredArcLinkClickAction;
                    P.when('A', 'ready').execute(function(A) {
                        if (dpAcrHasRegisteredArcLinkClickAction !== true) {
                            dpAcrHasRegisteredArcLinkClickAction = true;
                            A.declarative(
                                'acrLink-click-metrics', 'click',
                                { "allowLinkDefault": true },
                                function (event) {
                                    if (window.ue) {
                                        ue.count("acrLinkClickCount", (ue.count("acrLinkClickCount") || 0) + 1);
                                    }
                                }
                            );
                        }
                    });
                
                 
            P.when('A', 'cf').execute(function(A) {
                A.declarative('acrStarsLink-click-metrics', 'click', { "allowLinkDefault" : true },  function(event){
                    if(window.ue) {
                        ue.count("acrStarsLinkWithPopoverClickCount", (ue.count("acrStarsLinkWithPopoverClickCount") || 0) + 1);
                    }
                });
            });
        

           
       4.6 out of 5 stars
2026-02-19 11:42:20,419 | INFO | extractor_logger | [DEBUG TECNICO] Best Sellers Rank: #41 in Musical Instruments (See Top 100 in Musical Instruments)  #2 in Wireless Microphone Transmitters & Receivers
2026-02-19 11:42:20,463 | INFO | extractor_logger | [DEBUG TECNICO] Date First Available: August 28, 2025
2026-02-19 11:42:20,524 | INFO | extractor_logger | [DEBUG TECNICO] Manufacturer: DJI
2026-02-19 11:42:20,896 | INFO | extractor_logger | Extracción real completada correctamente.
2026-02-19 11:42:20,896 | INFO | extractor_logger | DEBUG RETURN BULLETS: ['Lightweight & Intuitive, Compact Storage [9] - Take it anywhere—this wireless mic fits in your pocket or bag, ready for travel vlogs, street interviews, or capturing ideas on the go.', "4TX + 8RX Capability & Four-Channel Output [1] - This lavalier mic's receiver can pair with 4 TX and sync audio to 7 additional RX—ideal for podcasts or group interviews.", "Consistent, Balanced Audio in Every Scene - Whether you're whispering or shouting, this wireless mic's adaptive gain control [5] keeps your audio crisp in busy cafes or outdoor adventures.", 'Sound Your Best, Anywhere You Record - Choose from three voice tones [3] and two noise-cancelling [5] levels of this wireless mic to match your vibe—cut the noise in studios, parks, or city streets.', 'Crystal-Clear Audio, Even in Crowded Spaces - Dual-band anti-interference [2] of this wireless mic ensures flawless, lossless audio transmission, even at live events or in busy offices.', 'Never Lose a Take with Pro-Grade Backup - Worried about audio clipping or missing takes? Dual-file 32-bit float internal recording of this wireless mic captures every detail for your peace of mind.', 'Includes two DJI Mic 3 TX, one RX, a charging case, a Mic 3 mobile phone adapter (USB-C), and more. Record two voices easily and stay powered for up to 28 hours of filming.', 'DJI Ecosystem Direct Connection - With DJI OsmoAudio, a transmitter can connect to Osmo Mobile 8, Osmo Action 6, Osmo Nano, Osmo 360, Osmo Mobile 7P, Osmo Action 5 Pro, Osmo Action 4, or Osmo Pocket 3 without a receiver, delivering premium audio.']
2026-02-19 11:42:20,897 | INFO | extractor_logger | Iniciando normalizacion de datos.
2026-02-19 11:42:20,897 | INFO | extractor_logger | Referencia encontrada (modelo): 6937224116344
2026-02-19 11:42:20,898 | INFO | extractor_logger | Normalización completada correctamente.
2026-02-19 11:42:20,898 | INFO | extractor_logger | Iniciando capa de traducción.
2026-02-19 11:42:24,812 | INFO | extractor_logger | Traducción completada.
2026-02-19 11:42:24,823 | INFO | extractor_logger | Validacion exitosa del contrato.
2026-02-19 11:42:24,828 | INFO | extractor_logger | Proceso completo finalizado.
2026-02-19 16:14:35,809 | INFO | extractor_logger | URL válida y dominio permitido.
2026-02-19 16:14:35,828 | INFO | extractor_logger | Proveedor detectado: Amazon
2026-02-19 16:14:35,829 | INFO | extractor_logger | Iniciando extracción real Amazon con Playwright.
2026-02-19 16:14:57,043 | INFO | extractor_logger | Cantidad de candidatos de precio encontrados: 9
2026-02-19 16:14:57,083 | INFO | extractor_logger | [DEBUG PRECIO] Candidato 0: US$657.80
2026-02-19 16:14:57,085 | INFO | extractor_logger | [DEBUG PRECIO] Precio seleccionado: US$657.80
2026-02-19 16:15:07,101 | WARNING | extractor_logger | No se pudieron extraer bullets.
2026-02-19 16:15:07,102 | WARNING | extractor_logger | Page.wait_for_selector: Timeout 10000ms exceeded.
Call log:
  - waiting for locator("#feature-bullets") to be visible
    24 × locator resolved to hidden <div id="feature-bullets" class="a-section a-spacing-medium a-spacing-top-small">                                          </div>

2026-02-19 16:15:07,149 | INFO | extractor_logger | [DEBUG TECNICO] Dimensiones del paquete: 19,21 x 18,98 x 18,15 pulgadas
2026-02-19 16:15:07,178 | INFO | extractor_logger | [DEBUG TECNICO] ASIN: B07FYSLQFM
2026-02-19 16:15:07,202 | INFO | extractor_logger | [DEBUG TECNICO] Opinión media de los clientes: 4.1               4.1 de 5 estrellas         

                         (53)      
                    
                    var dpAcrHasRegisteredArcLinkClickAction;
                    P.when('A', 'ready').execute(function(A) {
                        if (dpAcrHasRegisteredArcLinkClickAction !== true) {
                            dpAcrHasRegisteredArcLinkClickAction = true;
                            A.declarative(
                                'acrLink-click-metrics', 'click',
                                { "allowLinkDefault": true },
                                function (event) {
                                    if (window.ue) {
                                        ue.count("acrLinkClickCount", (ue.count("acrLinkClickCount") || 0) + 1);
                                    }
                                }
                            );
                        }
                    });
                
                 
            P.when('A', 'cf').execute(function(A) {
                A.declarative('acrStarsLink-click-metrics', 'click', { "allowLinkDefault" : true },  function(event){
                    if(window.ue) {
                        ue.count("acrStarsLinkWithPopoverClickCount", (ue.count("acrStarsLinkWithPopoverClickCount") || 0) + 1);
                    }
                });
            });
        

           
       4.1 de 5 estrellas
2026-02-19 16:15:07,231 | INFO | extractor_logger | [DEBUG TECNICO] Clasificación en los más vendidos de Amazon: nº1,604,780 en Automotriz (Ver el Top 100 en Automotriz)  nº2,583 en Cargadores de Batería para Auto
2026-02-19 16:15:07,255 | INFO | extractor_logger | [DEBUG TECNICO] Descatalogado por el fabricante: No
2026-02-19 16:15:07,286 | INFO | extractor_logger | [DEBUG TECNICO] Producto en amazon.com desde: julio 27, 2018
2026-02-19 16:15:07,307 | INFO | extractor_logger | [DEBUG TECNICO] Fabricante: Nivel
2026-02-19 16:15:07,616 | INFO | extractor_logger | Extracción real completada correctamente.
2026-02-19 16:15:07,617 | INFO | extractor_logger | DEBUG RETURN BULLETS: []
2026-02-19 16:15:07,618 | INFO | extractor_logger | Iniciando normalizacion de datos.
2026-02-19 16:15:07,619 | INFO | extractor_logger | Referencia encontrada (ASIN tabla): B07FYSLQFM
2026-02-19 16:15:07,620 | INFO | extractor_logger | Normalización completada correctamente.
2026-02-19 16:15:07,620 | INFO | extractor_logger | Iniciando capa de traducción.
2026-02-19 16:15:09,600 | INFO | extractor_logger | Traducción completada.
2026-02-19 16:15:09,619 | INFO | extractor_logger | Validacion exitosa del contrato.
2026-02-19 16:15:09,625 | INFO | extractor_logger | Proceso completo finalizado.
2026-02-19 16:16:25,491 | INFO | extractor_logger | URL válida y dominio permitido.
2026-02-19 16:16:25,494 | INFO | extractor_logger | Proveedor detectado: Amazon
2026-02-19 16:16:25,495 | INFO | extractor_logger | Iniciando extracción real Amazon con Playwright.
2026-02-19 16:16:33,770 | INFO | extractor_logger | Cantidad de candidatos de precio encontrados: 7
2026-02-19 16:16:33,782 | INFO | extractor_logger | [DEBUG PRECIO] Candidato 0: US$672.99
2026-02-19 16:16:33,783 | INFO | extractor_logger | [DEBUG PRECIO] Precio seleccionado: US$672.99
2026-02-19 16:16:33,888 | INFO | extractor_logger | [DEBUG BULLETS] Total encontrados: 10
2026-02-19 16:16:33,902 | INFO | extractor_logger | [DEBUG BULLET] DJI Autorizado en EE. UU. - Protección completa en EE. UU | OSMO Pocket 3 - Impresionante video de 4K/120fps y sensor CMOS de 1 pulgada – Captura detalles impresionantes con un gran sensor CMOS de 1 pulgada que ofrece imágenes nítidas y vibrantes incluso en condiciones de poca luz. Graba en 4K/120fps a cámara lenta para obtener momentos cinematográficos ultra suaves.
2026-02-19 16:16:33,928 | INFO | extractor_logger | [DEBUG BULLET] Estabilización sólida como una roca de tres ejes: graba imágenes estables y sin sacudidas en cualquier lugar. El avanzado cardán de 3 ejes garantiza una estabilidad a nivel profesional ya sea que estés caminando, corriendo o filmando tomas de acción dinámica.
2026-02-19 16:16:33,947 | INFO | extractor_logger | [DEBUG BULLET] Pantalla táctil OLED giratoria de 2 pulgadas: cambia sin problemas entre tomas horizontales y verticales con la pantalla OLED grande y giratoria. Ajuste sin esfuerzo la configuración, realice un seguimiento de los sujetos y obtenga una vista previa de las tomas con imágenes nítidas.
2026-02-19 16:16:33,974 | INFO | extractor_logger | [DEBUG BULLET] Enfoque rápido de píxel completo + Modo de presentación de productos: fija el enfoque en sujetos en movimiento con precisión ultrarrápida. Perfecto para vlogs y transmisión en vivo, el modo Product Showcase cambia suavemente el enfoque hacia el primer plano para presentaciones claras y atractivas.
2026-02-19 16:16:33,991 | INFO | extractor_logger | [DEBUG BULLET] Seguimiento más inteligente con ActiveTrack 6.0 – Mantente en el encuadre sin usar las manos. Los modos inteligentes como la detección automática de cara y el encuadre dinámico te mantienen perfectamente centrado mientras te mueves, ofreciendo imágenes de calidad profesional con facilidad.
2026-02-19 16:16:34,019 | INFO | extractor_logger | [DEBUG BULLET] Color de nivel profesional con 10 bits D-Log M y HLG – Desbloquea la libertad creativa con un color rico y realista. Graba hasta mil millones de colores con soporte HDR para una impresionante flexibilidad de posproducción e impresionantes imágenes cinematográficas.
2026-02-19 16:16:34,154 | INFO | extractor_logger | [DEBUG BULLET] Audio nítido en cualquier lugar: captura sonido envolvente con una matriz integrada de 3 micrófonos que reduce el ruido del viento. Conéctate sin problemas a dos transmisores DJI Mic 2 para vlogs de dos personas, entrevistas o eventos en vivo.
2026-02-19 16:16:34,187 | INFO | extractor_logger | [DEBUG BULLET] Compacto, de carga rápida y listo para viajar: el diseño de tamaño de bolsillo cabe en tu mano o bolso, listo para cualquier aventura. Graba durante más tiempo con hasta 166 minutos de duración de la batería, y recarga un 80% en solo 16 minutos para no perderte ni un momento.
2026-02-19 16:16:34,194 | INFO | extractor_logger | [DEBUG BULLET] EN LA CAJA: Osmo Pocket 3 | Cable PD de Type-C a Type-C | Funda Protectora Osmo Pocket 3 | Correa de Muñeca DJI | Mango Osmo Pocket 3 con Rosca de 1/4"
2026-02-19 16:16:34,233 | INFO | extractor_logger | [DEBUG BULLET] PAQUETE INCLUYE: Guía maestra no oficial Deco Gear para el DJI Osmo Pocket 3 | Micrófono de solapa mini de 3.5mm Deco Essentials con clip para computadora, negro | Tarjeta de memoria microSDHC/microSDXC UHS-I de alto rendimiento Lexar 633x de 128GB | Paño de limpieza de microfibra Deco Gear de 6 x 6 pulgadas
2026-02-19 16:16:34,385 | INFO | extractor_logger | [DEBUG TECNICO] Dimensiones del producto: 1,3 x 1,7 x 5,5 pulgadas
2026-02-19 16:16:34,447 | INFO | extractor_logger | [DEBUG TECNICO] ASIN: B0FTGR7ZDZ
2026-02-19 16:16:34,510 | INFO | extractor_logger | [DEBUG TECNICO] Número de modelo del producto: E4DJIOSMOPOCK3
2026-02-19 16:16:34,581 | INFO | extractor_logger | [DEBUG TECNICO] Pilas: 1 CR5 necesaria(s), incluida(s)
2026-02-19 16:16:34,601 | INFO | extractor_logger | [DEBUG TECNICO] Opinión media de los clientes: 3.9               3.9 de 5 estrellas         

                         (183)      
                    
                    var dpAcrHasRegisteredArcLinkClickAction;
                    P.when('A', 'ready').execute(function(A) {
                        if (dpAcrHasRegisteredArcLinkClickAction !== true) {
                            dpAcrHasRegisteredArcLinkClickAction = true;
                            A.declarative(
                                'acrLink-click-metrics', 'click',
                                { "allowLinkDefault": true },
                                function (event) {
                                    if (window.ue) {
                                        ue.count("acrLinkClickCount", (ue.count("acrLinkClickCount") || 0) + 1);
                                    }
                                }
                            );
                        }
                    });
                
                 
            P.when('A', 'cf').execute(function(A) {
                A.declarative('acrStarsLink-click-metrics', 'click', { "allowLinkDefault" : true },  function(event){
                    if(window.ue) {
                        ue.count("acrStarsLinkWithPopoverClickCount", (ue.count("acrStarsLinkWithPopoverClickCount") || 0) + 1);
                    }
                });
            });
        

           
       3.9 de 5 estrellas
2026-02-19 16:16:34,626 | INFO | extractor_logger | [DEBUG TECNICO] Clasificación en los más vendidos de Amazon: nº63,489 en Electrónica (Ver el Top 100 en Electrónica)  nº299 en Videocámaras para Deportes y Acción
2026-02-19 16:16:34,662 | INFO | extractor_logger | [DEBUG TECNICO] Producto en amazon.com desde: octubre 1, 2025
2026-02-19 16:16:34,682 | INFO | extractor_logger | [DEBUG TECNICO] Fabricante: DJI
2026-02-19 16:16:34,922 | INFO | extractor_logger | Extracción real completada correctamente.
2026-02-19 16:16:34,922 | INFO | extractor_logger | DEBUG RETURN BULLETS: ['DJI Autorizado en EE. UU. - Protección completa en EE. UU | OSMO Pocket 3 - Impresionante video de 4K/120fps y sensor CMOS de 1 pulgada – Captura detalles impresionantes con un gran sensor CMOS de 1 pulgada que ofrece imágenes nítidas y vibrantes incluso en condiciones de poca luz. Graba en 4K/120fps a cámara lenta para obtener momentos cinematográficos ultra suaves.', 'Estabilización sólida como una roca de tres ejes: graba imágenes estables y sin sacudidas en cualquier lugar. El avanzado cardán de 3 ejes garantiza una estabilidad a nivel profesional ya sea que estés caminando, corriendo o filmando tomas de acción dinámica.', 'Pantalla táctil OLED giratoria de 2 pulgadas: cambia sin problemas entre tomas horizontales y verticales con la pantalla OLED grande y giratoria. Ajuste sin esfuerzo la configuración, realice un seguimiento de los sujetos y obtenga una vista previa de las tomas con imágenes nítidas.', 'Enfoque rápido de píxel completo + Modo de presentación de productos: fija el enfoque en sujetos en movimiento con precisión ultrarrápida. Perfecto para vlogs y transmisión en vivo, el modo Product Showcase cambia suavemente el enfoque hacia el primer plano para presentaciones claras y atractivas.', 'Seguimiento más inteligente con ActiveTrack 6.0 – Mantente en el encuadre sin usar las manos. Los modos inteligentes como la detección automática de cara y el encuadre dinámico te mantienen perfectamente centrado mientras te mueves, ofreciendo imágenes de calidad profesional con facilidad.', 'Color de nivel profesional con 10 bits D-Log M y HLG – Desbloquea la libertad creativa con un color rico y realista. Graba hasta mil millones de colores con soporte HDR para una impresionante flexibilidad de posproducción e impresionantes imágenes cinematográficas.', 'Audio nítido en cualquier lugar: captura sonido envolvente con una matriz integrada de 3 micrófonos que reduce el ruido del viento. Conéctate sin problemas a dos transmisores DJI Mic 2 para vlogs de dos personas, entrevistas o eventos en vivo.', 'Compacto, de carga rápida y listo para viajar: el diseño de tamaño de bolsillo cabe en tu mano o bolso, listo para cualquier aventura. Graba durante más tiempo con hasta 166 minutos de duración de la batería, y recarga un 80% en solo 16 minutos para no perderte ni un momento.', 'EN LA CAJA: Osmo Pocket 3 | Cable PD de Type-C a Type-C | Funda Protectora Osmo Pocket 3 | Correa de Muñeca DJI | Mango Osmo Pocket 3 con Rosca de 1/4"', 'PAQUETE INCLUYE: Guía maestra no oficial Deco Gear para el DJI Osmo Pocket 3 | Micrófono de solapa mini de 3.5mm Deco Essentials con clip para computadora, negro | Tarjeta de memoria microSDHC/microSDXC UHS-I de alto rendimiento Lexar 633x de 128GB | Paño de limpieza de microfibra Deco Gear de 6 x 6 pulgadas']
2026-02-19 16:16:34,923 | INFO | extractor_logger | Iniciando normalizacion de datos.
2026-02-19 16:16:34,924 | INFO | extractor_logger | Referencia encontrada (modelo): E4DJIOSMOPOCK3
2026-02-19 16:16:34,925 | INFO | extractor_logger | Normalización completada correctamente.
2026-02-19 16:16:34,925 | INFO | extractor_logger | Iniciando capa de traducción.
2026-02-19 16:16:36,434 | INFO | extractor_logger | Traducción completada.
2026-02-19 16:16:36,451 | INFO | extractor_logger | Validacion exitosa del contrato.
2026-02-19 16:16:36,455 | INFO | extractor_logger | Proceso completo finalizado.
2026-02-20 07:51:54,718 | INFO | extractor_logger | URL válida y dominio permitido.
2026-02-20 07:51:54,721 | INFO | extractor_logger | Proveedor detectado: Amazon
2026-02-20 07:51:54,721 | INFO | extractor_logger | Iniciando extracción real Amazon con Playwright.
2026-02-20 07:52:21,727 | INFO | extractor_logger | Cantidad de candidatos de precio encontrados: 8
2026-02-20 07:52:21,737 | INFO | extractor_logger | [DEBUG PRECIO] Candidato 0: US$672.99
2026-02-20 07:52:21,737 | INFO | extractor_logger | [DEBUG PRECIO] Precio seleccionado: US$672.99
2026-02-20 07:52:21,814 | INFO | extractor_logger | [DEBUG BULLETS] Total encontrados: 10
2026-02-20 07:52:21,838 | INFO | extractor_logger | [DEBUG BULLET] DJI Autorizado en EE. UU. - Protección completa en EE. UU | OSMO Pocket 3 - Impresionante video de 4K/120fps y sensor CMOS de 1 pulgada – Captura detalles impresionantes con un gran sensor CMOS de 1 pulgada que ofrece imágenes nítidas y vibrantes incluso en condiciones de poca luz. Graba en 4K/120fps a cámara lenta para obtener momentos cinematográficos ultra suaves.
2026-02-20 07:52:21,851 | INFO | extractor_logger | [DEBUG BULLET] Estabilización sólida como una roca de tres ejes: graba imágenes estables y sin sacudidas en cualquier lugar. El avanzado cardán de 3 ejes garantiza una estabilidad a nivel profesional ya sea que estés caminando, corriendo o filmando tomas de acción dinámica.
2026-02-20 07:52:21,863 | INFO | extractor_logger | [DEBUG BULLET] Pantalla táctil OLED giratoria de 2 pulgadas: cambia sin problemas entre tomas horizontales y verticales con la pantalla OLED grande y giratoria. Ajuste sin esfuerzo la configuración, realice un seguimiento de los sujetos y obtenga una vista previa de las tomas con imágenes nítidas.
2026-02-20 07:52:21,884 | INFO | extractor_logger | [DEBUG BULLET] Enfoque rápido de píxel completo + Modo de presentación de productos: fija el enfoque en sujetos en movimiento con precisión ultrarrápida. Perfecto para vlogs y transmisión en vivo, el modo Product Showcase cambia suavemente el enfoque hacia el primer plano para presentaciones claras y atractivas.
2026-02-20 07:52:21,911 | INFO | extractor_logger | [DEBUG BULLET] Seguimiento más inteligente con ActiveTrack 6.0 – Mantente en el encuadre sin usar las manos. Los modos inteligentes como la detección automática de cara y el encuadre dinámico te mantienen perfectamente centrado mientras te mueves, ofreciendo imágenes de calidad profesional con facilidad.
2026-02-20 07:52:21,928 | INFO | extractor_logger | [DEBUG BULLET] Color de nivel profesional con 10 bits D-Log M y HLG – Desbloquea la libertad creativa con un color rico y realista. Graba hasta mil millones de colores con soporte HDR para una impresionante flexibilidad de posproducción e impresionantes imágenes cinematográficas.
2026-02-20 07:52:21,952 | INFO | extractor_logger | [DEBUG BULLET] Audio nítido en cualquier lugar: captura sonido envolvente con una matriz integrada de 3 micrófonos que reduce el ruido del viento. Conéctate sin problemas a dos transmisores DJI Mic 2 para vlogs de dos personas, entrevistas o eventos en vivo.
2026-02-20 07:52:22,008 | INFO | extractor_logger | [DEBUG BULLET] Compacto, de carga rápida y listo para viajar: el diseño de tamaño de bolsillo cabe en tu mano o bolso, listo para cualquier aventura. Graba durante más tiempo con hasta 166 minutos de duración de la batería, y recarga un 80% en solo 16 minutos para no perderte ni un momento.
2026-02-20 07:52:22,065 | INFO | extractor_logger | [DEBUG BULLET] EN LA CAJA: Osmo Pocket 3 | Cable PD de Type-C a Type-C | Funda Protectora Osmo Pocket 3 | Correa de Muñeca DJI | Mango Osmo Pocket 3 con Rosca de 1/4"
2026-02-20 07:52:22,086 | INFO | extractor_logger | [DEBUG BULLET] PAQUETE INCLUYE: Guía maestra no oficial Deco Gear para el DJI Osmo Pocket 3 | Micrófono de solapa mini de 3.5mm Deco Essentials con clip para computadora, negro | Tarjeta de memoria microSDHC/microSDXC UHS-I de alto rendimiento Lexar 633x de 128GB | Paño de limpieza de microfibra Deco Gear de 6 x 6 pulgadas
2026-02-20 07:52:22,237 | INFO | extractor_logger | [DEBUG TECNICO] Dimensiones del producto: 1,3 x 1,7 x 5,5 pulgadas
2026-02-20 07:52:22,276 | INFO | extractor_logger | [DEBUG TECNICO] ASIN: B0FTGR7ZDZ
2026-02-20 07:52:22,295 | INFO | extractor_logger | [DEBUG TECNICO] Número de modelo del producto: E4DJIOSMOPOCK3
2026-02-20 07:52:22,313 | INFO | extractor_logger | [DEBUG TECNICO] Pilas: 1 CR5 necesaria(s), incluida(s)
2026-02-20 07:52:22,335 | INFO | extractor_logger | [DEBUG TECNICO] Opinión media de los clientes: 3.9               3.9 de 5 estrellas         

                         (183)      
                    
                    var dpAcrHasRegisteredArcLinkClickAction;
                    P.when('A', 'ready').execute(function(A) {
                        if (dpAcrHasRegisteredArcLinkClickAction !== true) {
                            dpAcrHasRegisteredArcLinkClickAction = true;
                            A.declarative(
                                'acrLink-click-metrics', 'click',
                                { "allowLinkDefault": true },
                                function (event) {
                                    if (window.ue) {
                                        ue.count("acrLinkClickCount", (ue.count("acrLinkClickCount") || 0) + 1);
                                    }
                                }
                            );
                        }
                    });
                
                 
            P.when('A', 'cf').execute(function(A) {
                A.declarative('acrStarsLink-click-metrics', 'click', { "allowLinkDefault" : true },  function(event){
                    if(window.ue) {
                        ue.count("acrStarsLinkWithPopoverClickCount", (ue.count("acrStarsLinkWithPopoverClickCount") || 0) + 1);
                    }
                });
            });
        

           
       3.9 de 5 estrellas
2026-02-20 07:52:22,360 | INFO | extractor_logger | [DEBUG TECNICO] Clasificación en los más vendidos de Amazon: nº59,200 en Electrónica (Ver el Top 100 en Electrónica)  nº282 en Videocámaras para Deportes y Acción
2026-02-20 07:52:22,386 | INFO | extractor_logger | [DEBUG TECNICO] Producto en amazon.com desde: octubre 1, 2025
2026-02-20 07:52:22,413 | INFO | extractor_logger | [DEBUG TECNICO] Fabricante: DJI
2026-02-20 07:52:22,696 | INFO | extractor_logger | Extracción real completada correctamente.
2026-02-20 07:52:22,700 | INFO | extractor_logger | DEBUG RETURN BULLETS: ['DJI Autorizado en EE. UU. - Protección completa en EE. UU | OSMO Pocket 3 - Impresionante video de 4K/120fps y sensor CMOS de 1 pulgada – Captura detalles impresionantes con un gran sensor CMOS de 1 pulgada que ofrece imágenes nítidas y vibrantes incluso en condiciones de poca luz. Graba en 4K/120fps a cámara lenta para obtener momentos cinematográficos ultra suaves.', 'Estabilización sólida como una roca de tres ejes: graba imágenes estables y sin sacudidas en cualquier lugar. El avanzado cardán de 3 ejes garantiza una estabilidad a nivel profesional ya sea que estés caminando, corriendo o filmando tomas de acción dinámica.', 'Pantalla táctil OLED giratoria de 2 pulgadas: cambia sin problemas entre tomas horizontales y verticales con la pantalla OLED grande y giratoria. Ajuste sin esfuerzo la configuración, realice un seguimiento de los sujetos y obtenga una vista previa de las tomas con imágenes nítidas.', 'Enfoque rápido de píxel completo + Modo de presentación de productos: fija el enfoque en sujetos en movimiento con precisión ultrarrápida. Perfecto para vlogs y transmisión en vivo, el modo Product Showcase cambia suavemente el enfoque hacia el primer plano para presentaciones claras y atractivas.', 'Seguimiento más inteligente con ActiveTrack 6.0 – Mantente en el encuadre sin usar las manos. Los modos inteligentes como la detección automática de cara y el encuadre dinámico te mantienen perfectamente centrado mientras te mueves, ofreciendo imágenes de calidad profesional con facilidad.', 'Color de nivel profesional con 10 bits D-Log M y HLG – Desbloquea la libertad creativa con un color rico y realista. Graba hasta mil millones de colores con soporte HDR para una impresionante flexibilidad de posproducción e impresionantes imágenes cinematográficas.', 'Audio nítido en cualquier lugar: captura sonido envolvente con una matriz integrada de 3 micrófonos que reduce el ruido del viento. Conéctate sin problemas a dos transmisores DJI Mic 2 para vlogs de dos personas, entrevistas o eventos en vivo.', 'Compacto, de carga rápida y listo para viajar: el diseño de tamaño de bolsillo cabe en tu mano o bolso, listo para cualquier aventura. Graba durante más tiempo con hasta 166 minutos de duración de la batería, y recarga un 80% en solo 16 minutos para no perderte ni un momento.', 'EN LA CAJA: Osmo Pocket 3 | Cable PD de Type-C a Type-C | Funda Protectora Osmo Pocket 3 | Correa de Muñeca DJI | Mango Osmo Pocket 3 con Rosca de 1/4"', 'PAQUETE INCLUYE: Guía maestra no oficial Deco Gear para el DJI Osmo Pocket 3 | Micrófono de solapa mini de 3.5mm Deco Essentials con clip para computadora, negro | Tarjeta de memoria microSDHC/microSDXC UHS-I de alto rendimiento Lexar 633x de 128GB | Paño de limpieza de microfibra Deco Gear de 6 x 6 pulgadas']
2026-02-20 07:52:22,703 | INFO | extractor_logger | Iniciando normalizacion de datos.
2026-02-20 07:52:22,704 | INFO | extractor_logger | Referencia encontrada (modelo): E4DJIOSMOPOCK3
2026-02-20 07:52:22,705 | INFO | extractor_logger | Normalización completada correctamente.
2026-02-20 07:52:22,706 | INFO | extractor_logger | Iniciando capa de traducción.
2026-02-20 07:52:24,278 | INFO | extractor_logger | Traducción completada.
2026-02-20 07:52:24,294 | INFO | extractor_logger | Validacion exitosa del contrato.
2026-02-20 07:52:24,298 | INFO | extractor_logger | Proceso completo finalizado.
2026-02-20 08:20:52,365 | INFO | extractor_logger | URL válida y dominio permitido.
2026-02-20 08:20:52,366 | INFO | extractor_logger | Proveedor detectado: Amazon
2026-02-20 08:20:52,366 | INFO | extractor_logger | Iniciando extracción real Amazon con Playwright.
2026-02-20 08:21:10,162 | INFO | extractor_logger | Cantidad de candidatos de precio encontrados: 12
2026-02-20 08:21:10,176 | INFO | extractor_logger | [DEBUG PRECIO] Candidato 0: AMAZEAR Soporte de montaje magnético compatible con DJI Osmo Pocket 3, accesorio mejorado Pocket3, adaptador de abrazadera, soporte magnético de succión en escritorio, superficie vertical, mango
2026-02-20 08:21:10,190 | INFO | extractor_logger | [DEBUG PRECIO] Candidato 1: DJI Osmo Pocket 3 Capture More Combo, cámara de vlogging con CMOS de 1 pulgada y video 4K/120fps, estabilización de 3 ejes, enfoque rápido, seguimiento de rostro/objeto, pantalla táctil giratoria de 2
2026-02-20 08:21:10,203 | INFO | extractor_logger | [DEBUG PRECIO] Candidato 2: DJI Osmo Pocket 3, cámaras de vlogging con CMOS de 1 pulgada y cámara de vlog 4K/120fps, estabilización de 3 ejes, enfoque rápido, seguimiento de cara/objetos, cámara digital de vlogging para YouTube
2026-02-20 08:21:10,211 | INFO | extractor_logger | [DEBUG PRECIO] Candidato 3: Lekufee Funda Rígida Resistente al Agua para DJI Osmo Pocket 3, Mic 3/2/Mini, Combo de Creador, Combo de Expansión de Potencia, Cámara de Vlogging y Accesorios (Solo Funda)
2026-02-20 08:21:10,237 | INFO | extractor_logger | [DEBUG PRECIO] Candidato 4: CYNOVA DJI Osmo Pocket 3 Protector de Pantalla, Protector de Lente para DJI Osmo Pocket 3 Accesorios con Película de Pantalla LCD de Vidrio Templado, Ultra HD, Dureza 9H, Resistente a Arañazos
2026-02-20 08:21:10,267 | INFO | extractor_logger | [DEBUG PRECIO] Candidato 5: US$672.99
2026-02-20 08:21:10,271 | INFO | extractor_logger | [DEBUG PRECIO] Precio seleccionado: US$672.99
2026-02-20 08:21:10,315 | INFO | extractor_logger | [DEBUG BULLETS] Total encontrados: 10
2026-02-20 08:21:10,333 | INFO | extractor_logger | [DEBUG BULLET] DJI Autorizado en EE. UU. - Protección completa en EE. UU | OSMO Pocket 3 - Impresionante video de 4K/120fps y sensor CMOS de 1 pulgada – Captura detalles impresionantes con un gran sensor CMOS de 1 pulgada que ofrece imágenes nítidas y vibrantes incluso en condiciones de poca luz. Graba en 4K/120fps a cámara lenta para obtener momentos cinematográficos ultra suaves.
2026-02-20 08:21:10,353 | INFO | extractor_logger | [DEBUG BULLET] Estabilización sólida como una roca de tres ejes: graba imágenes estables y sin sacudidas en cualquier lugar. El avanzado cardán de 3 ejes garantiza una estabilidad a nivel profesional ya sea que estés caminando, corriendo o filmando tomas de acción dinámica.
2026-02-20 08:21:10,396 | INFO | extractor_logger | [DEBUG BULLET] Pantalla táctil OLED giratoria de 2 pulgadas: cambia sin problemas entre tomas horizontales y verticales con la pantalla OLED grande y giratoria. Ajuste sin esfuerzo la configuración, realice un seguimiento de los sujetos y obtenga una vista previa de las tomas con imágenes nítidas.
2026-02-20 08:21:10,434 | INFO | extractor_logger | [DEBUG BULLET] Enfoque rápido de píxel completo + Modo de presentación de productos: fija el enfoque en sujetos en movimiento con precisión ultrarrápida. Perfecto para vlogs y transmisión en vivo, el modo Product Showcase cambia suavemente el enfoque hacia el primer plano para presentaciones claras y atractivas.
2026-02-20 08:21:10,452 | INFO | extractor_logger | [DEBUG BULLET] Seguimiento más inteligente con ActiveTrack 6.0 – Mantente en el encuadre sin usar las manos. Los modos inteligentes como la detección automática de cara y el encuadre dinámico te mantienen perfectamente centrado mientras te mueves, ofreciendo imágenes de calidad profesional con facilidad.
2026-02-20 08:21:10,468 | INFO | extractor_logger | [DEBUG BULLET] Color de nivel profesional con 10 bits D-Log M y HLG – Desbloquea la libertad creativa con un color rico y realista. Graba hasta mil millones de colores con soporte HDR para una impresionante flexibilidad de posproducción e impresionantes imágenes cinematográficas.
2026-02-20 08:21:10,479 | INFO | extractor_logger | [DEBUG BULLET] Audio nítido en cualquier lugar: captura sonido envolvente con una matriz integrada de 3 micrófonos que reduce el ruido del viento. Conéctate sin problemas a dos transmisores DJI Mic 2 para vlogs de dos personas, entrevistas o eventos en vivo.
2026-02-20 08:21:10,492 | INFO | extractor_logger | [DEBUG BULLET] Compacto, de carga rápida y listo para viajar: el diseño de tamaño de bolsillo cabe en tu mano o bolso, listo para cualquier aventura. Graba durante más tiempo con hasta 166 minutos de duración de la batería, y recarga un 80% en solo 16 minutos para no perderte ni un momento.
2026-02-20 08:21:10,506 | INFO | extractor_logger | [DEBUG BULLET] EN LA CAJA: Osmo Pocket 3 | Cable PD de Type-C a Type-C | Funda Protectora Osmo Pocket 3 | Correa de Muñeca DJI | Mango Osmo Pocket 3 con Rosca de 1/4"
2026-02-20 08:21:10,518 | INFO | extractor_logger | [DEBUG BULLET] PAQUETE INCLUYE: Guía maestra no oficial Deco Gear para el DJI Osmo Pocket 3 | Micrófono de solapa mini de 3.5mm Deco Essentials con clip para computadora, negro | Tarjeta de memoria microSDHC/microSDXC UHS-I de alto rendimiento Lexar 633x de 128GB | Paño de limpieza de microfibra Deco Gear de 6 x 6 pulgadas
2026-02-20 08:21:10,555 | INFO | extractor_logger | [DEBUG TECNICO] Dimensiones del producto: 1,3 x 1,7 x 5,5 pulgadas
2026-02-20 08:21:10,599 | INFO | extractor_logger | [DEBUG TECNICO] ASIN: B0FTGR7ZDZ
2026-02-20 08:21:10,622 | INFO | extractor_logger | [DEBUG TECNICO] Número de modelo del producto: E4DJIOSMOPOCK3
2026-02-20 08:21:10,639 | INFO | extractor_logger | [DEBUG TECNICO] Pilas: 1 CR5 necesaria(s), incluida(s)
2026-02-20 08:21:10,684 | INFO | extractor_logger | [DEBUG TECNICO] Opinión media de los clientes: 3.9               3.9 de 5 estrellas         

                         (183)      
                    
                    var dpAcrHasRegisteredArcLinkClickAction;
                    P.when('A', 'ready').execute(function(A) {
                        if (dpAcrHasRegisteredArcLinkClickAction !== true) {
                            dpAcrHasRegisteredArcLinkClickAction = true;
                            A.declarative(
                                'acrLink-click-metrics', 'click',
                                { "allowLinkDefault": true },
                                function (event) {
                                    if (window.ue) {
                                        ue.count("acrLinkClickCount", (ue.count("acrLinkClickCount") || 0) + 1);
                                    }
                                }
                            );
                        }
                    });
                
                 
            P.when('A', 'cf').execute(function(A) {
                A.declarative('acrStarsLink-click-metrics', 'click', { "allowLinkDefault" : true },  function(event){
                    if(window.ue) {
                        ue.count("acrStarsLinkWithPopoverClickCount", (ue.count("acrStarsLinkWithPopoverClickCount") || 0) + 1);
                    }
                });
            });
        

           
       3.9 de 5 estrellas
2026-02-20 08:21:10,703 | INFO | extractor_logger | [DEBUG TECNICO] Clasificación en los más vendidos de Amazon: nº59,200 en Electrónica (Ver el Top 100 en Electrónica)  nº282 en Videocámaras para Deportes y Acción
2026-02-20 08:21:10,736 | INFO | extractor_logger | [DEBUG TECNICO] Producto en amazon.com desde: octubre 1, 2025
2026-02-20 08:21:10,778 | INFO | extractor_logger | [DEBUG TECNICO] Fabricante: DJI
2026-02-20 08:21:11,847 | INFO | extractor_logger | Extracción real completada correctamente.
2026-02-20 08:21:11,848 | INFO | extractor_logger | DEBUG RETURN BULLETS: ['DJI Autorizado en EE. UU. - Protección completa en EE. UU | OSMO Pocket 3 - Impresionante video de 4K/120fps y sensor CMOS de 1 pulgada – Captura detalles impresionantes con un gran sensor CMOS de 1 pulgada que ofrece imágenes nítidas y vibrantes incluso en condiciones de poca luz. Graba en 4K/120fps a cámara lenta para obtener momentos cinematográficos ultra suaves.', 'Estabilización sólida como una roca de tres ejes: graba imágenes estables y sin sacudidas en cualquier lugar. El avanzado cardán de 3 ejes garantiza una estabilidad a nivel profesional ya sea que estés caminando, corriendo o filmando tomas de acción dinámica.', 'Pantalla táctil OLED giratoria de 2 pulgadas: cambia sin problemas entre tomas horizontales y verticales con la pantalla OLED grande y giratoria. Ajuste sin esfuerzo la configuración, realice un seguimiento de los sujetos y obtenga una vista previa de las tomas con imágenes nítidas.', 'Enfoque rápido de píxel completo + Modo de presentación de productos: fija el enfoque en sujetos en movimiento con precisión ultrarrápida. Perfecto para vlogs y transmisión en vivo, el modo Product Showcase cambia suavemente el enfoque hacia el primer plano para presentaciones claras y atractivas.', 'Seguimiento más inteligente con ActiveTrack 6.0 – Mantente en el encuadre sin usar las manos. Los modos inteligentes como la detección automática de cara y el encuadre dinámico te mantienen perfectamente centrado mientras te mueves, ofreciendo imágenes de calidad profesional con facilidad.', 'Color de nivel profesional con 10 bits D-Log M y HLG – Desbloquea la libertad creativa con un color rico y realista. Graba hasta mil millones de colores con soporte HDR para una impresionante flexibilidad de posproducción e impresionantes imágenes cinematográficas.', 'Audio nítido en cualquier lugar: captura sonido envolvente con una matriz integrada de 3 micrófonos que reduce el ruido del viento. Conéctate sin problemas a dos transmisores DJI Mic 2 para vlogs de dos personas, entrevistas o eventos en vivo.', 'Compacto, de carga rápida y listo para viajar: el diseño de tamaño de bolsillo cabe en tu mano o bolso, listo para cualquier aventura. Graba durante más tiempo con hasta 166 minutos de duración de la batería, y recarga un 80% en solo 16 minutos para no perderte ni un momento.', 'EN LA CAJA: Osmo Pocket 3 | Cable PD de Type-C a Type-C | Funda Protectora Osmo Pocket 3 | Correa de Muñeca DJI | Mango Osmo Pocket 3 con Rosca de 1/4"', 'PAQUETE INCLUYE: Guía maestra no oficial Deco Gear para el DJI Osmo Pocket 3 | Micrófono de solapa mini de 3.5mm Deco Essentials con clip para computadora, negro | Tarjeta de memoria microSDHC/microSDXC UHS-I de alto rendimiento Lexar 633x de 128GB | Paño de limpieza de microfibra Deco Gear de 6 x 6 pulgadas']
2026-02-20 08:21:11,849 | INFO | extractor_logger | Iniciando normalizacion de datos.
2026-02-20 08:21:11,850 | INFO | extractor_logger | Referencia encontrada (modelo): E4DJIOSMOPOCK3
2026-02-20 08:21:11,850 | INFO | extractor_logger | Normalización completada correctamente.
2026-02-20 08:21:11,851 | INFO | extractor_logger | Iniciando capa de traducción.
2026-02-20 08:21:13,485 | INFO | extractor_logger | Traducción completada.
2026-02-20 08:21:13,499 | INFO | extractor_logger | Validacion exitosa del contrato.
2026-02-20 08:21:13,505 | INFO | extractor_logger | Proceso completo finalizado.
2026-02-20 08:26:38,739 | INFO | extractor_logger | URL válida y dominio permitido.
2026-02-20 08:26:38,743 | INFO | extractor_logger | Proveedor detectado: Amazon
2026-02-20 08:26:38,743 | INFO | extractor_logger | Iniciando extracción real Amazon con Playwright.
2026-02-20 08:26:48,057 | INFO | extractor_logger | Cantidad de candidatos de precio encontrados: 7
2026-02-20 08:26:48,080 | INFO | extractor_logger | [DEBUG PRECIO] Candidato 0: US$672.99
2026-02-20 08:26:48,080 | INFO | extractor_logger | [DEBUG PRECIO] Precio seleccionado: US$672.99
2026-02-20 08:26:48,274 | INFO | extractor_logger | [DEBUG BULLETS] Total encontrados: 10
2026-02-20 08:26:48,290 | INFO | extractor_logger | [DEBUG BULLET] DJI Autorizado en EE. UU. - Protección completa en EE. UU | OSMO Pocket 3 - Impresionante video de 4K/120fps y sensor CMOS de 1 pulgada – Captura detalles impresionantes con un gran sensor CMOS de 1 pulgada que ofrece imágenes nítidas y vibrantes incluso en condiciones de poca luz. Graba en 4K/120fps a cámara lenta para obtener momentos cinematográficos ultra suaves.
2026-02-20 08:26:48,326 | INFO | extractor_logger | [DEBUG BULLET] Estabilización sólida como una roca de tres ejes: graba imágenes estables y sin sacudidas en cualquier lugar. El avanzado cardán de 3 ejes garantiza una estabilidad a nivel profesional ya sea que estés caminando, corriendo o filmando tomas de acción dinámica.
2026-02-20 08:26:48,352 | INFO | extractor_logger | [DEBUG BULLET] Pantalla táctil OLED giratoria de 2 pulgadas: cambia sin problemas entre tomas horizontales y verticales con la pantalla OLED grande y giratoria. Ajuste sin esfuerzo la configuración, realice un seguimiento de los sujetos y obtenga una vista previa de las tomas con imágenes nítidas.
2026-02-20 08:26:48,374 | INFO | extractor_logger | [DEBUG BULLET] Enfoque rápido de píxel completo + Modo de presentación de productos: fija el enfoque en sujetos en movimiento con precisión ultrarrápida. Perfecto para vlogs y transmisión en vivo, el modo Product Showcase cambia suavemente el enfoque hacia el primer plano para presentaciones claras y atractivas.
2026-02-20 08:26:48,386 | INFO | extractor_logger | [DEBUG BULLET] Seguimiento más inteligente con ActiveTrack 6.0 – Mantente en el encuadre sin usar las manos. Los modos inteligentes como la detección automática de cara y el encuadre dinámico te mantienen perfectamente centrado mientras te mueves, ofreciendo imágenes de calidad profesional con facilidad.
2026-02-20 08:26:48,409 | INFO | extractor_logger | [DEBUG BULLET] Color de nivel profesional con 10 bits D-Log M y HLG – Desbloquea la libertad creativa con un color rico y realista. Graba hasta mil millones de colores con soporte HDR para una impresionante flexibilidad de posproducción e impresionantes imágenes cinematográficas.
2026-02-20 08:26:48,439 | INFO | extractor_logger | [DEBUG BULLET] Audio nítido en cualquier lugar: captura sonido envolvente con una matriz integrada de 3 micrófonos que reduce el ruido del viento. Conéctate sin problemas a dos transmisores DJI Mic 2 para vlogs de dos personas, entrevistas o eventos en vivo.
2026-02-20 08:26:48,462 | INFO | extractor_logger | [DEBUG BULLET] Compacto, de carga rápida y listo para viajar: el diseño de tamaño de bolsillo cabe en tu mano o bolso, listo para cualquier aventura. Graba durante más tiempo con hasta 166 minutos de duración de la batería, y recarga un 80% en solo 16 minutos para no perderte ni un momento.
2026-02-20 08:26:48,485 | INFO | extractor_logger | [DEBUG BULLET] EN LA CAJA: Osmo Pocket 3 | Cable PD de Type-C a Type-C | Funda Protectora Osmo Pocket 3 | Correa de Muñeca DJI | Mango Osmo Pocket 3 con Rosca de 1/4"
2026-02-20 08:26:48,493 | INFO | extractor_logger | [DEBUG BULLET] PAQUETE INCLUYE: Guía maestra no oficial Deco Gear para el DJI Osmo Pocket 3 | Micrófono de solapa mini de 3.5mm Deco Essentials con clip para computadora, negro | Tarjeta de memoria microSDHC/microSDXC UHS-I de alto rendimiento Lexar 633x de 128GB | Paño de limpieza de microfibra Deco Gear de 6 x 6 pulgadas
2026-02-20 08:26:48,606 | INFO | extractor_logger | [DEBUG TECNICO] Dimensiones del producto: 1,3 x 1,7 x 5,5 pulgadas
2026-02-20 08:26:48,636 | INFO | extractor_logger | [DEBUG TECNICO] ASIN: B0FTGR7ZDZ
2026-02-20 08:26:48,661 | INFO | extractor_logger | [DEBUG TECNICO] Número de modelo del producto: E4DJIOSMOPOCK3
2026-02-20 08:26:48,681 | INFO | extractor_logger | [DEBUG TECNICO] Pilas: 1 CR5 necesaria(s), incluida(s)
2026-02-20 08:26:48,755 | INFO | extractor_logger | [DEBUG TECNICO] Opinión media de los clientes: 3.9               3.9 de 5 estrellas         

                         (183)      
                    
                    var dpAcrHasRegisteredArcLinkClickAction;
                    P.when('A', 'ready').execute(function(A) {
                        if (dpAcrHasRegisteredArcLinkClickAction !== true) {
                            dpAcrHasRegisteredArcLinkClickAction = true;
                            A.declarative(
                                'acrLink-click-metrics', 'click',
                                { "allowLinkDefault": true },
                                function (event) {
                                    if (window.ue) {
                                        ue.count("acrLinkClickCount", (ue.count("acrLinkClickCount") || 0) + 1);
                                    }
                                }
                            );
                        }
                    });
                
                 
            P.when('A', 'cf').execute(function(A) {
                A.declarative('acrStarsLink-click-metrics', 'click', { "allowLinkDefault" : true },  function(event){
                    if(window.ue) {
                        ue.count("acrStarsLinkWithPopoverClickCount", (ue.count("acrStarsLinkWithPopoverClickCount") || 0) + 1);
                    }
                });
            });
        

           
       3.9 de 5 estrellas
2026-02-20 08:26:48,809 | INFO | extractor_logger | [DEBUG TECNICO] Clasificación en los más vendidos de Amazon: nº59,200 en Electrónica (Ver el Top 100 en Electrónica)  nº282 en Videocámaras para Deportes y Acción
2026-02-20 08:26:48,865 | INFO | extractor_logger | [DEBUG TECNICO] Producto en amazon.com desde: octubre 1, 2025
2026-02-20 08:26:48,914 | INFO | extractor_logger | [DEBUG TECNICO] Fabricante: DJI
2026-02-20 08:26:49,176 | INFO | extractor_logger | Extracción real completada correctamente.
2026-02-20 08:26:49,177 | INFO | extractor_logger | DEBUG RETURN BULLETS: ['DJI Autorizado en EE. UU. - Protección completa en EE. UU | OSMO Pocket 3 - Impresionante video de 4K/120fps y sensor CMOS de 1 pulgada – Captura detalles impresionantes con un gran sensor CMOS de 1 pulgada que ofrece imágenes nítidas y vibrantes incluso en condiciones de poca luz. Graba en 4K/120fps a cámara lenta para obtener momentos cinematográficos ultra suaves.', 'Estabilización sólida como una roca de tres ejes: graba imágenes estables y sin sacudidas en cualquier lugar. El avanzado cardán de 3 ejes garantiza una estabilidad a nivel profesional ya sea que estés caminando, corriendo o filmando tomas de acción dinámica.', 'Pantalla táctil OLED giratoria de 2 pulgadas: cambia sin problemas entre tomas horizontales y verticales con la pantalla OLED grande y giratoria. Ajuste sin esfuerzo la configuración, realice un seguimiento de los sujetos y obtenga una vista previa de las tomas con imágenes nítidas.', 'Enfoque rápido de píxel completo + Modo de presentación de productos: fija el enfoque en sujetos en movimiento con precisión ultrarrápida. Perfecto para vlogs y transmisión en vivo, el modo Product Showcase cambia suavemente el enfoque hacia el primer plano para presentaciones claras y atractivas.', 'Seguimiento más inteligente con ActiveTrack 6.0 – Mantente en el encuadre sin usar las manos. Los modos inteligentes como la detección automática de cara y el encuadre dinámico te mantienen perfectamente centrado mientras te mueves, ofreciendo imágenes de calidad profesional con facilidad.', 'Color de nivel profesional con 10 bits D-Log M y HLG – Desbloquea la libertad creativa con un color rico y realista. Graba hasta mil millones de colores con soporte HDR para una impresionante flexibilidad de posproducción e impresionantes imágenes cinematográficas.', 'Audio nítido en cualquier lugar: captura sonido envolvente con una matriz integrada de 3 micrófonos que reduce el ruido del viento. Conéctate sin problemas a dos transmisores DJI Mic 2 para vlogs de dos personas, entrevistas o eventos en vivo.', 'Compacto, de carga rápida y listo para viajar: el diseño de tamaño de bolsillo cabe en tu mano o bolso, listo para cualquier aventura. Graba durante más tiempo con hasta 166 minutos de duración de la batería, y recarga un 80% en solo 16 minutos para no perderte ni un momento.', 'EN LA CAJA: Osmo Pocket 3 | Cable PD de Type-C a Type-C | Funda Protectora Osmo Pocket 3 | Correa de Muñeca DJI | Mango Osmo Pocket 3 con Rosca de 1/4"', 'PAQUETE INCLUYE: Guía maestra no oficial Deco Gear para el DJI Osmo Pocket 3 | Micrófono de solapa mini de 3.5mm Deco Essentials con clip para computadora, negro | Tarjeta de memoria microSDHC/microSDXC UHS-I de alto rendimiento Lexar 633x de 128GB | Paño de limpieza de microfibra Deco Gear de 6 x 6 pulgadas']
2026-02-20 08:26:49,178 | INFO | extractor_logger | Iniciando normalizacion de datos.
2026-02-20 08:26:49,178 | INFO | extractor_logger | Referencia encontrada (modelo): E4DJIOSMOPOCK3
2026-02-20 08:26:49,179 | INFO | extractor_logger | Normalización completada correctamente.
2026-02-20 08:26:49,179 | INFO | extractor_logger | Iniciando capa de traducción.
2026-02-20 08:26:50,699 | INFO | extractor_logger | Traducción completada.
2026-02-20 08:26:50,714 | INFO | extractor_logger | Validacion exitosa del contrato.
2026-02-20 08:26:50,718 | INFO | extractor_logger | Proceso completo finalizado.
2026-02-20 08:30:19,530 | INFO | extractor_logger | URL válida y dominio permitido.
2026-02-20 08:30:19,533 | INFO | extractor_logger | Proveedor detectado: Amazon
2026-02-20 08:30:19,534 | INFO | extractor_logger | Iniciando extracción real Amazon con Playwright.
2026-02-20 08:30:34,508 | INFO | extractor_logger | Cantidad de candidatos de precio encontrados: 13
2026-02-20 08:30:34,521 | INFO | extractor_logger | [DEBUG PRECIO] Candidato 0: AMAZEAR Soporte de montaje magnético compatible con DJI Osmo Pocket 3, accesorio mejorado Pocket3, adaptador de abrazadera, soporte magnético de succión en escritorio, superficie vertical, mango
2026-02-20 08:30:34,538 | INFO | extractor_logger | [DEBUG PRECIO] Candidato 1: DJI Osmo Pocket 3 Capture More Combo, cámara de vlogging con CMOS de 1 pulgada y video 4K/120fps, estabilización de 3 ejes, enfoque rápido, seguimiento de rostro/objeto, pantalla táctil giratoria de 2
2026-02-20 08:30:34,547 | INFO | extractor_logger | [DEBUG PRECIO] Candidato 2: DJI Osmo Pocket 3, cámaras de vlogging con CMOS de 1 pulgada y cámara de vlog 4K/120fps, estabilización de 3 ejes, enfoque rápido, seguimiento de cara/objetos, cámara digital de vlogging para YouTube
2026-02-20 08:30:34,557 | INFO | extractor_logger | [DEBUG PRECIO] Candidato 3: Lekufee Funda Rígida Resistente al Agua para DJI Osmo Pocket 3, Mic 3/2/Mini, Combo de Creador, Combo de Expansión de Potencia, Cámara de Vlogging y Accesorios (Solo Funda)
2026-02-20 08:30:34,567 | INFO | extractor_logger | [DEBUG PRECIO] Candidato 4: CYNOVA DJI Osmo Pocket 3 Protector de Pantalla, Protector de Lente para DJI Osmo Pocket 3 Accesorios con Película de Pantalla LCD de Vidrio Templado, Ultra HD, Dureza 9H, Resistente a Arañazos
2026-02-20 08:30:34,598 | INFO | extractor_logger | [DEBUG PRECIO] Candidato 5: US$672.99
2026-02-20 08:30:34,598 | INFO | extractor_logger | [DEBUG PRECIO] Precio seleccionado: US$672.99
2026-02-20 08:30:34,667 | INFO | extractor_logger | [DEBUG BULLETS] Total encontrados: 10
2026-02-20 08:30:34,690 | INFO | extractor_logger | [DEBUG BULLET] DJI Autorizado en EE. UU. - Protección completa en EE. UU | OSMO Pocket 3 - Impresionante video de 4K/120fps y sensor CMOS de 1 pulgada – Captura detalles impresionantes con un gran sensor CMOS de 1 pulgada que ofrece imágenes nítidas y vibrantes incluso en condiciones de poca luz. Graba en 4K/120fps a cámara lenta para obtener momentos cinematográficos ultra suaves.
2026-02-20 08:30:34,707 | INFO | extractor_logger | [DEBUG BULLET] Estabilización sólida como una roca de tres ejes: graba imágenes estables y sin sacudidas en cualquier lugar. El avanzado cardán de 3 ejes garantiza una estabilidad a nivel profesional ya sea que estés caminando, corriendo o filmando tomas de acción dinámica.
2026-02-20 08:30:34,721 | INFO | extractor_logger | [DEBUG BULLET] Pantalla táctil OLED giratoria de 2 pulgadas: cambia sin problemas entre tomas horizontales y verticales con la pantalla OLED grande y giratoria. Ajuste sin esfuerzo la configuración, realice un seguimiento de los sujetos y obtenga una vista previa de las tomas con imágenes nítidas.
2026-02-20 08:30:34,734 | INFO | extractor_logger | [DEBUG BULLET] Enfoque rápido de píxel completo + Modo de presentación de productos: fija el enfoque en sujetos en movimiento con precisión ultrarrápida. Perfecto para vlogs y transmisión en vivo, el modo Product Showcase cambia suavemente el enfoque hacia el primer plano para presentaciones claras y atractivas.
2026-02-20 08:30:34,745 | INFO | extractor_logger | [DEBUG BULLET] Seguimiento más inteligente con ActiveTrack 6.0 – Mantente en el encuadre sin usar las manos. Los modos inteligentes como la detección automática de cara y el encuadre dinámico te mantienen perfectamente centrado mientras te mueves, ofreciendo imágenes de calidad profesional con facilidad.
2026-02-20 08:30:34,755 | INFO | extractor_logger | [DEBUG BULLET] Color de nivel profesional con 10 bits D-Log M y HLG – Desbloquea la libertad creativa con un color rico y realista. Graba hasta mil millones de colores con soporte HDR para una impresionante flexibilidad de posproducción e impresionantes imágenes cinematográficas.
2026-02-20 08:30:34,766 | INFO | extractor_logger | [DEBUG BULLET] Audio nítido en cualquier lugar: captura sonido envolvente con una matriz integrada de 3 micrófonos que reduce el ruido del viento. Conéctate sin problemas a dos transmisores DJI Mic 2 para vlogs de dos personas, entrevistas o eventos en vivo.
2026-02-20 08:30:34,787 | INFO | extractor_logger | [DEBUG BULLET] Compacto, de carga rápida y listo para viajar: el diseño de tamaño de bolsillo cabe en tu mano o bolso, listo para cualquier aventura. Graba durante más tiempo con hasta 166 minutos de duración de la batería, y recarga un 80% en solo 16 minutos para no perderte ni un momento.
2026-02-20 08:30:34,856 | INFO | extractor_logger | [DEBUG BULLET] EN LA CAJA: Osmo Pocket 3 | Cable PD de Type-C a Type-C | Funda Protectora Osmo Pocket 3 | Correa de Muñeca DJI | Mango Osmo Pocket 3 con Rosca de 1/4"
2026-02-20 08:30:34,887 | INFO | extractor_logger | [DEBUG BULLET] PAQUETE INCLUYE: Guía maestra no oficial Deco Gear para el DJI Osmo Pocket 3 | Micrófono de solapa mini de 3.5mm Deco Essentials con clip para computadora, negro | Tarjeta de memoria microSDHC/microSDXC UHS-I de alto rendimiento Lexar 633x de 128GB | Paño de limpieza de microfibra Deco Gear de 6 x 6 pulgadas
2026-02-20 08:30:34,964 | INFO | extractor_logger | [DEBUG TECNICO] Dimensiones del producto: 1,3 x 1,7 x 5,5 pulgadas
2026-02-20 08:30:34,980 | INFO | extractor_logger | [DEBUG TECNICO] ASIN: B0FTGR7ZDZ
2026-02-20 08:30:35,043 | INFO | extractor_logger | [DEBUG TECNICO] Número de modelo del producto: E4DJIOSMOPOCK3
2026-02-20 08:30:35,087 | INFO | extractor_logger | [DEBUG TECNICO] Pilas: 1 CR5 necesaria(s), incluida(s)
2026-02-20 08:30:35,181 | INFO | extractor_logger | [DEBUG TECNICO] Opinión media de los clientes: 3.9               3.9 de 5 estrellas         

                         (183)      
                    
                    var dpAcrHasRegisteredArcLinkClickAction;
                    P.when('A', 'ready').execute(function(A) {
                        if (dpAcrHasRegisteredArcLinkClickAction !== true) {
                            dpAcrHasRegisteredArcLinkClickAction = true;
                            A.declarative(
                                'acrLink-click-metrics', 'click',
                                { "allowLinkDefault": true },
                                function (event) {
                                    if (window.ue) {
                                        ue.count("acrLinkClickCount", (ue.count("acrLinkClickCount") || 0) + 1);
                                    }
                                }
                            );
                        }
                    });
                
                 
            P.when('A', 'cf').execute(function(A) {
                A.declarative('acrStarsLink-click-metrics', 'click', { "allowLinkDefault" : true },  function(event){
                    if(window.ue) {
                        ue.count("acrStarsLinkWithPopoverClickCount", (ue.count("acrStarsLinkWithPopoverClickCount") || 0) + 1);
                    }
                });
            });
        

           
       3.9 de 5 estrellas
2026-02-20 08:30:35,275 | INFO | extractor_logger | [DEBUG TECNICO] Clasificación en los más vendidos de Amazon: nº59,200 en Electrónica (Ver el Top 100 en Electrónica)  nº282 en Videocámaras para Deportes y Acción
2026-02-20 08:30:35,350 | INFO | extractor_logger | [DEBUG TECNICO] Producto en amazon.com desde: octubre 1, 2025
2026-02-20 08:30:35,379 | INFO | extractor_logger | [DEBUG TECNICO] Fabricante: DJI
2026-02-20 08:30:35,690 | INFO | extractor_logger | Extracción real completada correctamente.
2026-02-20 08:30:35,690 | INFO | extractor_logger | DEBUG RETURN BULLETS: ['DJI Autorizado en EE. UU. - Protección completa en EE. UU | OSMO Pocket 3 - Impresionante video de 4K/120fps y sensor CMOS de 1 pulgada – Captura detalles impresionantes con un gran sensor CMOS de 1 pulgada que ofrece imágenes nítidas y vibrantes incluso en condiciones de poca luz. Graba en 4K/120fps a cámara lenta para obtener momentos cinematográficos ultra suaves.', 'Estabilización sólida como una roca de tres ejes: graba imágenes estables y sin sacudidas en cualquier lugar. El avanzado cardán de 3 ejes garantiza una estabilidad a nivel profesional ya sea que estés caminando, corriendo o filmando tomas de acción dinámica.', 'Pantalla táctil OLED giratoria de 2 pulgadas: cambia sin problemas entre tomas horizontales y verticales con la pantalla OLED grande y giratoria. Ajuste sin esfuerzo la configuración, realice un seguimiento de los sujetos y obtenga una vista previa de las tomas con imágenes nítidas.', 'Enfoque rápido de píxel completo + Modo de presentación de productos: fija el enfoque en sujetos en movimiento con precisión ultrarrápida. Perfecto para vlogs y transmisión en vivo, el modo Product Showcase cambia suavemente el enfoque hacia el primer plano para presentaciones claras y atractivas.', 'Seguimiento más inteligente con ActiveTrack 6.0 – Mantente en el encuadre sin usar las manos. Los modos inteligentes como la detección automática de cara y el encuadre dinámico te mantienen perfectamente centrado mientras te mueves, ofreciendo imágenes de calidad profesional con facilidad.', 'Color de nivel profesional con 10 bits D-Log M y HLG – Desbloquea la libertad creativa con un color rico y realista. Graba hasta mil millones de colores con soporte HDR para una impresionante flexibilidad de posproducción e impresionantes imágenes cinematográficas.', 'Audio nítido en cualquier lugar: captura sonido envolvente con una matriz integrada de 3 micrófonos que reduce el ruido del viento. Conéctate sin problemas a dos transmisores DJI Mic 2 para vlogs de dos personas, entrevistas o eventos en vivo.', 'Compacto, de carga rápida y listo para viajar: el diseño de tamaño de bolsillo cabe en tu mano o bolso, listo para cualquier aventura. Graba durante más tiempo con hasta 166 minutos de duración de la batería, y recarga un 80% en solo 16 minutos para no perderte ni un momento.', 'EN LA CAJA: Osmo Pocket 3 | Cable PD de Type-C a Type-C | Funda Protectora Osmo Pocket 3 | Correa de Muñeca DJI | Mango Osmo Pocket 3 con Rosca de 1/4"', 'PAQUETE INCLUYE: Guía maestra no oficial Deco Gear para el DJI Osmo Pocket 3 | Micrófono de solapa mini de 3.5mm Deco Essentials con clip para computadora, negro | Tarjeta de memoria microSDHC/microSDXC UHS-I de alto rendimiento Lexar 633x de 128GB | Paño de limpieza de microfibra Deco Gear de 6 x 6 pulgadas']
2026-02-20 08:30:35,692 | INFO | extractor_logger | Iniciando normalizacion de datos.
2026-02-20 08:30:35,692 | INFO | extractor_logger | Referencia encontrada (modelo): E4DJIOSMOPOCK3
2026-02-20 08:30:35,694 | INFO | extractor_logger | Normalización completada correctamente.
2026-02-20 08:30:35,694 | INFO | extractor_logger | Iniciando capa de traducción.
2026-02-20 08:30:37,252 | INFO | extractor_logger | Traducción completada.
2026-02-20 08:30:37,280 | INFO | extractor_logger | Validacion exitosa del contrato.
2026-02-20 08:30:37,289 | INFO | extractor_logger | Proceso completo finalizado.
2026-02-20 08:39:18,004 | INFO | extractor_logger | URL válida y dominio permitido.
2026-02-20 08:39:18,005 | INFO | extractor_logger | Proveedor detectado: Amazon
2026-02-20 08:39:18,005 | INFO | extractor_logger | Iniciando extracción real Amazon con Playwright.
2026-02-20 08:39:34,272 | INFO | extractor_logger | Cantidad de candidatos de precio encontrados: 7
2026-02-20 08:39:34,290 | INFO | extractor_logger | [DEBUG PRECIO] Candidato 0: US$672.99
2026-02-20 08:39:34,292 | INFO | extractor_logger | [DEBUG PRECIO] Precio seleccionado: US$672.99
2026-02-20 08:39:34,459 | INFO | extractor_logger | [DEBUG BULLETS] Total encontrados: 10
2026-02-20 08:39:34,477 | INFO | extractor_logger | [DEBUG BULLET] DJI Autorizado en EE. UU. - Protección completa en EE. UU | OSMO Pocket 3 - Impresionante video de 4K/120fps y sensor CMOS de 1 pulgada – Captura detalles impresionantes con un gran sensor CMOS de 1 pulgada que ofrece imágenes nítidas y vibrantes incluso en condiciones de poca luz. Graba en 4K/120fps a cámara lenta para obtener momentos cinematográficos ultra suaves.
2026-02-20 08:39:34,488 | INFO | extractor_logger | [DEBUG BULLET] Estabilización sólida como una roca de tres ejes: graba imágenes estables y sin sacudidas en cualquier lugar. El avanzado cardán de 3 ejes garantiza una estabilidad a nivel profesional ya sea que estés caminando, corriendo o filmando tomas de acción dinámica.
2026-02-20 08:39:34,503 | INFO | extractor_logger | [DEBUG BULLET] Pantalla táctil OLED giratoria de 2 pulgadas: cambia sin problemas entre tomas horizontales y verticales con la pantalla OLED grande y giratoria. Ajuste sin esfuerzo la configuración, realice un seguimiento de los sujetos y obtenga una vista previa de las tomas con imágenes nítidas.
2026-02-20 08:39:34,550 | INFO | extractor_logger | [DEBUG BULLET] Enfoque rápido de píxel completo + Modo de presentación de productos: fija el enfoque en sujetos en movimiento con precisión ultrarrápida. Perfecto para vlogs y transmisión en vivo, el modo Product Showcase cambia suavemente el enfoque hacia el primer plano para presentaciones claras y atractivas.
2026-02-20 08:39:34,586 | INFO | extractor_logger | [DEBUG BULLET] Seguimiento más inteligente con ActiveTrack 6.0 – Mantente en el encuadre sin usar las manos. Los modos inteligentes como la detección automática de cara y el encuadre dinámico te mantienen perfectamente centrado mientras te mueves, ofreciendo imágenes de calidad profesional con facilidad.
2026-02-20 08:39:34,597 | INFO | extractor_logger | [DEBUG BULLET] Color de nivel profesional con 10 bits D-Log M y HLG – Desbloquea la libertad creativa con un color rico y realista. Graba hasta mil millones de colores con soporte HDR para una impresionante flexibilidad de posproducción e impresionantes imágenes cinematográficas.
2026-02-20 08:39:34,606 | INFO | extractor_logger | [DEBUG BULLET] Audio nítido en cualquier lugar: captura sonido envolvente con una matriz integrada de 3 micrófonos que reduce el ruido del viento. Conéctate sin problemas a dos transmisores DJI Mic 2 para vlogs de dos personas, entrevistas o eventos en vivo.
2026-02-20 08:39:34,615 | INFO | extractor_logger | [DEBUG BULLET] Compacto, de carga rápida y listo para viajar: el diseño de tamaño de bolsillo cabe en tu mano o bolso, listo para cualquier aventura. Graba durante más tiempo con hasta 166 minutos de duración de la batería, y recarga un 80% en solo 16 minutos para no perderte ni un momento.
2026-02-20 08:39:34,627 | INFO | extractor_logger | [DEBUG BULLET] EN LA CAJA: Osmo Pocket 3 | Cable PD de Type-C a Type-C | Funda Protectora Osmo Pocket 3 | Correa de Muñeca DJI | Mango Osmo Pocket 3 con Rosca de 1/4"
2026-02-20 08:39:34,640 | INFO | extractor_logger | [DEBUG BULLET] PAQUETE INCLUYE: Guía maestra no oficial Deco Gear para el DJI Osmo Pocket 3 | Micrófono de solapa mini de 3.5mm Deco Essentials con clip para computadora, negro | Tarjeta de memoria microSDHC/microSDXC UHS-I de alto rendimiento Lexar 633x de 128GB | Paño de limpieza de microfibra Deco Gear de 6 x 6 pulgadas
2026-02-20 08:39:34,842 | INFO | extractor_logger | [DEBUG TECNICO] Dimensiones del producto: 1,3 x 1,7 x 5,5 pulgadas
2026-02-20 08:39:34,958 | INFO | extractor_logger | [DEBUG TECNICO] ASIN: B0FTGR7ZDZ
2026-02-20 08:39:35,007 | INFO | extractor_logger | [DEBUG TECNICO] Número de modelo del producto: E4DJIOSMOPOCK3
2026-02-20 08:39:35,819 | INFO | extractor_logger | [DEBUG TECNICO] Pilas: 1 CR5 necesaria(s), incluida(s)
2026-02-20 08:39:35,914 | INFO | extractor_logger | [DEBUG TECNICO] Opinión media de los clientes: 3.9               3.9 de 5 estrellas         

                         (183)      
                    
                    var dpAcrHasRegisteredArcLinkClickAction;
                    P.when('A', 'ready').execute(function(A) {
                        if (dpAcrHasRegisteredArcLinkClickAction !== true) {
                            dpAcrHasRegisteredArcLinkClickAction = true;
                            A.declarative(
                                'acrLink-click-metrics', 'click',
                                { "allowLinkDefault": true },
                                function (event) {
                                    if (window.ue) {
                                        ue.count("acrLinkClickCount", (ue.count("acrLinkClickCount") || 0) + 1);
                                    }
                                }
                            );
                        }
                    });
                
                 
            P.when('A', 'cf').execute(function(A) {
                A.declarative('acrStarsLink-click-metrics', 'click', { "allowLinkDefault" : true },  function(event){
                    if(window.ue) {
                        ue.count("acrStarsLinkWithPopoverClickCount", (ue.count("acrStarsLinkWithPopoverClickCount") || 0) + 1);
                    }
                });
            });
        

           
       3.9 de 5 estrellas
2026-02-20 08:39:35,946 | INFO | extractor_logger | [DEBUG TECNICO] Clasificación en los más vendidos de Amazon: nº59,200 en Electrónica (Ver el Top 100 en Electrónica)  nº282 en Videocámaras para Deportes y Acción
2026-02-20 08:39:35,981 | INFO | extractor_logger | [DEBUG TECNICO] Producto en amazon.com desde: octubre 1, 2025
2026-02-20 08:39:35,997 | INFO | extractor_logger | [DEBUG TECNICO] Fabricante: DJI
2026-02-20 08:39:36,356 | INFO | extractor_logger | Extracción real completada correctamente.
2026-02-20 08:39:36,357 | INFO | extractor_logger | DEBUG RETURN BULLETS: ['DJI Autorizado en EE. UU. - Protección completa en EE. UU | OSMO Pocket 3 - Impresionante video de 4K/120fps y sensor CMOS de 1 pulgada – Captura detalles impresionantes con un gran sensor CMOS de 1 pulgada que ofrece imágenes nítidas y vibrantes incluso en condiciones de poca luz. Graba en 4K/120fps a cámara lenta para obtener momentos cinematográficos ultra suaves.', 'Estabilización sólida como una roca de tres ejes: graba imágenes estables y sin sacudidas en cualquier lugar. El avanzado cardán de 3 ejes garantiza una estabilidad a nivel profesional ya sea que estés caminando, corriendo o filmando tomas de acción dinámica.', 'Pantalla táctil OLED giratoria de 2 pulgadas: cambia sin problemas entre tomas horizontales y verticales con la pantalla OLED grande y giratoria. Ajuste sin esfuerzo la configuración, realice un seguimiento de los sujetos y obtenga una vista previa de las tomas con imágenes nítidas.', 'Enfoque rápido de píxel completo + Modo de presentación de productos: fija el enfoque en sujetos en movimiento con precisión ultrarrápida. Perfecto para vlogs y transmisión en vivo, el modo Product Showcase cambia suavemente el enfoque hacia el primer plano para presentaciones claras y atractivas.', 'Seguimiento más inteligente con ActiveTrack 6.0 – Mantente en el encuadre sin usar las manos. Los modos inteligentes como la detección automática de cara y el encuadre dinámico te mantienen perfectamente centrado mientras te mueves, ofreciendo imágenes de calidad profesional con facilidad.', 'Color de nivel profesional con 10 bits D-Log M y HLG – Desbloquea la libertad creativa con un color rico y realista. Graba hasta mil millones de colores con soporte HDR para una impresionante flexibilidad de posproducción e impresionantes imágenes cinematográficas.', 'Audio nítido en cualquier lugar: captura sonido envolvente con una matriz integrada de 3 micrófonos que reduce el ruido del viento. Conéctate sin problemas a dos transmisores DJI Mic 2 para vlogs de dos personas, entrevistas o eventos en vivo.', 'Compacto, de carga rápida y listo para viajar: el diseño de tamaño de bolsillo cabe en tu mano o bolso, listo para cualquier aventura. Graba durante más tiempo con hasta 166 minutos de duración de la batería, y recarga un 80% en solo 16 minutos para no perderte ni un momento.', 'EN LA CAJA: Osmo Pocket 3 | Cable PD de Type-C a Type-C | Funda Protectora Osmo Pocket 3 | Correa de Muñeca DJI | Mango Osmo Pocket 3 con Rosca de 1/4"', 'PAQUETE INCLUYE: Guía maestra no oficial Deco Gear para el DJI Osmo Pocket 3 | Micrófono de solapa mini de 3.5mm Deco Essentials con clip para computadora, negro | Tarjeta de memoria microSDHC/microSDXC UHS-I de alto rendimiento Lexar 633x de 128GB | Paño de limpieza de microfibra Deco Gear de 6 x 6 pulgadas']
2026-02-20 08:39:36,358 | INFO | extractor_logger | Iniciando normalizacion de datos.
2026-02-20 08:39:36,359 | INFO | extractor_logger | Referencia encontrada (modelo): E4DJIOSMOPOCK3
2026-02-20 08:39:36,360 | INFO | extractor_logger | Normalización completada correctamente.
2026-02-20 08:39:36,361 | INFO | extractor_logger | Iniciando capa de traducción.
2026-02-20 08:39:37,886 | INFO | extractor_logger | Traducción completada.
2026-02-20 08:39:37,927 | INFO | extractor_logger | Validacion exitosa del contrato.
2026-02-20 08:39:37,939 | INFO | extractor_logger | Proceso completo finalizado.
2026-02-20 08:40:16,378 | INFO | extractor_logger | URL válida y dominio permitido.
2026-02-20 08:40:16,379 | INFO | extractor_logger | Proveedor detectado: Amazon
2026-02-20 08:40:16,379 | INFO | extractor_logger | Iniciando extracción real Amazon con Playwright.
2026-02-20 08:40:22,027 | INFO | extractor_logger | Cantidad de candidatos de precio encontrados: 12
2026-02-20 08:40:22,044 | INFO | extractor_logger | [DEBUG PRECIO] Candidato 0: AMAZEAR Soporte de montaje magnético compatible con DJI Osmo Pocket 3, accesorio mejorado Pocket3, adaptador de abrazadera, soporte magnético de succión en escritorio, superficie vertical, mango
2026-02-20 08:40:22,075 | INFO | extractor_logger | [DEBUG PRECIO] Candidato 1: DJI Osmo Pocket 3 Capture More Combo, cámara de vlogging con CMOS de 1 pulgada y video 4K/120fps, estabilización de 3 ejes, enfoque rápido, seguimiento de rostro/objeto, pantalla táctil giratoria de 2
2026-02-20 08:40:22,086 | INFO | extractor_logger | [DEBUG PRECIO] Candidato 2: DJI Osmo Pocket 3, cámaras de vlogging con CMOS de 1 pulgada y cámara de vlog 4K/120fps, estabilización de 3 ejes, enfoque rápido, seguimiento de cara/objetos, cámara digital de vlogging para YouTube
2026-02-20 08:40:22,109 | INFO | extractor_logger | [DEBUG PRECIO] Candidato 3: Lekufee Funda Rígida Resistente al Agua para DJI Osmo Pocket 3, Mic 3/2/Mini, Combo de Creador, Combo de Expansión de Potencia, Cámara de Vlogging y Accesorios (Solo Funda)
2026-02-20 08:40:22,155 | INFO | extractor_logger | [DEBUG PRECIO] Candidato 4: CYNOVA DJI Osmo Pocket 3 Protector de Pantalla, Protector de Lente para DJI Osmo Pocket 3 Accesorios con Película de Pantalla LCD de Vidrio Templado, Ultra HD, Dureza 9H, Resistente a Arañazos
2026-02-20 08:40:22,228 | INFO | extractor_logger | [DEBUG PRECIO] Candidato 5: US$672.99
2026-02-20 08:40:22,228 | INFO | extractor_logger | [DEBUG PRECIO] Precio seleccionado: US$672.99
2026-02-20 08:40:22,291 | INFO | extractor_logger | [DEBUG BULLETS] Total encontrados: 10
2026-02-20 08:40:22,323 | INFO | extractor_logger | [DEBUG BULLET] DJI Autorizado en EE. UU. - Protección completa en EE. UU | OSMO Pocket 3 - Impresionante video de 4K/120fps y sensor CMOS de 1 pulgada – Captura detalles impresionantes con un gran sensor CMOS de 1 pulgada que ofrece imágenes nítidas y vibrantes incluso en condiciones de poca luz. Graba en 4K/120fps a cámara lenta para obtener momentos cinematográficos ultra suaves.
2026-02-20 08:40:22,349 | INFO | extractor_logger | [DEBUG BULLET] Estabilización sólida como una roca de tres ejes: graba imágenes estables y sin sacudidas en cualquier lugar. El avanzado cardán de 3 ejes garantiza una estabilidad a nivel profesional ya sea que estés caminando, corriendo o filmando tomas de acción dinámica.
2026-02-20 08:40:22,371 | INFO | extractor_logger | [DEBUG BULLET] Pantalla táctil OLED giratoria de 2 pulgadas: cambia sin problemas entre tomas horizontales y verticales con la pantalla OLED grande y giratoria. Ajuste sin esfuerzo la configuración, realice un seguimiento de los sujetos y obtenga una vista previa de las tomas con imágenes nítidas.
2026-02-20 08:40:22,388 | INFO | extractor_logger | [DEBUG BULLET] Enfoque rápido de píxel completo + Modo de presentación de productos: fija el enfoque en sujetos en movimiento con precisión ultrarrápida. Perfecto para vlogs y transmisión en vivo, el modo Product Showcase cambia suavemente el enfoque hacia el primer plano para presentaciones claras y atractivas.
2026-02-20 08:40:22,403 | INFO | extractor_logger | [DEBUG BULLET] Seguimiento más inteligente con ActiveTrack 6.0 – Mantente en el encuadre sin usar las manos. Los modos inteligentes como la detección automática de cara y el encuadre dinámico te mantienen perfectamente centrado mientras te mueves, ofreciendo imágenes de calidad profesional con facilidad.
2026-02-20 08:40:22,414 | INFO | extractor_logger | [DEBUG BULLET] Color de nivel profesional con 10 bits D-Log M y HLG – Desbloquea la libertad creativa con un color rico y realista. Graba hasta mil millones de colores con soporte HDR para una impresionante flexibilidad de posproducción e impresionantes imágenes cinematográficas.
2026-02-20 08:40:22,620 | INFO | extractor_logger | [DEBUG BULLET] Audio nítido en cualquier lugar: captura sonido envolvente con una matriz integrada de 3 micrófonos que reduce el ruido del viento. Conéctate sin problemas a dos transmisores DJI Mic 2 para vlogs de dos personas, entrevistas o eventos en vivo.
2026-02-20 08:40:22,799 | INFO | extractor_logger | [DEBUG BULLET] Compacto, de carga rápida y listo para viajar: el diseño de tamaño de bolsillo cabe en tu mano o bolso, listo para cualquier aventura. Graba durante más tiempo con hasta 166 minutos de duración de la batería, y recarga un 80% en solo 16 minutos para no perderte ni un momento.
2026-02-20 08:40:22,879 | INFO | extractor_logger | [DEBUG BULLET] EN LA CAJA: Osmo Pocket 3 | Cable PD de Type-C a Type-C | Funda Protectora Osmo Pocket 3 | Correa de Muñeca DJI | Mango Osmo Pocket 3 con Rosca de 1/4"
2026-02-20 08:40:22,968 | INFO | extractor_logger | [DEBUG BULLET] PAQUETE INCLUYE: Guía maestra no oficial Deco Gear para el DJI Osmo Pocket 3 | Micrófono de solapa mini de 3.5mm Deco Essentials con clip para computadora, negro | Tarjeta de memoria microSDHC/microSDXC UHS-I de alto rendimiento Lexar 633x de 128GB | Paño de limpieza de microfibra Deco Gear de 6 x 6 pulgadas
2026-02-20 08:40:23,037 | INFO | extractor_logger | [DEBUG TECNICO] Dimensiones del producto: 1,3 x 1,7 x 5,5 pulgadas
2026-02-20 08:40:23,059 | INFO | extractor_logger | [DEBUG TECNICO] ASIN: B0FTGR7ZDZ
2026-02-20 08:40:23,086 | INFO | extractor_logger | [DEBUG TECNICO] Número de modelo del producto: E4DJIOSMOPOCK3
2026-02-20 08:40:23,116 | INFO | extractor_logger | [DEBUG TECNICO] Pilas: 1 CR5 necesaria(s), incluida(s)
2026-02-20 08:40:23,147 | INFO | extractor_logger | [DEBUG TECNICO] Opinión media de los clientes: 3.9               3.9 de 5 estrellas         

                         (183)      
                    
                    var dpAcrHasRegisteredArcLinkClickAction;
                    P.when('A', 'ready').execute(function(A) {
                        if (dpAcrHasRegisteredArcLinkClickAction !== true) {
                            dpAcrHasRegisteredArcLinkClickAction = true;
                            A.declarative(
                                'acrLink-click-metrics', 'click',
                                { "allowLinkDefault": true },
                                function (event) {
                                    if (window.ue) {
                                        ue.count("acrLinkClickCount", (ue.count("acrLinkClickCount") || 0) + 1);
                                    }
                                }
                            );
                        }
                    });
                
                 
            P.when('A', 'cf').execute(function(A) {
                A.declarative('acrStarsLink-click-metrics', 'click', { "allowLinkDefault" : true },  function(event){
                    if(window.ue) {
                        ue.count("acrStarsLinkWithPopoverClickCount", (ue.count("acrStarsLinkWithPopoverClickCount") || 0) + 1);
                    }
                });
            });
        

           
       3.9 de 5 estrellas
2026-02-20 08:40:23,177 | INFO | extractor_logger | [DEBUG TECNICO] Clasificación en los más vendidos de Amazon: nº59,200 en Electrónica (Ver el Top 100 en Electrónica)  nº282 en Videocámaras para Deportes y Acción
2026-02-20 08:40:23,284 | INFO | extractor_logger | [DEBUG TECNICO] Producto en amazon.com desde: octubre 1, 2025
2026-02-20 08:40:23,457 | INFO | extractor_logger | [DEBUG TECNICO] Fabricante: DJI
2026-02-20 08:40:24,103 | INFO | extractor_logger | Extracción real completada correctamente.
2026-02-20 08:40:24,104 | INFO | extractor_logger | DEBUG RETURN BULLETS: ['DJI Autorizado en EE. UU. - Protección completa en EE. UU | OSMO Pocket 3 - Impresionante video de 4K/120fps y sensor CMOS de 1 pulgada – Captura detalles impresionantes con un gran sensor CMOS de 1 pulgada que ofrece imágenes nítidas y vibrantes incluso en condiciones de poca luz. Graba en 4K/120fps a cámara lenta para obtener momentos cinematográficos ultra suaves.', 'Estabilización sólida como una roca de tres ejes: graba imágenes estables y sin sacudidas en cualquier lugar. El avanzado cardán de 3 ejes garantiza una estabilidad a nivel profesional ya sea que estés caminando, corriendo o filmando tomas de acción dinámica.', 'Pantalla táctil OLED giratoria de 2 pulgadas: cambia sin problemas entre tomas horizontales y verticales con la pantalla OLED grande y giratoria. Ajuste sin esfuerzo la configuración, realice un seguimiento de los sujetos y obtenga una vista previa de las tomas con imágenes nítidas.', 'Enfoque rápido de píxel completo + Modo de presentación de productos: fija el enfoque en sujetos en movimiento con precisión ultrarrápida. Perfecto para vlogs y transmisión en vivo, el modo Product Showcase cambia suavemente el enfoque hacia el primer plano para presentaciones claras y atractivas.', 'Seguimiento más inteligente con ActiveTrack 6.0 – Mantente en el encuadre sin usar las manos. Los modos inteligentes como la detección automática de cara y el encuadre dinámico te mantienen perfectamente centrado mientras te mueves, ofreciendo imágenes de calidad profesional con facilidad.', 'Color de nivel profesional con 10 bits D-Log M y HLG – Desbloquea la libertad creativa con un color rico y realista. Graba hasta mil millones de colores con soporte HDR para una impresionante flexibilidad de posproducción e impresionantes imágenes cinematográficas.', 'Audio nítido en cualquier lugar: captura sonido envolvente con una matriz integrada de 3 micrófonos que reduce el ruido del viento. Conéctate sin problemas a dos transmisores DJI Mic 2 para vlogs de dos personas, entrevistas o eventos en vivo.', 'Compacto, de carga rápida y listo para viajar: el diseño de tamaño de bolsillo cabe en tu mano o bolso, listo para cualquier aventura. Graba durante más tiempo con hasta 166 minutos de duración de la batería, y recarga un 80% en solo 16 minutos para no perderte ni un momento.', 'EN LA CAJA: Osmo Pocket 3 | Cable PD de Type-C a Type-C | Funda Protectora Osmo Pocket 3 | Correa de Muñeca DJI | Mango Osmo Pocket 3 con Rosca de 1/4"', 'PAQUETE INCLUYE: Guía maestra no oficial Deco Gear para el DJI Osmo Pocket 3 | Micrófono de solapa mini de 3.5mm Deco Essentials con clip para computadora, negro | Tarjeta de memoria microSDHC/microSDXC UHS-I de alto rendimiento Lexar 633x de 128GB | Paño de limpieza de microfibra Deco Gear de 6 x 6 pulgadas']
2026-02-20 08:40:24,105 | INFO | extractor_logger | Iniciando normalizacion de datos.
2026-02-20 08:40:24,105 | INFO | extractor_logger | Referencia encontrada (modelo): E4DJIOSMOPOCK3
2026-02-20 08:40:24,106 | INFO | extractor_logger | Normalización completada correctamente.
2026-02-20 08:40:24,106 | INFO | extractor_logger | Iniciando capa de traducción.
2026-02-20 08:40:25,568 | INFO | extractor_logger | Traducción completada.
2026-02-20 08:40:25,578 | INFO | extractor_logger | Validacion exitosa del contrato.
2026-02-20 08:40:25,582 | INFO | extractor_logger | Proceso completo finalizado.
2026-02-20 08:42:43,706 | INFO | extractor_logger | URL válida y dominio permitido.
2026-02-20 08:42:43,709 | INFO | extractor_logger | Proveedor detectado: Amazon
2026-02-20 08:42:43,709 | INFO | extractor_logger | Iniciando extracción real Amazon con Playwright.
2026-02-20 08:42:55,245 | INFO | extractor_logger | Cantidad de candidatos de precio encontrados: 10
2026-02-20 08:42:55,279 | INFO | extractor_logger | [DEBUG PRECIO] Candidato 0: AMAZEAR Soporte de montaje magnético compatible con DJI Osmo Pocket 3, accesorio mejorado Pocket3, adaptador de abrazadera, soporte magnético de succión en escritorio, superficie vertical, mango
2026-02-20 08:42:55,304 | INFO | extractor_logger | [DEBUG PRECIO] Candidato 1: DJI Osmo Pocket 3 Capture More Combo, cámara de vlogging con CMOS de 1 pulgada y video 4K/120fps, estabilización de 3 ejes, enfoque rápido, seguimiento de rostro/objeto, pantalla táctil giratoria de 2
2026-02-20 08:42:55,323 | INFO | extractor_logger | [DEBUG PRECIO] Candidato 2: DJI Osmo Pocket 3, cámaras de vlogging con CMOS de 1 pulgada y cámara de vlog 4K/120fps, estabilización de 3 ejes, enfoque rápido, seguimiento de cara/objetos, cámara digital de vlogging para YouTube
2026-02-20 08:42:55,343 | INFO | extractor_logger | [DEBUG PRECIO] Candidato 3: Lekufee Funda Rígida Resistente al Agua para DJI Osmo Pocket 3, Mic 3/2/Mini, Combo de Creador, Combo de Expansión de Potencia, Cámara de Vlogging y Accesorios (Solo Funda)
2026-02-20 08:42:55,358 | INFO | extractor_logger | [DEBUG PRECIO] Candidato 4: CYNOVA DJI Osmo Pocket 3 Protector de Pantalla, Protector de Lente para DJI Osmo Pocket 3 Accesorios con Película de Pantalla LCD de Vidrio Templado, Ultra HD, Dureza 9H, Resistente a Arañazos
2026-02-20 08:42:55,368 | INFO | extractor_logger | [DEBUG PRECIO] Candidato 5: US$672.99
2026-02-20 08:42:55,368 | INFO | extractor_logger | [DEBUG PRECIO] Precio seleccionado: US$672.99
2026-02-20 08:42:55,423 | INFO | extractor_logger | [DEBUG BULLETS] Total encontrados: 10
2026-02-20 08:42:55,439 | INFO | extractor_logger | [DEBUG BULLET] DJI Autorizado en EE. UU. - Protección completa en EE. UU | OSMO Pocket 3 - Impresionante video de 4K/120fps y sensor CMOS de 1 pulgada – Captura detalles impresionantes con un gran sensor CMOS de 1 pulgada que ofrece imágenes nítidas y vibrantes incluso en condiciones de poca luz. Graba en 4K/120fps a cámara lenta para obtener momentos cinematográficos ultra suaves.
2026-02-20 08:42:55,456 | INFO | extractor_logger | [DEBUG BULLET] Estabilización sólida como una roca de tres ejes: graba imágenes estables y sin sacudidas en cualquier lugar. El avanzado cardán de 3 ejes garantiza una estabilidad a nivel profesional ya sea que estés caminando, corriendo o filmando tomas de acción dinámica.
2026-02-20 08:42:55,468 | INFO | extractor_logger | [DEBUG BULLET] Pantalla táctil OLED giratoria de 2 pulgadas: cambia sin problemas entre tomas horizontales y verticales con la pantalla OLED grande y giratoria. Ajuste sin esfuerzo la configuración, realice un seguimiento de los sujetos y obtenga una vista previa de las tomas con imágenes nítidas.
2026-02-20 08:42:55,478 | INFO | extractor_logger | [DEBUG BULLET] Enfoque rápido de píxel completo + Modo de presentación de productos: fija el enfoque en sujetos en movimiento con precisión ultrarrápida. Perfecto para vlogs y transmisión en vivo, el modo Product Showcase cambia suavemente el enfoque hacia el primer plano para presentaciones claras y atractivas.
2026-02-20 08:42:55,501 | INFO | extractor_logger | [DEBUG BULLET] Seguimiento más inteligente con ActiveTrack 6.0 – Mantente en el encuadre sin usar las manos. Los modos inteligentes como la detección automática de cara y el encuadre dinámico te mantienen perfectamente centrado mientras te mueves, ofreciendo imágenes de calidad profesional con facilidad.
2026-02-20 08:42:55,513 | INFO | extractor_logger | [DEBUG BULLET] Color de nivel profesional con 10 bits D-Log M y HLG – Desbloquea la libertad creativa con un color rico y realista. Graba hasta mil millones de colores con soporte HDR para una impresionante flexibilidad de posproducción e impresionantes imágenes cinematográficas.
2026-02-20 08:42:55,532 | INFO | extractor_logger | [DEBUG BULLET] Audio nítido en cualquier lugar: captura sonido envolvente con una matriz integrada de 3 micrófonos que reduce el ruido del viento. Conéctate sin problemas a dos transmisores DJI Mic 2 para vlogs de dos personas, entrevistas o eventos en vivo.
2026-02-20 08:42:55,574 | INFO | extractor_logger | [DEBUG BULLET] Compacto, de carga rápida y listo para viajar: el diseño de tamaño de bolsillo cabe en tu mano o bolso, listo para cualquier aventura. Graba durante más tiempo con hasta 166 minutos de duración de la batería, y recarga un 80% en solo 16 minutos para no perderte ni un momento.
2026-02-20 08:42:55,601 | INFO | extractor_logger | [DEBUG BULLET] EN LA CAJA: Osmo Pocket 3 | Cable PD de Type-C a Type-C | Funda Protectora Osmo Pocket 3 | Correa de Muñeca DJI | Mango Osmo Pocket 3 con Rosca de 1/4"
2026-02-20 08:42:55,615 | INFO | extractor_logger | [DEBUG BULLET] PAQUETE INCLUYE: Guía maestra no oficial Deco Gear para el DJI Osmo Pocket 3 | Micrófono de solapa mini de 3.5mm Deco Essentials con clip para computadora, negro | Tarjeta de memoria microSDHC/microSDXC UHS-I de alto rendimiento Lexar 633x de 128GB | Paño de limpieza de microfibra Deco Gear de 6 x 6 pulgadas
2026-02-20 08:42:55,659 | INFO | extractor_logger | [DEBUG TECNICO] Dimensiones del producto: 1,3 x 1,7 x 5,5 pulgadas
2026-02-20 08:42:55,683 | INFO | extractor_logger | [DEBUG TECNICO] ASIN: B0FTGR7ZDZ
2026-02-20 08:42:55,755 | INFO | extractor_logger | [DEBUG TECNICO] Número de modelo del producto: E4DJIOSMOPOCK3
2026-02-20 08:42:55,985 | INFO | extractor_logger | [DEBUG TECNICO] Pilas: 1 CR5 necesaria(s), incluida(s)
2026-02-20 08:42:56,010 | INFO | extractor_logger | [DEBUG TECNICO] Opinión media de los clientes: 3.9               3.9 de 5 estrellas         

                         (183)      
                    
                    var dpAcrHasRegisteredArcLinkClickAction;
                    P.when('A', 'ready').execute(function(A) {
                        if (dpAcrHasRegisteredArcLinkClickAction !== true) {
                            dpAcrHasRegisteredArcLinkClickAction = true;
                            A.declarative(
                                'acrLink-click-metrics', 'click',
                                { "allowLinkDefault": true },
                                function (event) {
                                    if (window.ue) {
                                        ue.count("acrLinkClickCount", (ue.count("acrLinkClickCount") || 0) + 1);
                                    }
                                }
                            );
                        }
                    });
                
                 
            P.when('A', 'cf').execute(function(A) {
                A.declarative('acrStarsLink-click-metrics', 'click', { "allowLinkDefault" : true },  function(event){
                    if(window.ue) {
                        ue.count("acrStarsLinkWithPopoverClickCount", (ue.count("acrStarsLinkWithPopoverClickCount") || 0) + 1);
                    }
                });
            });
        

           
       3.9 de 5 estrellas
2026-02-20 08:42:56,037 | INFO | extractor_logger | [DEBUG TECNICO] Clasificación en los más vendidos de Amazon: nº59,200 en Electrónica (Ver el Top 100 en Electrónica)  nº282 en Videocámaras para Deportes y Acción
2026-02-20 08:42:56,069 | INFO | extractor_logger | [DEBUG TECNICO] Producto en amazon.com desde: octubre 1, 2025
2026-02-20 08:42:56,089 | INFO | extractor_logger | [DEBUG TECNICO] Fabricante: DJI
2026-02-20 08:42:56,388 | INFO | extractor_logger | Extracción real completada correctamente.
2026-02-20 08:42:56,388 | INFO | extractor_logger | DEBUG RETURN BULLETS: ['DJI Autorizado en EE. UU. - Protección completa en EE. UU | OSMO Pocket 3 - Impresionante video de 4K/120fps y sensor CMOS de 1 pulgada – Captura detalles impresionantes con un gran sensor CMOS de 1 pulgada que ofrece imágenes nítidas y vibrantes incluso en condiciones de poca luz. Graba en 4K/120fps a cámara lenta para obtener momentos cinematográficos ultra suaves.', 'Estabilización sólida como una roca de tres ejes: graba imágenes estables y sin sacudidas en cualquier lugar. El avanzado cardán de 3 ejes garantiza una estabilidad a nivel profesional ya sea que estés caminando, corriendo o filmando tomas de acción dinámica.', 'Pantalla táctil OLED giratoria de 2 pulgadas: cambia sin problemas entre tomas horizontales y verticales con la pantalla OLED grande y giratoria. Ajuste sin esfuerzo la configuración, realice un seguimiento de los sujetos y obtenga una vista previa de las tomas con imágenes nítidas.', 'Enfoque rápido de píxel completo + Modo de presentación de productos: fija el enfoque en sujetos en movimiento con precisión ultrarrápida. Perfecto para vlogs y transmisión en vivo, el modo Product Showcase cambia suavemente el enfoque hacia el primer plano para presentaciones claras y atractivas.', 'Seguimiento más inteligente con ActiveTrack 6.0 – Mantente en el encuadre sin usar las manos. Los modos inteligentes como la detección automática de cara y el encuadre dinámico te mantienen perfectamente centrado mientras te mueves, ofreciendo imágenes de calidad profesional con facilidad.', 'Color de nivel profesional con 10 bits D-Log M y HLG – Desbloquea la libertad creativa con un color rico y realista. Graba hasta mil millones de colores con soporte HDR para una impresionante flexibilidad de posproducción e impresionantes imágenes cinematográficas.', 'Audio nítido en cualquier lugar: captura sonido envolvente con una matriz integrada de 3 micrófonos que reduce el ruido del viento. Conéctate sin problemas a dos transmisores DJI Mic 2 para vlogs de dos personas, entrevistas o eventos en vivo.', 'Compacto, de carga rápida y listo para viajar: el diseño de tamaño de bolsillo cabe en tu mano o bolso, listo para cualquier aventura. Graba durante más tiempo con hasta 166 minutos de duración de la batería, y recarga un 80% en solo 16 minutos para no perderte ni un momento.', 'EN LA CAJA: Osmo Pocket 3 | Cable PD de Type-C a Type-C | Funda Protectora Osmo Pocket 3 | Correa de Muñeca DJI | Mango Osmo Pocket 3 con Rosca de 1/4"', 'PAQUETE INCLUYE: Guía maestra no oficial Deco Gear para el DJI Osmo Pocket 3 | Micrófono de solapa mini de 3.5mm Deco Essentials con clip para computadora, negro | Tarjeta de memoria microSDHC/microSDXC UHS-I de alto rendimiento Lexar 633x de 128GB | Paño de limpieza de microfibra Deco Gear de 6 x 6 pulgadas']
2026-02-20 08:42:56,389 | INFO | extractor_logger | Iniciando normalizacion de datos.
2026-02-20 08:42:56,389 | INFO | extractor_logger | Referencia encontrada (modelo): E4DJIOSMOPOCK3
2026-02-20 08:42:56,390 | INFO | extractor_logger | Normalización completada correctamente.
2026-02-20 08:42:56,390 | INFO | extractor_logger | Iniciando capa de traducción.
2026-02-20 08:42:57,921 | INFO | extractor_logger | Traducción completada.
2026-02-20 08:42:57,934 | INFO | extractor_logger | Validacion exitosa del contrato.
2026-02-20 08:42:57,938 | INFO | extractor_logger | Proceso completo finalizado.
2026-02-20 08:43:36,120 | INFO | extractor_logger | URL válida y dominio permitido.
2026-02-20 08:43:36,123 | INFO | extractor_logger | Proveedor detectado: Amazon
2026-02-20 08:43:36,123 | INFO | extractor_logger | Iniciando extracción real Amazon con Playwright.
2026-02-20 08:43:44,102 | INFO | extractor_logger | Cantidad de candidatos de precio encontrados: 13
2026-02-20 08:43:44,119 | INFO | extractor_logger | [DEBUG PRECIO] Candidato 0: AMAZEAR Soporte de montaje magnético compatible con DJI Osmo Pocket 3, accesorio mejorado Pocket3, adaptador de abrazadera, soporte magnético de succión en escritorio, superficie vertical, mango
2026-02-20 08:43:44,134 | INFO | extractor_logger | [DEBUG PRECIO] Candidato 1: DJI Osmo Pocket 3 Capture More Combo, cámara de vlogging con CMOS de 1 pulgada y video 4K/120fps, estabilización de 3 ejes, enfoque rápido, seguimiento de rostro/objeto, pantalla táctil giratoria de 2
2026-02-20 08:43:44,148 | INFO | extractor_logger | [DEBUG PRECIO] Candidato 2: DJI Osmo Pocket 3, cámaras de vlogging con CMOS de 1 pulgada y cámara de vlog 4K/120fps, estabilización de 3 ejes, enfoque rápido, seguimiento de cara/objetos, cámara digital de vlogging para YouTube
2026-02-20 08:43:44,157 | INFO | extractor_logger | [DEBUG PRECIO] Candidato 3: Lekufee Funda Rígida Resistente al Agua para DJI Osmo Pocket 3, Mic 3/2/Mini, Combo de Creador, Combo de Expansión de Potencia, Cámara de Vlogging y Accesorios (Solo Funda)
2026-02-20 08:43:44,171 | INFO | extractor_logger | [DEBUG PRECIO] Candidato 4: CYNOVA DJI Osmo Pocket 3 Protector de Pantalla, Protector de Lente para DJI Osmo Pocket 3 Accesorios con Película de Pantalla LCD de Vidrio Templado, Ultra HD, Dureza 9H, Resistente a Arañazos
2026-02-20 08:43:44,189 | INFO | extractor_logger | [DEBUG PRECIO] Candidato 5: US$672.99
2026-02-20 08:43:44,195 | INFO | extractor_logger | [DEBUG PRECIO] Precio seleccionado: US$672.99
2026-02-20 08:43:44,230 | INFO | extractor_logger | [DEBUG BULLETS] Total encontrados: 10
2026-02-20 08:43:44,244 | INFO | extractor_logger | [DEBUG BULLET] DJI Autorizado en EE. UU. - Protección completa en EE. UU | OSMO Pocket 3 - Impresionante video de 4K/120fps y sensor CMOS de 1 pulgada – Captura detalles impresionantes con un gran sensor CMOS de 1 pulgada que ofrece imágenes nítidas y vibrantes incluso en condiciones de poca luz. Graba en 4K/120fps a cámara lenta para obtener momentos cinematográficos ultra suaves.
2026-02-20 08:43:44,255 | INFO | extractor_logger | [DEBUG BULLET] Estabilización sólida como una roca de tres ejes: graba imágenes estables y sin sacudidas en cualquier lugar. El avanzado cardán de 3 ejes garantiza una estabilidad a nivel profesional ya sea que estés caminando, corriendo o filmando tomas de acción dinámica.
2026-02-20 08:43:44,278 | INFO | extractor_logger | [DEBUG BULLET] Pantalla táctil OLED giratoria de 2 pulgadas: cambia sin problemas entre tomas horizontales y verticales con la pantalla OLED grande y giratoria. Ajuste sin esfuerzo la configuración, realice un seguimiento de los sujetos y obtenga una vista previa de las tomas con imágenes nítidas.
2026-02-20 08:43:44,291 | INFO | extractor_logger | [DEBUG BULLET] Enfoque rápido de píxel completo + Modo de presentación de productos: fija el enfoque en sujetos en movimiento con precisión ultrarrápida. Perfecto para vlogs y transmisión en vivo, el modo Product Showcase cambia suavemente el enfoque hacia el primer plano para presentaciones claras y atractivas.
2026-02-20 08:43:44,311 | INFO | extractor_logger | [DEBUG BULLET] Seguimiento más inteligente con ActiveTrack 6.0 – Mantente en el encuadre sin usar las manos. Los modos inteligentes como la detección automática de cara y el encuadre dinámico te mantienen perfectamente centrado mientras te mueves, ofreciendo imágenes de calidad profesional con facilidad.
2026-02-20 08:43:44,319 | INFO | extractor_logger | [DEBUG BULLET] Color de nivel profesional con 10 bits D-Log M y HLG – Desbloquea la libertad creativa con un color rico y realista. Graba hasta mil millones de colores con soporte HDR para una impresionante flexibilidad de posproducción e impresionantes imágenes cinematográficas.
2026-02-20 08:43:44,336 | INFO | extractor_logger | [DEBUG BULLET] Audio nítido en cualquier lugar: captura sonido envolvente con una matriz integrada de 3 micrófonos que reduce el ruido del viento. Conéctate sin problemas a dos transmisores DJI Mic 2 para vlogs de dos personas, entrevistas o eventos en vivo.
2026-02-20 08:43:44,350 | INFO | extractor_logger | [DEBUG BULLET] Compacto, de carga rápida y listo para viajar: el diseño de tamaño de bolsillo cabe en tu mano o bolso, listo para cualquier aventura. Graba durante más tiempo con hasta 166 minutos de duración de la batería, y recarga un 80% en solo 16 minutos para no perderte ni un momento.
2026-02-20 08:43:44,356 | INFO | extractor_logger | [DEBUG BULLET] EN LA CAJA: Osmo Pocket 3 | Cable PD de Type-C a Type-C | Funda Protectora Osmo Pocket 3 | Correa de Muñeca DJI | Mango Osmo Pocket 3 con Rosca de 1/4"
2026-02-20 08:43:44,367 | INFO | extractor_logger | [DEBUG BULLET] PAQUETE INCLUYE: Guía maestra no oficial Deco Gear para el DJI Osmo Pocket 3 | Micrófono de solapa mini de 3.5mm Deco Essentials con clip para computadora, negro | Tarjeta de memoria microSDHC/microSDXC UHS-I de alto rendimiento Lexar 633x de 128GB | Paño de limpieza de microfibra Deco Gear de 6 x 6 pulgadas
2026-02-20 08:43:44,403 | INFO | extractor_logger | [DEBUG TECNICO] Dimensiones del producto: 1,3 x 1,7 x 5,5 pulgadas
2026-02-20 08:43:44,440 | INFO | extractor_logger | [DEBUG TECNICO] ASIN: B0FTGR7ZDZ
2026-02-20 08:43:44,472 | INFO | extractor_logger | [DEBUG TECNICO] Número de modelo del producto: E4DJIOSMOPOCK3
2026-02-20 08:43:44,490 | INFO | extractor_logger | [DEBUG TECNICO] Pilas: 1 CR5 necesaria(s), incluida(s)
2026-02-20 08:43:44,514 | INFO | extractor_logger | [DEBUG TECNICO] Opinión media de los clientes: 3.9               3.9 de 5 estrellas         

                         (183)      
                    
                    var dpAcrHasRegisteredArcLinkClickAction;
                    P.when('A', 'ready').execute(function(A) {
                        if (dpAcrHasRegisteredArcLinkClickAction !== true) {
                            dpAcrHasRegisteredArcLinkClickAction = true;
                            A.declarative(
                                'acrLink-click-metrics', 'click',
                                { "allowLinkDefault": true },
                                function (event) {
                                    if (window.ue) {
                                        ue.count("acrLinkClickCount", (ue.count("acrLinkClickCount") || 0) + 1);
                                    }
                                }
                            );
                        }
                    });
                
                 
            P.when('A', 'cf').execute(function(A) {
                A.declarative('acrStarsLink-click-metrics', 'click', { "allowLinkDefault" : true },  function(event){
                    if(window.ue) {
                        ue.count("acrStarsLinkWithPopoverClickCount", (ue.count("acrStarsLinkWithPopoverClickCount") || 0) + 1);
                    }
                });
            });
        

           
       3.9 de 5 estrellas
2026-02-20 08:43:44,534 | INFO | extractor_logger | [DEBUG TECNICO] Clasificación en los más vendidos de Amazon: nº59,200 en Electrónica (Ver el Top 100 en Electrónica)  nº282 en Videocámaras para Deportes y Acción
2026-02-20 08:43:44,554 | INFO | extractor_logger | [DEBUG TECNICO] Producto en amazon.com desde: octubre 1, 2025
2026-02-20 08:43:44,596 | INFO | extractor_logger | [DEBUG TECNICO] Fabricante: DJI
2026-02-20 08:43:44,911 | INFO | extractor_logger | Extracción real completada correctamente.
2026-02-20 08:43:44,911 | INFO | extractor_logger | DEBUG RETURN BULLETS: ['DJI Autorizado en EE. UU. - Protección completa en EE. UU | OSMO Pocket 3 - Impresionante video de 4K/120fps y sensor CMOS de 1 pulgada – Captura detalles impresionantes con un gran sensor CMOS de 1 pulgada que ofrece imágenes nítidas y vibrantes incluso en condiciones de poca luz. Graba en 4K/120fps a cámara lenta para obtener momentos cinematográficos ultra suaves.', 'Estabilización sólida como una roca de tres ejes: graba imágenes estables y sin sacudidas en cualquier lugar. El avanzado cardán de 3 ejes garantiza una estabilidad a nivel profesional ya sea que estés caminando, corriendo o filmando tomas de acción dinámica.', 'Pantalla táctil OLED giratoria de 2 pulgadas: cambia sin problemas entre tomas horizontales y verticales con la pantalla OLED grande y giratoria. Ajuste sin esfuerzo la configuración, realice un seguimiento de los sujetos y obtenga una vista previa de las tomas con imágenes nítidas.', 'Enfoque rápido de píxel completo + Modo de presentación de productos: fija el enfoque en sujetos en movimiento con precisión ultrarrápida. Perfecto para vlogs y transmisión en vivo, el modo Product Showcase cambia suavemente el enfoque hacia el primer plano para presentaciones claras y atractivas.', 'Seguimiento más inteligente con ActiveTrack 6.0 – Mantente en el encuadre sin usar las manos. Los modos inteligentes como la detección automática de cara y el encuadre dinámico te mantienen perfectamente centrado mientras te mueves, ofreciendo imágenes de calidad profesional con facilidad.', 'Color de nivel profesional con 10 bits D-Log M y HLG – Desbloquea la libertad creativa con un color rico y realista. Graba hasta mil millones de colores con soporte HDR para una impresionante flexibilidad de posproducción e impresionantes imágenes cinematográficas.', 'Audio nítido en cualquier lugar: captura sonido envolvente con una matriz integrada de 3 micrófonos que reduce el ruido del viento. Conéctate sin problemas a dos transmisores DJI Mic 2 para vlogs de dos personas, entrevistas o eventos en vivo.', 'Compacto, de carga rápida y listo para viajar: el diseño de tamaño de bolsillo cabe en tu mano o bolso, listo para cualquier aventura. Graba durante más tiempo con hasta 166 minutos de duración de la batería, y recarga un 80% en solo 16 minutos para no perderte ni un momento.', 'EN LA CAJA: Osmo Pocket 3 | Cable PD de Type-C a Type-C | Funda Protectora Osmo Pocket 3 | Correa de Muñeca DJI | Mango Osmo Pocket 3 con Rosca de 1/4"', 'PAQUETE INCLUYE: Guía maestra no oficial Deco Gear para el DJI Osmo Pocket 3 | Micrófono de solapa mini de 3.5mm Deco Essentials con clip para computadora, negro | Tarjeta de memoria microSDHC/microSDXC UHS-I de alto rendimiento Lexar 633x de 128GB | Paño de limpieza de microfibra Deco Gear de 6 x 6 pulgadas']
2026-02-20 08:43:44,912 | INFO | extractor_logger | Iniciando normalizacion de datos.
2026-02-20 08:43:44,912 | INFO | extractor_logger | Referencia encontrada (modelo): E4DJIOSMOPOCK3
2026-02-20 08:43:44,913 | INFO | extractor_logger | Normalización completada correctamente.
2026-02-20 08:43:44,913 | INFO | extractor_logger | Iniciando capa de traducción.
2026-02-20 08:43:46,399 | INFO | extractor_logger | Traducción completada.
2026-02-20 08:43:46,411 | INFO | extractor_logger | Validacion exitosa del contrato.
2026-02-20 08:43:46,415 | INFO | extractor_logger | Proceso completo finalizado.
2026-02-20 09:06:17,339 | INFO | extractor_logger | URL válida y dominio permitido.
2026-02-20 09:06:17,341 | INFO | extractor_logger | Proveedor detectado: Amazon
2026-02-20 09:06:17,342 | INFO | extractor_logger | Iniciando extracción real Amazon con Playwright.
2026-02-20 09:06:36,015 | INFO | extractor_logger | Cantidad de candidatos de precio encontrados: 18
2026-02-20 09:06:36,080 | INFO | extractor_logger | [DEBUG PRECIO] Candidato 0: COP 1,122,335.55
2026-02-20 09:06:36,090 | INFO | extractor_logger | [DEBUG PRECIO] Candidato 1: COP 1,385,089.69
2026-02-20 09:06:36,097 | INFO | extractor_logger | [DEBUG PRECIO] Candidato 2: COP 1,572,771.22
2026-02-20 09:06:36,110 | INFO | extractor_logger | [DEBUG PRECIO] Candidato 3: COP 859,581.41
2026-02-20 09:06:36,137 | INFO | extractor_logger | [DEBUG PRECIO] Candidato 4: PVPR: COP 1,084,799.24
2026-02-20 09:06:36,149 | INFO | extractor_logger | [DEBUG PRECIO] Candidato 5: COP 1,084,799.24
2026-02-20 09:06:36,161 | INFO | extractor_logger | [DEBUG PRECIO] Candidato 6: COP 97,181.50
2026-02-20 09:06:36,186 | INFO | extractor_logger | [DEBUG PRECIO] Candidato 7: COP 159,491.76
2026-02-20 09:06:36,197 | INFO | extractor_logger | [DEBUG PRECIO] Candidato 8: Precio recomendado: COP 187,643.99
2026-02-20 09:06:36,214 | INFO | extractor_logger | [DEBUG PRECIO] Candidato 9: COP 187,643.99
2026-02-20 09:06:36,231 | INFO | extractor_logger | [DEBUG PRECIO] Candidato 10: COP 262,716.61
2026-02-20 09:06:36,246 | INFO | extractor_logger | [DEBUG PRECIO] Candidato 11: COP 1,013,442.73
2026-02-20 09:06:36,509 | INFO | extractor_logger | [DEBUG PRECIO] Candidato 12: COP 1,234,944.47
2026-02-20 09:06:36,593 | INFO | extractor_logger | [DEBUG PRECIO] Candidato 13: COP 412,824.29
2026-02-20 09:06:36,671 | INFO | extractor_logger | [DEBUG PRECIO] Candidato 14: COP 112,571.38
2026-02-20 09:06:36,730 | INFO | extractor_logger | [DEBUG PRECIO] Candidato 15: COP 1,385,089.69
2026-02-20 09:06:36,754 | INFO | extractor_logger | [DEBUG PRECIO] Candidato 16: COP 788,224.89
2026-02-20 09:06:36,763 | INFO | extractor_logger | [DEBUG PRECIO] Candidato 17: COP 281,484.76
2026-02-20 09:06:36,854 | INFO | extractor_logger | [DEBUG BULLETS] Total encontrados: 10
2026-02-20 09:06:36,863 | INFO | extractor_logger | [DEBUG BULLET] DJI Autorizado en EE. UU. - Protección completa en EE. UU | OSMO Pocket 3 - Impresionante video de 4K/120fps y sensor CMOS de 1 pulgada – Captura detalles impresionantes con un gran sensor CMOS de 1 pulgada que ofrece imágenes nítidas y vibrantes incluso en condiciones de poca luz. Graba en 4K/120fps a cámara lenta para obtener momentos cinematográficos ultra suaves.
2026-02-20 09:06:36,878 | INFO | extractor_logger | [DEBUG BULLET] Estabilización sólida como una roca de tres ejes: graba imágenes estables y sin sacudidas en cualquier lugar. El avanzado cardán de 3 ejes garantiza una estabilidad a nivel profesional ya sea que estés caminando, corriendo o filmando tomas de acción dinámica.
2026-02-20 09:06:36,894 | INFO | extractor_logger | [DEBUG BULLET] Pantalla táctil OLED giratoria de 2 pulgadas: cambia sin problemas entre tomas horizontales y verticales con la pantalla OLED grande y giratoria. Ajuste sin esfuerzo la configuración, realice un seguimiento de los sujetos y obtenga una vista previa de las tomas con imágenes nítidas.
2026-02-20 09:06:36,903 | INFO | extractor_logger | [DEBUG BULLET] Enfoque rápido de píxel completo + Modo de presentación de productos: fija el enfoque en sujetos en movimiento con precisión ultrarrápida. Perfecto para vlogs y transmisión en vivo, el modo Product Showcase cambia suavemente el enfoque hacia el primer plano para presentaciones claras y atractivas.
2026-02-20 09:06:36,915 | INFO | extractor_logger | [DEBUG BULLET] Seguimiento más inteligente con ActiveTrack 6.0 – Mantente en el encuadre sin usar las manos. Los modos inteligentes como la detección automática de cara y el encuadre dinámico te mantienen perfectamente centrado mientras te mueves, ofreciendo imágenes de calidad profesional con facilidad.
2026-02-20 09:06:36,930 | INFO | extractor_logger | [DEBUG BULLET] Color de nivel profesional con 10 bits D-Log M y HLG – Desbloquea la libertad creativa con un color rico y realista. Graba hasta mil millones de colores con soporte HDR para una impresionante flexibilidad de posproducción e impresionantes imágenes cinematográficas.
2026-02-20 09:06:36,949 | INFO | extractor_logger | [DEBUG BULLET] Audio nítido en cualquier lugar: captura sonido envolvente con una matriz integrada de 3 micrófonos que reduce el ruido del viento. Conéctate sin problemas a dos transmisores DJI Mic 2 para vlogs de dos personas, entrevistas o eventos en vivo.
2026-02-20 09:06:37,066 | INFO | extractor_logger | [DEBUG BULLET] Compacto, de carga rápida y listo para viajar: el diseño de tamaño de bolsillo cabe en tu mano o bolso, listo para cualquier aventura. Graba durante más tiempo con hasta 166 minutos de duración de la batería, y recarga un 80% en solo 16 minutos para no perderte ni un momento.
2026-02-20 09:06:37,112 | INFO | extractor_logger | [DEBUG BULLET] EN LA CAJA: Osmo Pocket 3 | Cable PD de Type-C a Type-C | Funda Protectora Osmo Pocket 3 | Correa de Muñeca DJI | Mango Osmo Pocket 3 con Rosca de 1/4"
2026-02-20 09:06:37,136 | INFO | extractor_logger | [DEBUG BULLET] PAQUETE INCLUYE: Guía maestra no oficial Deco Gear para el DJI Osmo Pocket 3 | Micrófono de solapa mini de 3.5mm Deco Essentials con clip para computadora, negro | Tarjeta de memoria microSDHC/microSDXC UHS-I de alto rendimiento Lexar 633x de 128GB | Paño de limpieza de microfibra Deco Gear de 6 x 6 pulgadas
2026-02-20 09:06:37,203 | INFO | extractor_logger | [DEBUG TECNICO] Dimensiones del producto: 1,3 x 1,7 x 5,5 pulgadas
2026-02-20 09:06:37,239 | INFO | extractor_logger | [DEBUG TECNICO] ASIN: B0FTGR7ZDZ
2026-02-20 09:06:37,405 | INFO | extractor_logger | [DEBUG TECNICO] Número de modelo del producto: E4DJIOSMOPOCK3
2026-02-20 09:06:37,437 | INFO | extractor_logger | [DEBUG TECNICO] Pilas: 1 CR5 necesaria(s), incluida(s)
2026-02-20 09:06:37,456 | INFO | extractor_logger | [DEBUG TECNICO] Opinión media de los clientes: 3.9               3.9 de 5 estrellas         

                         (183)      
                    
                    var dpAcrHasRegisteredArcLinkClickAction;
                    P.when('A', 'ready').execute(function(A) {
                        if (dpAcrHasRegisteredArcLinkClickAction !== true) {
                            dpAcrHasRegisteredArcLinkClickAction = true;
                            A.declarative(
                                'acrLink-click-metrics', 'click',
                                { "allowLinkDefault": true },
                                function (event) {
                                    if (window.ue) {
                                        ue.count("acrLinkClickCount", (ue.count("acrLinkClickCount") || 0) + 1);
                                    }
                                }
                            );
                        }
                    });
                
                 
            P.when('A', 'cf').execute(function(A) {
                A.declarative('acrStarsLink-click-metrics', 'click', { "allowLinkDefault" : true },  function(event){
                    if(window.ue) {
                        ue.count("acrStarsLinkWithPopoverClickCount", (ue.count("acrStarsLinkWithPopoverClickCount") || 0) + 1);
                    }
                });
            });
        

           
       3.9 de 5 estrellas
2026-02-20 09:06:37,474 | INFO | extractor_logger | [DEBUG TECNICO] Clasificación en los más vendidos de Amazon: nº59,200 en Electrónica (Ver el Top 100 en Electrónica)  nº282 en Videocámaras para Deportes y Acción
2026-02-20 09:06:37,496 | INFO | extractor_logger | [DEBUG TECNICO] Producto en amazon.com desde: octubre 1, 2025
2026-02-20 09:06:37,516 | INFO | extractor_logger | [DEBUG TECNICO] Fabricante: DJI
2026-02-20 09:06:37,848 | INFO | extractor_logger | Extracción real completada correctamente.
2026-02-20 09:06:37,849 | INFO | extractor_logger | DEBUG RETURN BULLETS: ['DJI Autorizado en EE. UU. - Protección completa en EE. UU | OSMO Pocket 3 - Impresionante video de 4K/120fps y sensor CMOS de 1 pulgada – Captura detalles impresionantes con un gran sensor CMOS de 1 pulgada que ofrece imágenes nítidas y vibrantes incluso en condiciones de poca luz. Graba en 4K/120fps a cámara lenta para obtener momentos cinematográficos ultra suaves.', 'Estabilización sólida como una roca de tres ejes: graba imágenes estables y sin sacudidas en cualquier lugar. El avanzado cardán de 3 ejes garantiza una estabilidad a nivel profesional ya sea que estés caminando, corriendo o filmando tomas de acción dinámica.', 'Pantalla táctil OLED giratoria de 2 pulgadas: cambia sin problemas entre tomas horizontales y verticales con la pantalla OLED grande y giratoria. Ajuste sin esfuerzo la configuración, realice un seguimiento de los sujetos y obtenga una vista previa de las tomas con imágenes nítidas.', 'Enfoque rápido de píxel completo + Modo de presentación de productos: fija el enfoque en sujetos en movimiento con precisión ultrarrápida. Perfecto para vlogs y transmisión en vivo, el modo Product Showcase cambia suavemente el enfoque hacia el primer plano para presentaciones claras y atractivas.', 'Seguimiento más inteligente con ActiveTrack 6.0 – Mantente en el encuadre sin usar las manos. Los modos inteligentes como la detección automática de cara y el encuadre dinámico te mantienen perfectamente centrado mientras te mueves, ofreciendo imágenes de calidad profesional con facilidad.', 'Color de nivel profesional con 10 bits D-Log M y HLG – Desbloquea la libertad creativa con un color rico y realista. Graba hasta mil millones de colores con soporte HDR para una impresionante flexibilidad de posproducción e impresionantes imágenes cinematográficas.', 'Audio nítido en cualquier lugar: captura sonido envolvente con una matriz integrada de 3 micrófonos que reduce el ruido del viento. Conéctate sin problemas a dos transmisores DJI Mic 2 para vlogs de dos personas, entrevistas o eventos en vivo.', 'Compacto, de carga rápida y listo para viajar: el diseño de tamaño de bolsillo cabe en tu mano o bolso, listo para cualquier aventura. Graba durante más tiempo con hasta 166 minutos de duración de la batería, y recarga un 80% en solo 16 minutos para no perderte ni un momento.', 'EN LA CAJA: Osmo Pocket 3 | Cable PD de Type-C a Type-C | Funda Protectora Osmo Pocket 3 | Correa de Muñeca DJI | Mango Osmo Pocket 3 con Rosca de 1/4"', 'PAQUETE INCLUYE: Guía maestra no oficial Deco Gear para el DJI Osmo Pocket 3 | Micrófono de solapa mini de 3.5mm Deco Essentials con clip para computadora, negro | Tarjeta de memoria microSDHC/microSDXC UHS-I de alto rendimiento Lexar 633x de 128GB | Paño de limpieza de microfibra Deco Gear de 6 x 6 pulgadas']
2026-02-20 09:06:37,850 | INFO | extractor_logger | Iniciando normalizacion de datos.
2026-02-20 09:06:37,850 | INFO | extractor_logger | Referencia encontrada (modelo): E4DJIOSMOPOCK3
2026-02-20 09:06:37,851 | INFO | extractor_logger | Normalización completada correctamente.
2026-02-20 09:06:37,851 | INFO | extractor_logger | Iniciando capa de traducción.
2026-02-20 09:06:39,425 | INFO | extractor_logger | Traducción completada.
2026-02-20 09:06:39,436 | INFO | extractor_logger | Validacion exitosa del contrato.
2026-02-20 09:06:39,440 | INFO | extractor_logger | Proceso completo finalizado.
2026-02-20 09:38:29,216 | INFO | extractor_logger | URL válida y dominio permitido.
2026-02-20 09:38:29,219 | INFO | extractor_logger | Proveedor detectado: Amazon
2026-02-20 09:38:29,219 | INFO | extractor_logger | Iniciando extracción real Amazon con Playwright.
2026-02-20 09:38:52,050 | ERROR | extractor_logger | Error durante extracción Amazon.
2026-02-20 09:38:52,050 | ERROR | extractor_logger | Page.wait_for_selector: Timeout 10000ms exceeded.
Call log:
  - waiting for locator("#productTitle") to be visible

2026-02-20 09:38:52,051 | INFO | extractor_logger | Iniciando normalizacion de datos.
2026-02-20 09:38:52,051 | INFO | extractor_logger | Referencia encontrada (ASIN URL fallback): B003TP9HHA
2026-02-20 09:38:52,051 | INFO | extractor_logger | Normalización completada correctamente.
2026-02-20 09:38:52,051 | INFO | extractor_logger | Iniciando capa de traducción.
2026-02-20 09:38:52,052 | INFO | extractor_logger | Traducción completada.
2026-02-20 09:38:52,059 | INFO | extractor_logger | Validacion exitosa del contrato.
2026-02-20 09:38:52,063 | INFO | extractor_logger | Proceso completo finalizado.
2026-02-20 09:40:58,213 | INFO | extractor_logger | URL válida y dominio permitido.
2026-02-20 09:40:58,216 | INFO | extractor_logger | Proveedor detectado: Amazon
2026-02-20 09:40:58,216 | INFO | extractor_logger | Iniciando extracción real Amazon con Playwright.
2026-02-20 09:41:13,455 | ERROR | extractor_logger | Error durante extracción Amazon.
2026-02-20 09:41:13,455 | ERROR | extractor_logger | Page.wait_for_selector: Timeout 10000ms exceeded.
Call log:
  - waiting for locator("#productTitle") to be visible

2026-02-20 09:41:13,456 | INFO | extractor_logger | Iniciando normalizacion de datos.
2026-02-20 09:41:13,456 | WARNING | extractor_logger | No se encontró referencia válida.
2026-02-20 09:41:13,457 | INFO | extractor_logger | Normalización completada correctamente.
2026-02-20 09:41:13,457 | INFO | extractor_logger | Iniciando capa de traducción.
2026-02-20 09:41:13,457 | INFO | extractor_logger | Traducción completada.
2026-02-20 09:41:13,472 | INFO | extractor_logger | Validacion exitosa del contrato.
2026-02-20 09:41:13,476 | INFO | extractor_logger | Proceso completo finalizado.
2026-02-20 09:42:47,128 | INFO | extractor_logger | URL válida y dominio permitido.
2026-02-20 09:42:47,129 | INFO | extractor_logger | Proveedor detectado: Amazon
2026-02-20 09:42:47,130 | INFO | extractor_logger | Iniciando extracción real Amazon con Playwright.
2026-02-20 09:43:01,163 | ERROR | extractor_logger | Error durante extracción Amazon.
2026-02-20 09:43:01,163 | ERROR | extractor_logger | Page.wait_for_selector: Timeout 10000ms exceeded.
Call log:
  - waiting for locator("#productTitle") to be visible

2026-02-20 09:43:01,163 | INFO | extractor_logger | Iniciando normalizacion de datos.
2026-02-20 09:43:01,164 | INFO | extractor_logger | Referencia encontrada (ASIN URL fallback): B0GKNQ71XH
2026-02-20 09:43:01,164 | INFO | extractor_logger | Normalización completada correctamente.
2026-02-20 09:43:01,164 | INFO | extractor_logger | Iniciando capa de traducción.
2026-02-20 09:43:01,165 | INFO | extractor_logger | Traducción completada.
2026-02-20 09:43:01,173 | INFO | extractor_logger | Validacion exitosa del contrato.
2026-02-20 09:43:01,176 | INFO | extractor_logger | Proceso completo finalizado.
2026-02-20 09:49:13,710 | INFO | extractor_logger | URL válida y dominio permitido.
2026-02-20 09:49:13,711 | INFO | extractor_logger | Proveedor detectado: Amazon
2026-02-20 09:49:13,712 | INFO | extractor_logger | Iniciando extracción real Amazon con Playwright.
2026-02-20 09:49:29,965 | ERROR | extractor_logger | Error durante extracción Amazon.
2026-02-20 09:49:29,966 | ERROR | extractor_logger | Page.wait_for_selector: Timeout 10000ms exceeded.
Call log:
  - waiting for locator("#productTitle") to be visible

2026-02-20 09:49:29,966 | INFO | extractor_logger | Iniciando normalizacion de datos.
2026-02-20 09:49:29,966 | INFO | extractor_logger | Referencia encontrada (ASIN URL fallback): B0GKNQ71XH
2026-02-20 09:49:29,967 | INFO | extractor_logger | Normalización completada correctamente.
2026-02-20 09:49:29,967 | INFO | extractor_logger | Iniciando capa de traducción.
2026-02-20 09:49:29,967 | INFO | extractor_logger | Traducción completada.
2026-02-20 09:49:29,977 | INFO | extractor_logger | Validacion exitosa del contrato.
2026-02-20 09:49:29,982 | INFO | extractor_logger | Proceso completo finalizado.
2026-02-20 10:06:45,036 | INFO | extractor_logger | URL válida y dominio permitido.
2026-02-20 10:06:45,038 | INFO | extractor_logger | Proveedor detectado: Amazon
2026-02-20 10:06:45,039 | INFO | extractor_logger | Iniciando extracción real Amazon con Playwright.
2026-02-20 10:07:18,837 | INFO | extractor_logger | Cantidad de candidatos de precio encontrados: 36
2026-02-20 10:07:18,852 | INFO | extractor_logger | [DEBUG PRECIO] Candidato 0: DJI Osmo Pocket 3, cámaras de vlogging con CMOS de 1 pulgada y cámara de vlog 4K/120fps, estabilización de 3 ejes, enfoque rápido, seguimiento de cara/objetos, cámara digital de vlogging para YouTube
2026-02-20 10:07:19,598 | INFO | extractor_logger | [DEBUG PRECIO] Candidato 2: DJI Osmo Pocket 3 Capture More Combo, cámara de vlogging con CMOS de 1 pulgada y video 4K/120fps, estabilización de 3 ejes, enfoque rápido, seguimiento de rostro/objeto, pantalla táctil giratoria de 2
2026-02-20 10:07:19,631 | INFO | extractor_logger | [DEBUG PRECIO] Candidato 3: NEEWER HD CPL ND16 ND64 ND256 Kit de Filtros Compatible con DJI OSMO Pocket 3 Creator Combo Accesorios Cámara de Acción Magnética Filtro de Densidad Neutra Polarizador Vidrio Óptico Marco de Aluminio
2026-02-20 10:07:19,664 | INFO | extractor_logger | [DEBUG PRECIO] Candidato 4: Xtra Muse, cámara de vlogging con videos CMOS de 1 pulgada y 4K/120fps, cámara de bolsillo con estabilizador de cardán de 3 ejes, enfoque rápido, seguimiento de cara/objetos, cámara de video digital
2026-02-20 10:07:19,682 | INFO | extractor_logger | [DEBUG PRECIO] Candidato 5: COP 327,316.59
2026-02-20 10:07:19,698 | INFO | extractor_logger | [DEBUG PRECIO] Candidato 6: COP 97,181.50
2026-02-20 10:07:19,714 | INFO | extractor_logger | [DEBUG PRECIO] Candidato 7: COP 1,013,442.73
2026-02-20 10:07:19,726 | INFO | extractor_logger | [DEBUG PRECIO] Candidato 8: COP 90,049.60
2026-02-20 10:07:19,739 | INFO | extractor_logger | [DEBUG PRECIO] Candidato 9: Precio recomendado: COP 138,846.80
2026-02-20 10:07:19,752 | INFO | extractor_logger | [DEBUG PRECIO] Candidato 10: COP 138,846.80
2026-02-20 10:07:19,763 | INFO | extractor_logger | [DEBUG PRECIO] Candidato 11: COP 1,572,771.22
2026-02-20 10:07:19,773 | INFO | extractor_logger | [DEBUG PRECIO] Candidato 12: COP 150,107.69
2026-02-20 10:07:19,784 | INFO | extractor_logger | [DEBUG PRECIO] Candidato 13: COP 112,571.38
2026-02-20 10:07:19,796 | INFO | extractor_logger | [DEBUG PRECIO] Candidato 14: COP 1,572,771.22
2026-02-20 10:07:19,807 | INFO | extractor_logger | [DEBUG PRECIO] Candidato 15: COP 859,581.41
2026-02-20 10:07:19,823 | INFO | extractor_logger | [DEBUG PRECIO] Candidato 16: PVPR: COP 1,084,799.24
2026-02-20 10:07:19,839 | INFO | extractor_logger | [DEBUG PRECIO] Candidato 17: COP 1,084,799.24
2026-02-20 10:07:19,866 | INFO | extractor_logger | [DEBUG PRECIO] Candidato 18: COP 59,870.41
2026-02-20 10:07:19,889 | INFO | extractor_logger | [DEBUG PRECIO] Candidato 19: COP 60,020.55
2026-02-20 10:07:19,902 | INFO | extractor_logger | [DEBUG PRECIO] Candidato 20: PVPR: COP 75,035.08
2026-02-20 10:07:19,916 | INFO | extractor_logger | [DEBUG PRECIO] Candidato 21: COP 75,035.08
2026-02-20 10:07:19,930 | INFO | extractor_logger | [DEBUG PRECIO] Candidato 22: COP 56,266.92
2026-02-20 10:07:19,946 | INFO | extractor_logger | [DEBUG PRECIO] Candidato 23: Precio recomendado: COP 73,158.26
2026-02-20 10:07:19,995 | INFO | extractor_logger | [DEBUG PRECIO] Candidato 24: COP 73,158.26
2026-02-20 10:07:20,005 | INFO | extractor_logger | [DEBUG PRECIO] Candidato 25: COP 281,484.76
2026-02-20 10:07:20,013 | INFO | extractor_logger | [DEBUG PRECIO] Candidato 26: COP 82,542.34
2026-02-20 10:07:20,019 | INFO | extractor_logger | [DEBUG PRECIO] Candidato 27: PVPR: COP 90,049.60
2026-02-20 10:07:20,026 | INFO | extractor_logger | [DEBUG PRECIO] Candidato 28: COP 90,049.60
2026-02-20 10:07:20,033 | INFO | extractor_logger | [DEBUG PRECIO] Candidato 29: COP 825,761.20
2026-02-20 10:07:20,039 | INFO | extractor_logger | [DEBUG PRECIO] Candidato 30: COP 1,050,979.03
2026-02-20 10:07:20,047 | INFO | extractor_logger | [DEBUG PRECIO] Candidato 31: COP 112,571.38
2026-02-20 10:07:20,054 | INFO | extractor_logger | [DEBUG PRECIO] Candidato 32: COP 315,267.43
2026-02-20 10:07:20,063 | INFO | extractor_logger | [DEBUG PRECIO] Candidato 33: COP 1,013,442.73
2026-02-20 10:07:20,104 | INFO | extractor_logger | [DEBUG PRECIO] Candidato 34: COP 59,870.41
2026-02-20 10:07:20,132 | INFO | extractor_logger | [DEBUG PRECIO] Candidato 35: COP 788,224.89
2026-02-20 10:07:20,179 | INFO | extractor_logger | [DEBUG BULLETS] Total encontrados: 10
2026-02-20 10:07:20,202 | INFO | extractor_logger | [DEBUG BULLET] DJI Autorizado en Estados Unidos – Protección completa de DJI en Estados Unidos | OSMO Pocket 3 – Impresionante video 4K/120fps y sensor CMOS de 1 pulgada – Captura detalles impresionantes con un gran sensor CMOS de 1 pulgada que ofrece imágenes nítidas y vibrantes incluso con poca luz. Graba en cámara lenta de 4K/120fps para momentos cinematográficos ultra suaves.
2026-02-20 10:07:20,221 | INFO | extractor_logger | [DEBUG BULLET] Estabilización sólida de tres ejes: graba imágenes estables y sin sacudidas en cualquier lugar. El cardán avanzado de 3 ejes garantiza una estabilidad de nivel profesional ya sea que estés caminando, corriendo o filmando tomas de acción dinámica.
2026-02-20 10:07:20,235 | INFO | extractor_logger | [DEBUG BULLET] Pantalla táctil OLED giratoria de 2 pulgadas: cambia sin problemas entre disparos horizontales y verticales con la pantalla OLED grande y giratoria. Ajuste sin esfuerzo la configuración, realice un seguimiento de los sujetos y obtenga una vista previa de las tomas con imágenes nítidas.
2026-02-20 10:07:20,250 | INFO | extractor_logger | [DEBUG BULLET] Enfoque rápido de píxeles completos + modo de presentación de productos: bloquea el enfoque en sujetos en movimiento con una precisión ultrarrápida. Perfecto para vlogs y transmisión en vivo, el modo Presentación de productos cambia suavemente el enfoque hacia el primer plano para presentaciones claras y atractivas.
2026-02-20 10:07:20,272 | INFO | extractor_logger | [DEBUG BULLET] Seguimiento más inteligente con ActiveTrack 6.0 – Manténgase en el marco manos libres. Los modos inteligentes como la detección automática de cara y el encuadre dinámico te mantienen perfectamente centrado mientras te mueves, ofreciendo imágenes de calidad profesional con facilidad.
2026-02-20 10:07:20,629 | INFO | extractor_logger | [DEBUG BULLET] Color de grado profesional con D-Log M y HLG de 10 bits: desbloquea la libertad creativa con colores ricos y realistas. Graba hasta mil millones de colores con soporte HDR para una impresionante flexibilidad de posproducción e impresionantes imágenes cinematográficas.
2026-02-20 10:07:20,757 | INFO | extractor_logger | [DEBUG BULLET] Audio nítido en cualquier lugar: captura sonido envolvente con una matriz integrada de 3 micrófonos que reduce el ruido del viento. Conéctate sin problemas a dos transmisores DJI Mic 2 para vlogs de doble persona, entrevistas o eventos en vivo.
2026-02-20 10:07:21,067 | INFO | extractor_logger | [DEBUG BULLET] Compacto, de carga rápida y listo para viajar: el diseño de tamaño de bolsillo cabe en tu mano o bolso, listo para cualquier aventura. Dispara más tiempo con hasta 166 minutos de tiempo de ejecución y recarga un 80% en solo 16 minutos para no perderse ni un momento.
2026-02-20 10:07:21,092 | INFO | extractor_logger | [DEBUG BULLET] En la caja: Osmo Pocket 3 | Cable PD tipo C a tipo C | Cubierta protectora Osmo Pocket 3 | Correa de muñeca DJI | Osmo Pocket 3 Mango con rosca de 1/4 pulgadas
2026-02-20 10:07:21,127 | INFO | extractor_logger | [DEBUG BULLET] El paquete incluye: sistema de micrófono inalámbrico DJI Mic y grabadora de audio
2026-02-20 10:07:21,217 | INFO | extractor_logger | [DEBUG TECNICO] Dimensiones del producto: 1,3 x 1,7 x 5,5 pulgadas
2026-02-20 10:07:21,252 | INFO | extractor_logger | [DEBUG TECNICO] ASIN: B0GKNQ71XH
2026-02-20 10:07:21,289 | INFO | extractor_logger | [DEBUG TECNICO] Número de modelo del producto: E5DJIOSMOPOCK3
2026-02-20 10:07:21,322 | INFO | extractor_logger | [DEBUG TECNICO] Pilas: 1 CR5 necesaria(s), incluida(s)
2026-02-20 10:07:21,358 | INFO | extractor_logger | [DEBUG TECNICO] Clasificación en los más vendidos de Amazon: nº56,933 en Electrónica (Ver el Top 100 en Electrónica)  nº273 en Videocámaras para Deportes y Acción
2026-02-20 10:07:21,400 | INFO | extractor_logger | [DEBUG TECNICO] Producto en amazon.com desde: enero 30, 2026
2026-02-20 10:07:21,440 | INFO | extractor_logger | [DEBUG TECNICO] Fabricante: DJI
2026-02-20 10:07:23,525 | INFO | extractor_logger | Extracción real completada correctamente.
2026-02-20 10:07:23,526 | INFO | extractor_logger | DEBUG RETURN BULLETS: ['DJI Autorizado en Estados Unidos – Protección completa de DJI en Estados Unidos | OSMO Pocket 3 – Impresionante video 4K/120fps y sensor CMOS de 1 pulgada – Captura detalles impresionantes con un gran sensor CMOS de 1 pulgada que ofrece imágenes nítidas y vibrantes incluso con poca luz. Graba en cámara lenta de 4K/120fps para momentos cinematográficos ultra suaves.', 'Estabilización sólida de tres ejes: graba imágenes estables y sin sacudidas en cualquier lugar. El cardán avanzado de 3 ejes garantiza una estabilidad de nivel profesional ya sea que estés caminando, corriendo o filmando tomas de acción dinámica.', 'Pantalla táctil OLED giratoria de 2 pulgadas: cambia sin problemas entre disparos horizontales y verticales con la pantalla OLED grande y giratoria. Ajuste sin esfuerzo la configuración, realice un seguimiento de los sujetos y obtenga una vista previa de las tomas con imágenes nítidas.', 'Enfoque rápido de píxeles completos + modo de presentación de productos: bloquea el enfoque en sujetos en movimiento con una precisión ultrarrápida. Perfecto para vlogs y transmisión en vivo, el modo Presentación de productos cambia suavemente el enfoque hacia el primer plano para presentaciones claras y atractivas.', 'Seguimiento más inteligente con ActiveTrack 6.0 – Manténgase en el marco manos libres. Los modos inteligentes como la detección automática de cara y el encuadre dinámico te mantienen perfectamente centrado mientras te mueves, ofreciendo imágenes de calidad profesional con facilidad.', 'Color de grado profesional con D-Log M y HLG de 10 bits: desbloquea la libertad creativa con colores ricos y realistas. Graba hasta mil millones de colores con soporte HDR para una impresionante flexibilidad de posproducción e impresionantes imágenes cinematográficas.', 'Audio nítido en cualquier lugar: captura sonido envolvente con una matriz integrada de 3 micrófonos que reduce el ruido del viento. Conéctate sin problemas a dos transmisores DJI Mic 2 para vlogs de doble persona, entrevistas o eventos en vivo.', 'Compacto, de carga rápida y listo para viajar: el diseño de tamaño de bolsillo cabe en tu mano o bolso, listo para cualquier aventura. Dispara más tiempo con hasta 166 minutos de tiempo de ejecución y recarga un 80% en solo 16 minutos para no perderse ni un momento.', 'En la caja: Osmo Pocket 3 | Cable PD tipo C a tipo C | Cubierta protectora Osmo Pocket 3 | Correa de muñeca DJI | Osmo Pocket 3 Mango con rosca de 1/4 pulgadas', 'El paquete incluye: sistema de micrófono inalámbrico DJI Mic y grabadora de audio']
2026-02-20 10:07:23,528 | INFO | extractor_logger | Iniciando normalizacion de datos.
2026-02-20 10:07:23,528 | INFO | extractor_logger | Referencia encontrada (modelo): E5DJIOSMOPOCK3
2026-02-20 10:07:23,529 | INFO | extractor_logger | Normalización completada correctamente.
2026-02-20 10:07:23,529 | INFO | extractor_logger | Iniciando capa de traducción.
2026-02-20 10:07:25,620 | INFO | extractor_logger | Traducción completada.
2026-02-20 10:07:25,643 | INFO | extractor_logger | Validacion exitosa del contrato.
2026-02-20 10:07:25,654 | INFO | extractor_logger | Proceso completo finalizado.
2026-02-20 10:31:40,583 | INFO | extractor_logger | URL válida y dominio permitido.
2026-02-20 10:31:40,585 | INFO | extractor_logger | Proveedor detectado: Amazon
2026-02-20 10:31:40,585 | INFO | extractor_logger | Iniciando extracción real Amazon con Playwright.
2026-02-20 10:31:56,274 | INFO | extractor_logger | Cantidad de candidatos de precio encontrados: 29
2026-02-20 10:31:57,010 | INFO | extractor_logger | [DEBUG PRECIO] Candidato 0: COP 1,013,442.73
2026-02-20 10:31:57,227 | INFO | extractor_logger | [DEBUG PRECIO] Candidato 1: COP 788,224.89
2026-02-20 10:31:57,243 | INFO | extractor_logger | [DEBUG PRECIO] Candidato 2: COP 82,542.34
2026-02-20 10:31:57,256 | INFO | extractor_logger | [DEBUG PRECIO] Candidato 3: PVPR: COP 90,049.60
2026-02-20 10:31:57,468 | INFO | extractor_logger | [DEBUG PRECIO] Candidato 4: COP 90,049.60
2026-02-20 10:31:57,501 | INFO | extractor_logger | [DEBUG PRECIO] Candidato 5: COP 90,049.60
2026-02-20 10:31:57,521 | INFO | extractor_logger | [DEBUG PRECIO] Candidato 6: COP 56,266.92
2026-02-20 10:31:57,536 | INFO | extractor_logger | [DEBUG PRECIO] Candidato 7: COP 859,581.41
2026-02-20 10:31:57,600 | INFO | extractor_logger | [DEBUG PRECIO] Candidato 8: PVPR: COP 1,084,799.24
2026-02-20 10:31:57,621 | INFO | extractor_logger | [DEBUG PRECIO] Candidato 9: COP 1,084,799.24
2026-02-20 10:31:57,635 | INFO | extractor_logger | [DEBUG PRECIO] Candidato 10: COP 112,571.38
2026-02-20 10:31:57,654 | INFO | extractor_logger | [DEBUG PRECIO] Candidato 11: COP 1,572,771.22
2026-02-20 10:31:57,670 | INFO | extractor_logger | [DEBUG PRECIO] Candidato 12: COP 859,581.41
2026-02-20 10:31:57,698 | INFO | extractor_logger | [DEBUG PRECIO] Candidato 13: PVPR: COP 1,084,799.24
2026-02-20 10:31:57,716 | INFO | extractor_logger | [DEBUG PRECIO] Candidato 14: COP 1,084,799.24
2026-02-20 10:31:57,732 | INFO | extractor_logger | [DEBUG PRECIO] Candidato 15: COP 59,870.41
2026-02-20 10:31:57,749 | INFO | extractor_logger | [DEBUG PRECIO] Candidato 16: COP 56,266.92
2026-02-20 10:31:57,770 | INFO | extractor_logger | [DEBUG PRECIO] Candidato 17: COP 281,484.76
2026-02-20 10:31:57,790 | INFO | extractor_logger | [DEBUG PRECIO] Candidato 18: COP 82,542.34
2026-02-20 10:31:57,805 | INFO | extractor_logger | [DEBUG PRECIO] Candidato 19: PVPR: COP 90,049.60
2026-02-20 10:31:57,820 | INFO | extractor_logger | [DEBUG PRECIO] Candidato 20: COP 90,049.60
2026-02-20 10:31:57,832 | INFO | extractor_logger | [DEBUG PRECIO] Candidato 21: COP 262,716.61
2026-02-20 10:31:57,844 | INFO | extractor_logger | [DEBUG PRECIO] Candidato 22: COP 315,267.43
2026-02-20 10:31:57,858 | INFO | extractor_logger | [DEBUG PRECIO] Candidato 23: COP 105,064.12
2026-02-20 10:31:57,869 | INFO | extractor_logger | [DEBUG PRECIO] Candidato 24: COP 112,571.38
2026-02-20 10:31:57,881 | INFO | extractor_logger | [DEBUG PRECIO] Candidato 25: COP 56,266.92
2026-02-20 10:31:57,890 | INFO | extractor_logger | [DEBUG PRECIO] Candidato 26: COP 1,013,442.73
2026-02-20 10:31:57,900 | INFO | extractor_logger | [DEBUG PRECIO] Candidato 27: COP 788,224.89
2026-02-20 10:31:57,909 | INFO | extractor_logger | [DEBUG PRECIO] Candidato 28: COP 59,870.41
2026-02-20 10:31:57,938 | INFO | extractor_logger | [DEBUG BULLETS] Total encontrados: 10
2026-02-20 10:31:57,949 | INFO | extractor_logger | [DEBUG BULLET] DJI Autorizado en Estados Unidos – Protección completa de DJI en Estados Unidos | OSMO Pocket 3 – Impresionante video 4K/120fps y sensor CMOS de 1 pulgada – Captura detalles impresionantes con un gran sensor CMOS de 1 pulgada que ofrece imágenes nítidas y vibrantes incluso con poca luz. Graba en cámara lenta de 4K/120fps para momentos cinematográficos ultra suaves.
2026-02-20 10:31:57,969 | INFO | extractor_logger | [DEBUG BULLET] Estabilización sólida de tres ejes: graba imágenes estables y sin sacudidas en cualquier lugar. El cardán avanzado de 3 ejes garantiza una estabilidad de nivel profesional ya sea que estés caminando, corriendo o filmando tomas de acción dinámica.
2026-02-20 10:31:57,981 | INFO | extractor_logger | [DEBUG BULLET] Pantalla táctil OLED giratoria de 2 pulgadas: cambia sin problemas entre disparos horizontales y verticales con la pantalla OLED grande y giratoria. Ajuste sin esfuerzo la configuración, realice un seguimiento de los sujetos y obtenga una vista previa de las tomas con imágenes nítidas.
2026-02-20 10:31:57,993 | INFO | extractor_logger | [DEBUG BULLET] Enfoque rápido de píxeles completos + modo de presentación de productos: bloquea el enfoque en sujetos en movimiento con una precisión ultrarrápida. Perfecto para vlogs y transmisión en vivo, el modo Presentación de productos cambia suavemente el enfoque hacia el primer plano para presentaciones claras y atractivas.
2026-02-20 10:31:58,004 | INFO | extractor_logger | [DEBUG BULLET] Seguimiento más inteligente con ActiveTrack 6.0 – Manténgase en el marco manos libres. Los modos inteligentes como la detección automática de cara y el encuadre dinámico te mantienen perfectamente centrado mientras te mueves, ofreciendo imágenes de calidad profesional con facilidad.
2026-02-20 10:31:58,017 | INFO | extractor_logger | [DEBUG BULLET] Color de grado profesional con D-Log M y HLG de 10 bits: desbloquea la libertad creativa con colores ricos y realistas. Graba hasta mil millones de colores con soporte HDR para una impresionante flexibilidad de posproducción e impresionantes imágenes cinematográficas.
2026-02-20 10:31:58,028 | INFO | extractor_logger | [DEBUG BULLET] Audio nítido en cualquier lugar: captura sonido envolvente con una matriz integrada de 3 micrófonos que reduce el ruido del viento. Conéctate sin problemas a dos transmisores DJI Mic 2 para vlogs de doble persona, entrevistas o eventos en vivo.
2026-02-20 10:31:58,040 | INFO | extractor_logger | [DEBUG BULLET] Compacto, de carga rápida y listo para viajar: el diseño de tamaño de bolsillo cabe en tu mano o bolso, listo para cualquier aventura. Dispara más tiempo con hasta 166 minutos de tiempo de ejecución y recarga un 80% en solo 16 minutos para no perderse ni un momento.
2026-02-20 10:31:58,053 | INFO | extractor_logger | [DEBUG BULLET] En la caja: Osmo Pocket 3 | Cable PD tipo C a tipo C | Cubierta protectora Osmo Pocket 3 | Correa de muñeca DJI | Osmo Pocket 3 Mango con rosca de 1/4 pulgadas
2026-02-20 10:31:58,065 | INFO | extractor_logger | [DEBUG BULLET] El paquete incluye: sistema de micrófono inalámbrico DJI Mic y grabadora de audio
2026-02-20 10:31:58,109 | INFO | extractor_logger | [DEBUG TECNICO] Dimensiones del producto: 1,3 x 1,7 x 5,5 pulgadas
2026-02-20 10:31:58,135 | INFO | extractor_logger | [DEBUG TECNICO] ASIN: B0GKNQ71XH
2026-02-20 10:31:58,175 | INFO | extractor_logger | [DEBUG TECNICO] Número de modelo del producto: E5DJIOSMOPOCK3
2026-02-20 10:31:58,204 | INFO | extractor_logger | [DEBUG TECNICO] Pilas: 1 CR5 necesaria(s), incluida(s)
2026-02-20 10:31:58,230 | INFO | extractor_logger | [DEBUG TECNICO] Clasificación en los más vendidos de Amazon: nº56,942 en Electrónica (Ver el Top 100 en Electrónica)  nº273 en Videocámaras para Deportes y Acción
2026-02-20 10:31:58,258 | INFO | extractor_logger | [DEBUG TECNICO] Producto en amazon.com desde: enero 30, 2026
2026-02-20 10:31:58,283 | INFO | extractor_logger | [DEBUG TECNICO] Fabricante: DJI
2026-02-20 10:32:00,610 | INFO | extractor_logger | Extracción real completada correctamente.
2026-02-20 10:32:00,611 | INFO | extractor_logger | DEBUG RETURN BULLETS: ['DJI Autorizado en Estados Unidos – Protección completa de DJI en Estados Unidos | OSMO Pocket 3 – Impresionante video 4K/120fps y sensor CMOS de 1 pulgada – Captura detalles impresionantes con un gran sensor CMOS de 1 pulgada que ofrece imágenes nítidas y vibrantes incluso con poca luz. Graba en cámara lenta de 4K/120fps para momentos cinematográficos ultra suaves.', 'Estabilización sólida de tres ejes: graba imágenes estables y sin sacudidas en cualquier lugar. El cardán avanzado de 3 ejes garantiza una estabilidad de nivel profesional ya sea que estés caminando, corriendo o filmando tomas de acción dinámica.', 'Pantalla táctil OLED giratoria de 2 pulgadas: cambia sin problemas entre disparos horizontales y verticales con la pantalla OLED grande y giratoria. Ajuste sin esfuerzo la configuración, realice un seguimiento de los sujetos y obtenga una vista previa de las tomas con imágenes nítidas.', 'Enfoque rápido de píxeles completos + modo de presentación de productos: bloquea el enfoque en sujetos en movimiento con una precisión ultrarrápida. Perfecto para vlogs y transmisión en vivo, el modo Presentación de productos cambia suavemente el enfoque hacia el primer plano para presentaciones claras y atractivas.', 'Seguimiento más inteligente con ActiveTrack 6.0 – Manténgase en el marco manos libres. Los modos inteligentes como la detección automática de cara y el encuadre dinámico te mantienen perfectamente centrado mientras te mueves, ofreciendo imágenes de calidad profesional con facilidad.', 'Color de grado profesional con D-Log M y HLG de 10 bits: desbloquea la libertad creativa con colores ricos y realistas. Graba hasta mil millones de colores con soporte HDR para una impresionante flexibilidad de posproducción e impresionantes imágenes cinematográficas.', 'Audio nítido en cualquier lugar: captura sonido envolvente con una matriz integrada de 3 micrófonos que reduce el ruido del viento. Conéctate sin problemas a dos transmisores DJI Mic 2 para vlogs de doble persona, entrevistas o eventos en vivo.', 'Compacto, de carga rápida y listo para viajar: el diseño de tamaño de bolsillo cabe en tu mano o bolso, listo para cualquier aventura. Dispara más tiempo con hasta 166 minutos de tiempo de ejecución y recarga un 80% en solo 16 minutos para no perderse ni un momento.', 'En la caja: Osmo Pocket 3 | Cable PD tipo C a tipo C | Cubierta protectora Osmo Pocket 3 | Correa de muñeca DJI | Osmo Pocket 3 Mango con rosca de 1/4 pulgadas', 'El paquete incluye: sistema de micrófono inalámbrico DJI Mic y grabadora de audio']
2026-02-20 10:32:00,613 | INFO | extractor_logger | Iniciando normalizacion de datos.
2026-02-20 10:32:00,613 | INFO | extractor_logger | Referencia encontrada (modelo): E5DJIOSMOPOCK3
2026-02-20 10:32:00,614 | INFO | extractor_logger | Normalización completada correctamente.
2026-02-20 10:32:00,614 | INFO | extractor_logger | Iniciando capa de traducción.
2026-02-20 10:32:02,232 | INFO | extractor_logger | Traducción completada.
2026-02-20 10:32:02,258 | INFO | extractor_logger | Validacion exitosa del contrato.
2026-02-20 10:32:02,266 | INFO | extractor_logger | Proceso completo finalizado.
2026-02-20 10:32:27,071 | INFO | extractor_logger | URL válida y dominio permitido.
2026-02-20 10:32:27,071 | INFO | extractor_logger | Proveedor detectado: Amazon
2026-02-20 10:32:27,072 | INFO | extractor_logger | Iniciando extracción real Amazon con Playwright.
2026-02-20 10:32:43,798 | INFO | extractor_logger | Cantidad de candidatos de precio encontrados: 36
2026-02-20 10:32:43,868 | INFO | extractor_logger | [DEBUG PRECIO] Candidato 0: DJI Osmo Pocket 3, cámaras de vlogging con CMOS de 1 pulgada y cámara de vlog 4K/120fps, estabilización de 3 ejes, enfoque rápido, seguimiento de cara/objetos, cámara digital de vlogging para YouTube
2026-02-20 10:32:43,963 | INFO | extractor_logger | [DEBUG PRECIO] Candidato 2: DJI Osmo Pocket 3 Capture More Combo, cámara de vlogging con CMOS de 1 pulgada y video 4K/120fps, estabilización de 3 ejes, enfoque rápido, seguimiento de rostro/objeto, pantalla táctil giratoria de 2
2026-02-20 10:32:43,979 | INFO | extractor_logger | [DEBUG PRECIO] Candidato 3: NEEWER HD CPL ND16 ND64 ND256 Kit de Filtros Compatible con DJI OSMO Pocket 3 Creator Combo Accesorios Cámara de Acción Magnética Filtro de Densidad Neutra Polarizador Vidrio Óptico Marco de Aluminio
2026-02-20 10:32:44,078 | INFO | extractor_logger | [DEBUG PRECIO] Candidato 4: Xtra Muse, cámara de vlogging con videos CMOS de 1 pulgada y 4K/120fps, cámara de bolsillo con estabilizador de cardán de 3 ejes, enfoque rápido, seguimiento de cara/objetos, cámara de video digital
2026-02-20 10:32:44,102 | INFO | extractor_logger | [DEBUG PRECIO] Candidato 5: COP 1,013,442.73
2026-02-20 10:32:44,180 | INFO | extractor_logger | [DEBUG PRECIO] Candidato 6: COP 56,266.92
2026-02-20 10:32:44,247 | INFO | extractor_logger | [DEBUG PRECIO] Candidato 7: COP 788,224.89
2026-02-20 10:32:44,298 | INFO | extractor_logger | [DEBUG PRECIO] Candidato 8: COP 82,542.34
2026-02-20 10:32:44,340 | INFO | extractor_logger | [DEBUG PRECIO] Candidato 9: PVPR: COP 90,049.60
2026-02-20 10:32:44,361 | INFO | extractor_logger | [DEBUG PRECIO] Candidato 10: COP 90,049.60
2026-02-20 10:32:44,377 | INFO | extractor_logger | [DEBUG PRECIO] Candidato 11: COP 859,581.41
2026-02-20 10:32:44,432 | INFO | extractor_logger | [DEBUG PRECIO] Candidato 12: PVPR: COP 1,084,799.24
2026-02-20 10:32:44,445 | INFO | extractor_logger | [DEBUG PRECIO] Candidato 13: COP 1,084,799.24
2026-02-20 10:32:44,458 | INFO | extractor_logger | [DEBUG PRECIO] Candidato 14: COP 187,643.99
2026-02-20 10:32:44,471 | INFO | extractor_logger | [DEBUG PRECIO] Candidato 15: PVPR: COP 262,716.61
2026-02-20 10:32:44,482 | INFO | extractor_logger | [DEBUG PRECIO] Candidato 16: COP 262,716.61
2026-02-20 10:32:44,497 | INFO | extractor_logger | [DEBUG PRECIO] Candidato 17: COP 90,049.60
2026-02-20 10:32:44,508 | INFO | extractor_logger | [DEBUG PRECIO] Candidato 18: COP 1,572,771.22
2026-02-20 10:32:44,519 | INFO | extractor_logger | [DEBUG PRECIO] Candidato 19: COP 859,581.41
2026-02-20 10:32:44,526 | INFO | extractor_logger | [DEBUG PRECIO] Candidato 20: PVPR: COP 1,084,799.24
2026-02-20 10:32:44,536 | INFO | extractor_logger | [DEBUG PRECIO] Candidato 21: COP 1,084,799.24
2026-02-20 10:32:44,543 | INFO | extractor_logger | [DEBUG PRECIO] Candidato 22: COP 59,870.41
2026-02-20 10:32:44,552 | INFO | extractor_logger | [DEBUG PRECIO] Candidato 23: COP 56,266.92
2026-02-20 10:32:44,558 | INFO | extractor_logger | [DEBUG PRECIO] Candidato 24: COP 281,484.76
2026-02-20 10:32:44,569 | INFO | extractor_logger | [DEBUG PRECIO] Candidato 25: COP 82,542.34
2026-02-20 10:32:44,577 | INFO | extractor_logger | [DEBUG PRECIO] Candidato 26: PVPR: COP 90,049.60
2026-02-20 10:32:44,587 | INFO | extractor_logger | [DEBUG PRECIO] Candidato 27: COP 90,049.60
2026-02-20 10:32:44,594 | INFO | extractor_logger | [DEBUG PRECIO] Candidato 28: COP 198,904.89
2026-02-20 10:32:44,612 | INFO | extractor_logger | [DEBUG PRECIO] Candidato 29: COP 112,571.38
2026-02-20 10:32:44,622 | INFO | extractor_logger | [DEBUG PRECIO] Candidato 30: COP 315,267.43
2026-02-20 10:32:44,630 | INFO | extractor_logger | [DEBUG PRECIO] Candidato 31: COP 56,266.92
2026-02-20 10:32:44,640 | INFO | extractor_logger | [DEBUG PRECIO] Candidato 32: COP 105,064.12
2026-02-20 10:32:44,656 | INFO | extractor_logger | [DEBUG PRECIO] Candidato 33: COP 1,013,442.73
2026-02-20 10:32:44,668 | INFO | extractor_logger | [DEBUG PRECIO] Candidato 34: COP 59,870.41
2026-02-20 10:32:44,674 | INFO | extractor_logger | [DEBUG PRECIO] Candidato 35: COP 788,224.89
2026-02-20 10:32:44,699 | INFO | extractor_logger | [DEBUG BULLETS] Total encontrados: 10
2026-02-20 10:32:44,706 | INFO | extractor_logger | [DEBUG BULLET] DJI Autorizado en Estados Unidos – Protección completa de DJI en Estados Unidos | OSMO Pocket 3 – Impresionante video 4K/120fps y sensor CMOS de 1 pulgada – Captura detalles impresionantes con un gran sensor CMOS de 1 pulgada que ofrece imágenes nítidas y vibrantes incluso con poca luz. Graba en cámara lenta de 4K/120fps para momentos cinematográficos ultra suaves.
2026-02-20 10:32:44,717 | INFO | extractor_logger | [DEBUG BULLET] Estabilización sólida de tres ejes: graba imágenes estables y sin sacudidas en cualquier lugar. El cardán avanzado de 3 ejes garantiza una estabilidad de nivel profesional ya sea que estés caminando, corriendo o filmando tomas de acción dinámica.
2026-02-20 10:32:44,724 | INFO | extractor_logger | [DEBUG BULLET] Pantalla táctil OLED giratoria de 2 pulgadas: cambia sin problemas entre disparos horizontales y verticales con la pantalla OLED grande y giratoria. Ajuste sin esfuerzo la configuración, realice un seguimiento de los sujetos y obtenga una vista previa de las tomas con imágenes nítidas.
2026-02-20 10:32:44,736 | INFO | extractor_logger | [DEBUG BULLET] Enfoque rápido de píxeles completos + modo de presentación de productos: bloquea el enfoque en sujetos en movimiento con una precisión ultrarrápida. Perfecto para vlogs y transmisión en vivo, el modo Presentación de productos cambia suavemente el enfoque hacia el primer plano para presentaciones claras y atractivas.
2026-02-20 10:32:44,748 | INFO | extractor_logger | [DEBUG BULLET] Seguimiento más inteligente con ActiveTrack 6.0 – Manténgase en el marco manos libres. Los modos inteligentes como la detección automática de cara y el encuadre dinámico te mantienen perfectamente centrado mientras te mueves, ofreciendo imágenes de calidad profesional con facilidad.
2026-02-20 10:32:44,763 | INFO | extractor_logger | [DEBUG BULLET] Color de grado profesional con D-Log M y HLG de 10 bits: desbloquea la libertad creativa con colores ricos y realistas. Graba hasta mil millones de colores con soporte HDR para una impresionante flexibilidad de posproducción e impresionantes imágenes cinematográficas.
2026-02-20 10:32:44,774 | INFO | extractor_logger | [DEBUG BULLET] Audio nítido en cualquier lugar: captura sonido envolvente con una matriz integrada de 3 micrófonos que reduce el ruido del viento. Conéctate sin problemas a dos transmisores DJI Mic 2 para vlogs de doble persona, entrevistas o eventos en vivo.
2026-02-20 10:32:44,783 | INFO | extractor_logger | [DEBUG BULLET] Compacto, de carga rápida y listo para viajar: el diseño de tamaño de bolsillo cabe en tu mano o bolso, listo para cualquier aventura. Dispara más tiempo con hasta 166 minutos de tiempo de ejecución y recarga un 80% en solo 16 minutos para no perderse ni un momento.
2026-02-20 10:32:44,793 | INFO | extractor_logger | [DEBUG BULLET] En la caja: Osmo Pocket 3 | Cable PD tipo C a tipo C | Cubierta protectora Osmo Pocket 3 | Correa de muñeca DJI | Osmo Pocket 3 Mango con rosca de 1/4 pulgadas
2026-02-20 10:32:44,802 | INFO | extractor_logger | [DEBUG BULLET] El paquete incluye: sistema de micrófono inalámbrico DJI Mic y grabadora de audio
2026-02-20 10:32:44,840 | INFO | extractor_logger | [DEBUG TECNICO] Dimensiones del producto: 1,3 x 1,7 x 5,5 pulgadas
2026-02-20 10:32:44,859 | INFO | extractor_logger | [DEBUG TECNICO] ASIN: B0GKNQ71XH
2026-02-20 10:32:44,882 | INFO | extractor_logger | [DEBUG TECNICO] Número de modelo del producto: E5DJIOSMOPOCK3
2026-02-20 10:32:44,907 | INFO | extractor_logger | [DEBUG TECNICO] Pilas: 1 CR5 necesaria(s), incluida(s)
2026-02-20 10:32:44,927 | INFO | extractor_logger | [DEBUG TECNICO] Clasificación en los más vendidos de Amazon: nº56,942 en Electrónica (Ver el Top 100 en Electrónica)  nº273 en Videocámaras para Deportes y Acción
2026-02-20 10:32:44,954 | INFO | extractor_logger | [DEBUG TECNICO] Producto en amazon.com desde: enero 30, 2026
2026-02-20 10:32:44,981 | INFO | extractor_logger | [DEBUG TECNICO] Fabricante: DJI
2026-02-20 10:32:46,247 | INFO | extractor_logger | Extracción real completada correctamente.
2026-02-20 10:32:46,248 | INFO | extractor_logger | DEBUG RETURN BULLETS: ['DJI Autorizado en Estados Unidos – Protección completa de DJI en Estados Unidos | OSMO Pocket 3 – Impresionante video 4K/120fps y sensor CMOS de 1 pulgada – Captura detalles impresionantes con un gran sensor CMOS de 1 pulgada que ofrece imágenes nítidas y vibrantes incluso con poca luz. Graba en cámara lenta de 4K/120fps para momentos cinematográficos ultra suaves.', 'Estabilización sólida de tres ejes: graba imágenes estables y sin sacudidas en cualquier lugar. El cardán avanzado de 3 ejes garantiza una estabilidad de nivel profesional ya sea que estés caminando, corriendo o filmando tomas de acción dinámica.', 'Pantalla táctil OLED giratoria de 2 pulgadas: cambia sin problemas entre disparos horizontales y verticales con la pantalla OLED grande y giratoria. Ajuste sin esfuerzo la configuración, realice un seguimiento de los sujetos y obtenga una vista previa de las tomas con imágenes nítidas.', 'Enfoque rápido de píxeles completos + modo de presentación de productos: bloquea el enfoque en sujetos en movimiento con una precisión ultrarrápida. Perfecto para vlogs y transmisión en vivo, el modo Presentación de productos cambia suavemente el enfoque hacia el primer plano para presentaciones claras y atractivas.', 'Seguimiento más inteligente con ActiveTrack 6.0 – Manténgase en el marco manos libres. Los modos inteligentes como la detección automática de cara y el encuadre dinámico te mantienen perfectamente centrado mientras te mueves, ofreciendo imágenes de calidad profesional con facilidad.', 'Color de grado profesional con D-Log M y HLG de 10 bits: desbloquea la libertad creativa con colores ricos y realistas. Graba hasta mil millones de colores con soporte HDR para una impresionante flexibilidad de posproducción e impresionantes imágenes cinematográficas.', 'Audio nítido en cualquier lugar: captura sonido envolvente con una matriz integrada de 3 micrófonos que reduce el ruido del viento. Conéctate sin problemas a dos transmisores DJI Mic 2 para vlogs de doble persona, entrevistas o eventos en vivo.', 'Compacto, de carga rápida y listo para viajar: el diseño de tamaño de bolsillo cabe en tu mano o bolso, listo para cualquier aventura. Dispara más tiempo con hasta 166 minutos de tiempo de ejecución y recarga un 80% en solo 16 minutos para no perderse ni un momento.', 'En la caja: Osmo Pocket 3 | Cable PD tipo C a tipo C | Cubierta protectora Osmo Pocket 3 | Correa de muñeca DJI | Osmo Pocket 3 Mango con rosca de 1/4 pulgadas', 'El paquete incluye: sistema de micrófono inalámbrico DJI Mic y grabadora de audio']
2026-02-20 10:32:46,248 | INFO | extractor_logger | Iniciando normalizacion de datos.
2026-02-20 10:32:46,249 | INFO | extractor_logger | Referencia encontrada (modelo): E5DJIOSMOPOCK3
2026-02-20 10:32:46,249 | INFO | extractor_logger | Normalización completada correctamente.
2026-02-20 10:32:46,249 | INFO | extractor_logger | Iniciando capa de traducción.
2026-02-20 10:32:47,975 | INFO | extractor_logger | Traducción completada.
2026-02-20 10:32:47,986 | INFO | extractor_logger | Validacion exitosa del contrato.
2026-02-20 10:32:47,991 | INFO | extractor_logger | Proceso completo finalizado.
2026-02-20 10:34:17,089 | INFO | extractor_logger | URL válida y dominio permitido.
2026-02-20 10:34:17,092 | INFO | extractor_logger | Proveedor detectado: Amazon
2026-02-20 10:34:17,092 | INFO | extractor_logger | Iniciando extracción real Amazon con Playwright.
2026-02-20 10:34:35,227 | INFO | extractor_logger | Cantidad de candidatos de precio encontrados: 38
2026-02-20 10:34:35,240 | INFO | extractor_logger | [DEBUG PRECIO] Candidato 0: DJI Osmo Pocket 3, cámaras de vlogging con CMOS de 1 pulgada y cámara de vlog 4K/120fps, estabilización de 3 ejes, enfoque rápido, seguimiento de cara/objetos, cámara digital de vlogging para YouTube
2026-02-20 10:34:35,280 | INFO | extractor_logger | [DEBUG PRECIO] Candidato 2: DJI Osmo Pocket 3 Capture More Combo, cámara de vlogging con CMOS de 1 pulgada y video 4K/120fps, estabilización de 3 ejes, enfoque rápido, seguimiento de rostro/objeto, pantalla táctil giratoria de 2
2026-02-20 10:34:35,289 | INFO | extractor_logger | [DEBUG PRECIO] Candidato 3: NEEWER HD CPL ND16 ND64 ND256 Kit de Filtros Compatible con DJI OSMO Pocket 3 Creator Combo Accesorios Cámara de Acción Magnética Filtro de Densidad Neutra Polarizador Vidrio Óptico Marco de Aluminio
2026-02-20 10:34:35,307 | INFO | extractor_logger | [DEBUG PRECIO] Candidato 4: Xtra Muse, cámara de vlogging con videos CMOS de 1 pulgada y 4K/120fps, cámara de bolsillo con estabilizador de cardán de 3 ejes, enfoque rápido, seguimiento de cara/objetos, cámara de video digital
2026-02-20 10:34:35,323 | INFO | extractor_logger | [DEBUG PRECIO] Candidato 5: COP 1,013,442.73
2026-02-20 10:34:35,342 | INFO | extractor_logger | [DEBUG PRECIO] Candidato 6: COP 56,266.92
2026-02-20 10:34:35,358 | INFO | extractor_logger | [DEBUG PRECIO] Candidato 7: COP 788,224.89
2026-02-20 10:34:35,374 | INFO | extractor_logger | [DEBUG PRECIO] Candidato 8: COP 82,542.34
2026-02-20 10:34:35,397 | INFO | extractor_logger | [DEBUG PRECIO] Candidato 9: PVPR: COP 90,049.60
2026-02-20 10:34:35,417 | INFO | extractor_logger | [DEBUG PRECIO] Candidato 10: COP 90,049.60
2026-02-20 10:34:35,432 | INFO | extractor_logger | [DEBUG PRECIO] Candidato 11: COP 859,581.41
2026-02-20 10:34:35,446 | INFO | extractor_logger | [DEBUG PRECIO] Candidato 12: PVPR: COP 1,084,799.24
2026-02-20 10:34:35,458 | INFO | extractor_logger | [DEBUG PRECIO] Candidato 13: COP 1,084,799.24
2026-02-20 10:34:35,473 | INFO | extractor_logger | [DEBUG PRECIO] Candidato 14: COP 187,643.99
2026-02-20 10:34:35,482 | INFO | extractor_logger | [DEBUG PRECIO] Candidato 15: PVPR: COP 262,716.61
2026-02-20 10:34:35,495 | INFO | extractor_logger | [DEBUG PRECIO] Candidato 16: COP 262,716.61
2026-02-20 10:34:35,505 | INFO | extractor_logger | [DEBUG PRECIO] Candidato 17: COP 90,049.60
2026-02-20 10:34:35,521 | INFO | extractor_logger | [DEBUG PRECIO] Candidato 18: COP 859,581.41
2026-02-20 10:34:35,530 | INFO | extractor_logger | [DEBUG PRECIO] Candidato 19: PVPR: COP 1,084,799.24
2026-02-20 10:34:35,541 | INFO | extractor_logger | [DEBUG PRECIO] Candidato 20: COP 1,084,799.24
2026-02-20 10:34:35,552 | INFO | extractor_logger | [DEBUG PRECIO] Candidato 21: COP 59,870.41
2026-02-20 10:34:35,561 | INFO | extractor_logger | [DEBUG PRECIO] Candidato 22: COP 56,266.92
2026-02-20 10:34:35,572 | INFO | extractor_logger | [DEBUG PRECIO] Candidato 23: COP 281,484.76
2026-02-20 10:34:35,586 | INFO | extractor_logger | [DEBUG PRECIO] Candidato 24: COP 1,572,771.22
2026-02-20 10:34:35,596 | INFO | extractor_logger | [DEBUG PRECIO] Candidato 25: COP 82,542.34
2026-02-20 10:34:35,612 | INFO | extractor_logger | [DEBUG PRECIO] Candidato 26: PVPR: COP 90,049.60
2026-02-20 10:34:35,623 | INFO | extractor_logger | [DEBUG PRECIO] Candidato 27: COP 90,049.60
2026-02-20 10:34:35,637 | INFO | extractor_logger | [DEBUG PRECIO] Candidato 28: COP 60,020.55
2026-02-20 10:34:35,649 | INFO | extractor_logger | [DEBUG PRECIO] Candidato 29: PVPR: COP 75,035.08
2026-02-20 10:34:35,665 | INFO | extractor_logger | [DEBUG PRECIO] Candidato 30: COP 75,035.08
2026-02-20 10:34:35,679 | INFO | extractor_logger | [DEBUG PRECIO] Candidato 31: COP 315,267.43
2026-02-20 10:34:35,689 | INFO | extractor_logger | [DEBUG PRECIO] Candidato 32: COP 262,716.61
2026-02-20 10:34:35,695 | INFO | extractor_logger | [DEBUG PRECIO] Candidato 33: COP 56,266.92
2026-02-20 10:34:35,706 | INFO | extractor_logger | [DEBUG PRECIO] Candidato 34: COP 825,761.20
2026-02-20 10:34:35,715 | INFO | extractor_logger | [DEBUG PRECIO] Candidato 35: COP 1,013,442.73
2026-02-20 10:34:35,727 | INFO | extractor_logger | [DEBUG PRECIO] Candidato 36: COP 59,870.41
2026-02-20 10:34:35,737 | INFO | extractor_logger | [DEBUG PRECIO] Candidato 37: COP 788,224.89
2026-02-20 10:34:35,773 | INFO | extractor_logger | [DEBUG BULLETS] Total encontrados: 10
2026-02-20 10:34:35,797 | INFO | extractor_logger | [DEBUG BULLET] DJI Autorizado en Estados Unidos – Protección completa de DJI en Estados Unidos | OSMO Pocket 3 – Impresionante video 4K/120fps y sensor CMOS de 1 pulgada – Captura detalles impresionantes con un gran sensor CMOS de 1 pulgada que ofrece imágenes nítidas y vibrantes incluso con poca luz. Graba en cámara lenta de 4K/120fps para momentos cinematográficos ultra suaves.
2026-02-20 10:34:35,817 | INFO | extractor_logger | [DEBUG BULLET] Estabilización sólida de tres ejes: graba imágenes estables y sin sacudidas en cualquier lugar. El cardán avanzado de 3 ejes garantiza una estabilidad de nivel profesional ya sea que estés caminando, corriendo o filmando tomas de acción dinámica.
2026-02-20 10:34:35,834 | INFO | extractor_logger | [DEBUG BULLET] Pantalla táctil OLED giratoria de 2 pulgadas: cambia sin problemas entre disparos horizontales y verticales con la pantalla OLED grande y giratoria. Ajuste sin esfuerzo la configuración, realice un seguimiento de los sujetos y obtenga una vista previa de las tomas con imágenes nítidas.
2026-02-20 10:34:35,863 | INFO | extractor_logger | [DEBUG BULLET] Enfoque rápido de píxeles completos + modo de presentación de productos: bloquea el enfoque en sujetos en movimiento con una precisión ultrarrápida. Perfecto para vlogs y transmisión en vivo, el modo Presentación de productos cambia suavemente el enfoque hacia el primer plano para presentaciones claras y atractivas.
2026-02-20 10:34:35,891 | INFO | extractor_logger | [DEBUG BULLET] Seguimiento más inteligente con ActiveTrack 6.0 – Manténgase en el marco manos libres. Los modos inteligentes como la detección automática de cara y el encuadre dinámico te mantienen perfectamente centrado mientras te mueves, ofreciendo imágenes de calidad profesional con facilidad.
2026-02-20 10:34:35,911 | INFO | extractor_logger | [DEBUG BULLET] Color de grado profesional con D-Log M y HLG de 10 bits: desbloquea la libertad creativa con colores ricos y realistas. Graba hasta mil millones de colores con soporte HDR para una impresionante flexibilidad de posproducción e impresionantes imágenes cinematográficas.
2026-02-20 10:34:35,928 | INFO | extractor_logger | [DEBUG BULLET] Audio nítido en cualquier lugar: captura sonido envolvente con una matriz integrada de 3 micrófonos que reduce el ruido del viento. Conéctate sin problemas a dos transmisores DJI Mic 2 para vlogs de doble persona, entrevistas o eventos en vivo.
2026-02-20 10:34:35,943 | INFO | extractor_logger | [DEBUG BULLET] Compacto, de carga rápida y listo para viajar: el diseño de tamaño de bolsillo cabe en tu mano o bolso, listo para cualquier aventura. Dispara más tiempo con hasta 166 minutos de tiempo de ejecución y recarga un 80% en solo 16 minutos para no perderse ni un momento.
2026-02-20 10:34:35,962 | INFO | extractor_logger | [DEBUG BULLET] En la caja: Osmo Pocket 3 | Cable PD tipo C a tipo C | Cubierta protectora Osmo Pocket 3 | Correa de muñeca DJI | Osmo Pocket 3 Mango con rosca de 1/4 pulgadas
2026-02-20 10:34:35,979 | INFO | extractor_logger | [DEBUG BULLET] El paquete incluye: sistema de micrófono inalámbrico DJI Mic y grabadora de audio
2026-02-20 10:34:36,040 | INFO | extractor_logger | [DEBUG TECNICO] Dimensiones del producto: 1,3 x 1,7 x 5,5 pulgadas
2026-02-20 10:34:36,072 | INFO | extractor_logger | [DEBUG TECNICO] ASIN: B0GKNQ71XH
2026-02-20 10:34:36,099 | INFO | extractor_logger | [DEBUG TECNICO] Número de modelo del producto: E5DJIOSMOPOCK3
2026-02-20 10:34:36,127 | INFO | extractor_logger | [DEBUG TECNICO] Pilas: 1 CR5 necesaria(s), incluida(s)
2026-02-20 10:34:36,157 | INFO | extractor_logger | [DEBUG TECNICO] Clasificación en los más vendidos de Amazon: nº56,942 en Electrónica (Ver el Top 100 en Electrónica)  nº273 en Videocámaras para Deportes y Acción
2026-02-20 10:34:36,182 | INFO | extractor_logger | [DEBUG TECNICO] Producto en amazon.com desde: enero 30, 2026
2026-02-20 10:34:36,213 | INFO | extractor_logger | [DEBUG TECNICO] Fabricante: DJI
2026-02-20 10:34:37,851 | INFO | extractor_logger | Extracción real completada correctamente.
2026-02-20 10:34:37,852 | INFO | extractor_logger | DEBUG RETURN BULLETS: ['DJI Autorizado en Estados Unidos – Protección completa de DJI en Estados Unidos | OSMO Pocket 3 – Impresionante video 4K/120fps y sensor CMOS de 1 pulgada – Captura detalles impresionantes con un gran sensor CMOS de 1 pulgada que ofrece imágenes nítidas y vibrantes incluso con poca luz. Graba en cámara lenta de 4K/120fps para momentos cinematográficos ultra suaves.', 'Estabilización sólida de tres ejes: graba imágenes estables y sin sacudidas en cualquier lugar. El cardán avanzado de 3 ejes garantiza una estabilidad de nivel profesional ya sea que estés caminando, corriendo o filmando tomas de acción dinámica.', 'Pantalla táctil OLED giratoria de 2 pulgadas: cambia sin problemas entre disparos horizontales y verticales con la pantalla OLED grande y giratoria. Ajuste sin esfuerzo la configuración, realice un seguimiento de los sujetos y obtenga una vista previa de las tomas con imágenes nítidas.', 'Enfoque rápido de píxeles completos + modo de presentación de productos: bloquea el enfoque en sujetos en movimiento con una precisión ultrarrápida. Perfecto para vlogs y transmisión en vivo, el modo Presentación de productos cambia suavemente el enfoque hacia el primer plano para presentaciones claras y atractivas.', 'Seguimiento más inteligente con ActiveTrack 6.0 – Manténgase en el marco manos libres. Los modos inteligentes como la detección automática de cara y el encuadre dinámico te mantienen perfectamente centrado mientras te mueves, ofreciendo imágenes de calidad profesional con facilidad.', 'Color de grado profesional con D-Log M y HLG de 10 bits: desbloquea la libertad creativa con colores ricos y realistas. Graba hasta mil millones de colores con soporte HDR para una impresionante flexibilidad de posproducción e impresionantes imágenes cinematográficas.', 'Audio nítido en cualquier lugar: captura sonido envolvente con una matriz integrada de 3 micrófonos que reduce el ruido del viento. Conéctate sin problemas a dos transmisores DJI Mic 2 para vlogs de doble persona, entrevistas o eventos en vivo.', 'Compacto, de carga rápida y listo para viajar: el diseño de tamaño de bolsillo cabe en tu mano o bolso, listo para cualquier aventura. Dispara más tiempo con hasta 166 minutos de tiempo de ejecución y recarga un 80% en solo 16 minutos para no perderse ni un momento.', 'En la caja: Osmo Pocket 3 | Cable PD tipo C a tipo C | Cubierta protectora Osmo Pocket 3 | Correa de muñeca DJI | Osmo Pocket 3 Mango con rosca de 1/4 pulgadas', 'El paquete incluye: sistema de micrófono inalámbrico DJI Mic y grabadora de audio']
2026-02-20 10:34:37,853 | INFO | extractor_logger | Iniciando normalizacion de datos.
2026-02-20 10:34:37,853 | INFO | extractor_logger | Referencia encontrada (modelo): E5DJIOSMOPOCK3
2026-02-20 10:34:37,854 | INFO | extractor_logger | Normalización completada correctamente.
2026-02-20 10:34:37,854 | INFO | extractor_logger | Iniciando capa de traducción.
2026-02-20 10:34:39,418 | INFO | extractor_logger | Traducción completada.
2026-02-20 10:34:39,447 | INFO | extractor_logger | Validacion exitosa del contrato.
2026-02-20 10:34:39,454 | INFO | extractor_logger | Proceso completo finalizado.
2026-02-20 10:41:25,488 | INFO | extractor_logger | URL válida y dominio permitido.
2026-02-20 10:41:25,490 | INFO | extractor_logger | Proveedor detectado: Amazon
2026-02-20 10:41:25,490 | INFO | extractor_logger | Iniciando extracción real Amazon con Playwright.
2026-02-20 10:41:33,051 | WARNING | extractor_logger | No se pudo forzar ubicación USA.
2026-02-20 10:41:33,051 | WARNING | extractor_logger | Event loop is closed! Is Playwright already stopped?
2026-02-20 10:41:33,052 | ERROR | extractor_logger | Error durante extracción Amazon.
2026-02-20 10:41:33,052 | ERROR | extractor_logger | Event loop is closed! Is Playwright already stopped?
2026-02-20 10:41:33,052 | INFO | extractor_logger | Iniciando normalizacion de datos.
2026-02-20 10:41:33,052 | INFO | extractor_logger | Referencia encontrada (ASIN URL fallback): B0GKNQ71XH
2026-02-20 10:41:33,053 | INFO | extractor_logger | Normalización completada correctamente.
2026-02-20 10:41:33,053 | INFO | extractor_logger | Iniciando capa de traducción.
2026-02-20 10:41:33,053 | INFO | extractor_logger | Traducción completada.
2026-02-20 10:41:33,065 | INFO | extractor_logger | Validacion exitosa del contrato.
2026-02-20 10:41:33,071 | INFO | extractor_logger | Proceso completo finalizado.
2026-02-20 11:38:05,081 | INFO | extractor_logger | URL válida y dominio permitido.
2026-02-20 11:38:05,084 | INFO | extractor_logger | Proveedor detectado: Amazon
2026-02-20 11:38:05,084 | INFO | extractor_logger | Iniciando extracción real Amazon con Playwright.
2026-02-20 11:38:26,868 | WARNING | extractor_logger | No se pudo forzar ubicación USA.
2026-02-20 11:38:26,869 | WARNING | extractor_logger | Event loop is closed! Is Playwright already stopped?
2026-02-20 11:38:26,869 | ERROR | extractor_logger | Error durante extracción Amazon.
2026-02-20 11:38:26,869 | ERROR | extractor_logger | Event loop is closed! Is Playwright already stopped?
2026-02-20 11:38:26,870 | INFO | extractor_logger | Iniciando normalizacion de datos.
2026-02-20 11:38:26,871 | INFO | extractor_logger | Referencia encontrada (ASIN URL fallback): B0GKNQ71XH
2026-02-20 11:38:26,871 | INFO | extractor_logger | Normalización completada correctamente.
2026-02-20 11:38:26,872 | INFO | extractor_logger | Iniciando capa de traducción.
2026-02-20 11:38:26,872 | INFO | extractor_logger | Traducción completada.
2026-02-20 11:38:26,888 | INFO | extractor_logger | Validacion exitosa del contrato.
2026-02-20 11:38:26,895 | INFO | extractor_logger | Proceso completo finalizado.
2026-02-20 11:42:43,332 | INFO | extractor_logger | URL válida y dominio permitido.
2026-02-20 11:42:43,335 | INFO | extractor_logger | Proveedor detectado: Amazon
2026-02-20 11:42:43,336 | INFO | extractor_logger | Iniciando extracción real Amazon con Playwright.
2026-02-20 11:42:59,553 | INFO | extractor_logger | Cantidad de candidatos de precio encontrados: 18
2026-02-20 11:42:59,736 | INFO | extractor_logger | [DEBUG PRECIO] Candidato 0: DJI Osmo Pocket 3, cámaras de vlogging con CMOS de 1 pulgada y cámara de vlog 4K/120fps, estabilización de 3 ejes, enfoque rápido, seguimiento de cara/objetos, cámara digital de vlogging para YouTube
2026-02-20 11:43:02,576 | INFO | extractor_logger | [DEBUG PRECIO] Candidato 2: DJI Osmo Pocket 3 Capture More Combo, cámara de vlogging con CMOS de 1 pulgada y video 4K/120fps, estabilización de 3 ejes, enfoque rápido, seguimiento de rostro/objeto, pantalla táctil giratoria de 2
2026-02-20 11:43:02,640 | INFO | extractor_logger | [DEBUG PRECIO] Candidato 3: NEEWER HD CPL ND16 ND64 ND256 Kit de Filtros Compatible con DJI OSMO Pocket 3 Creator Combo Accesorios Cámara de Acción Magnética Filtro de Densidad Neutra Polarizador Vidrio Óptico Marco de Aluminio
2026-02-20 11:43:02,673 | INFO | extractor_logger | [DEBUG PRECIO] Candidato 4: Xtra Muse, cámara de vlogging con videos CMOS de 1 pulgada y 4K/120fps, cámara de bolsillo con estabilizador de cardán de 3 ejes, enfoque rápido, seguimiento de cara/objetos, cámara de video digital
2026-02-20 11:43:02,709 | INFO | extractor_logger | [DEBUG PRECIO] Candidato 5: COP 1,013,442.73
2026-02-20 11:43:02,744 | INFO | extractor_logger | [DEBUG PRECIO] Candidato 6: COP 788,224.89
2026-02-20 11:43:03,042 | INFO | extractor_logger | [DEBUG PRECIO] Candidato 7: COP 337,789.22
2026-02-20 11:43:03,340 | INFO | extractor_logger | [DEBUG PRECIO] Candidato 8: Precio recomendado: COP 375,325.52
2026-02-20 11:43:04,139 | INFO | extractor_logger | [DEBUG PRECIO] Candidato 9: COP 375,325.52
2026-02-20 11:43:04,281 | INFO | extractor_logger | [DEBUG PRECIO] Candidato 10: COP 93,803.23
2026-02-20 11:43:04,323 | INFO | extractor_logger | [DEBUG PRECIO] Candidato 11: COP 1,385,089.69
2026-02-20 11:43:04,395 | INFO | extractor_logger | [DEBUG PRECIO] Candidato 12: COP 70,155.36
2026-02-20 11:43:04,484 | INFO | extractor_logger | [DEBUG PRECIO] Candidato 13: PVPR: COP 82,542.34
2026-02-20 11:43:04,526 | INFO | extractor_logger | [DEBUG PRECIO] Candidato 14: COP 82,542.34
2026-02-20 11:43:04,557 | INFO | extractor_logger | [DEBUG PRECIO] Candidato 15: COP 123,832.27
2026-02-20 11:43:04,571 | INFO | extractor_logger | [DEBUG PRECIO] Candidato 16: COP 1,385,089.69
2026-02-20 11:43:04,588 | INFO | extractor_logger | [DEBUG PRECIO] Candidato 17: COP 859,581.41
2026-02-20 11:43:04,630 | INFO | extractor_logger | [DEBUG BULLETS] Total encontrados: 10
2026-02-20 11:43:04,651 | INFO | extractor_logger | [DEBUG BULLET] DJI Autorizado en Estados Unidos – Protección completa de DJI en Estados Unidos | OSMO Pocket 3 – Impresionante video 4K/120fps y sensor CMOS de 1 pulgada – Captura detalles impresionantes con un gran sensor CMOS de 1 pulgada que ofrece imágenes nítidas y vibrantes incluso con poca luz. Graba en cámara lenta de 4K/120fps para momentos cinematográficos ultra suaves.
2026-02-20 11:43:04,718 | INFO | extractor_logger | [DEBUG BULLET] Estabilización sólida de tres ejes: graba imágenes estables y sin sacudidas en cualquier lugar. El cardán avanzado de 3 ejes garantiza una estabilidad de nivel profesional ya sea que estés caminando, corriendo o filmando tomas de acción dinámica.
2026-02-20 11:43:04,732 | INFO | extractor_logger | [DEBUG BULLET] Pantalla táctil OLED giratoria de 2 pulgadas: cambia sin problemas entre disparos horizontales y verticales con la pantalla OLED grande y giratoria. Ajuste sin esfuerzo la configuración, realice un seguimiento de los sujetos y obtenga una vista previa de las tomas con imágenes nítidas.
2026-02-20 11:43:04,749 | INFO | extractor_logger | [DEBUG BULLET] Enfoque rápido de píxeles completos + modo de presentación de productos: bloquea el enfoque en sujetos en movimiento con una precisión ultrarrápida. Perfecto para vlogs y transmisión en vivo, el modo Presentación de productos cambia suavemente el enfoque hacia el primer plano para presentaciones claras y atractivas.
2026-02-20 11:43:04,767 | INFO | extractor_logger | [DEBUG BULLET] Seguimiento más inteligente con ActiveTrack 6.0 – Manténgase en el marco manos libres. Los modos inteligentes como la detección automática de cara y el encuadre dinámico te mantienen perfectamente centrado mientras te mueves, ofreciendo imágenes de calidad profesional con facilidad.
2026-02-20 11:43:04,786 | INFO | extractor_logger | [DEBUG BULLET] Color de grado profesional con D-Log M y HLG de 10 bits: desbloquea la libertad creativa con colores ricos y realistas. Graba hasta mil millones de colores con soporte HDR para una impresionante flexibilidad de posproducción e impresionantes imágenes cinematográficas.
2026-02-20 11:43:04,802 | INFO | extractor_logger | [DEBUG BULLET] Audio nítido en cualquier lugar: captura sonido envolvente con una matriz integrada de 3 micrófonos que reduce el ruido del viento. Conéctate sin problemas a dos transmisores DJI Mic 2 para vlogs de doble persona, entrevistas o eventos en vivo.
2026-02-20 11:43:04,817 | INFO | extractor_logger | [DEBUG BULLET] Compacto, de carga rápida y listo para viajar: el diseño de tamaño de bolsillo cabe en tu mano o bolso, listo para cualquier aventura. Dispara más tiempo con hasta 166 minutos de tiempo de ejecución y recarga un 80% en solo 16 minutos para no perderse ni un momento.
2026-02-20 11:43:04,831 | INFO | extractor_logger | [DEBUG BULLET] En la caja: Osmo Pocket 3 | Cable PD tipo C a tipo C | Cubierta protectora Osmo Pocket 3 | Correa de muñeca DJI | Osmo Pocket 3 Mango con rosca de 1/4 pulgadas
2026-02-20 11:43:04,846 | INFO | extractor_logger | [DEBUG BULLET] El paquete incluye: sistema de micrófono inalámbrico DJI Mic y grabadora de audio
2026-02-20 11:43:04,908 | INFO | extractor_logger | [DEBUG TECNICO] Dimensiones del producto: 1,3 x 1,7 x 5,5 pulgadas
2026-02-20 11:43:04,940 | INFO | extractor_logger | [DEBUG TECNICO] ASIN: B0GKNQ71XH
2026-02-20 11:43:04,967 | INFO | extractor_logger | [DEBUG TECNICO] Número de modelo del producto: E5DJIOSMOPOCK3
2026-02-20 11:43:04,999 | INFO | extractor_logger | [DEBUG TECNICO] Pilas: 1 CR5 necesaria(s), incluida(s)
2026-02-20 11:43:05,038 | INFO | extractor_logger | [DEBUG TECNICO] Clasificación en los más vendidos de Amazon: nº56,937 en Electrónica (Ver el Top 100 en Electrónica)  nº273 en Videocámaras para Deportes y Acción
2026-02-20 11:43:05,112 | INFO | extractor_logger | [DEBUG TECNICO] Producto en amazon.com desde: enero 30, 2026
2026-02-20 11:43:05,666 | INFO | extractor_logger | [DEBUG TECNICO] Fabricante: DJI
2026-02-20 11:43:07,201 | INFO | extractor_logger | Extracción real completada correctamente.
2026-02-20 11:43:07,201 | INFO | extractor_logger | DEBUG RETURN BULLETS: ['DJI Autorizado en Estados Unidos – Protección completa de DJI en Estados Unidos | OSMO Pocket 3 – Impresionante video 4K/120fps y sensor CMOS de 1 pulgada – Captura detalles impresionantes con un gran sensor CMOS de 1 pulgada que ofrece imágenes nítidas y vibrantes incluso con poca luz. Graba en cámara lenta de 4K/120fps para momentos cinematográficos ultra suaves.', 'Estabilización sólida de tres ejes: graba imágenes estables y sin sacudidas en cualquier lugar. El cardán avanzado de 3 ejes garantiza una estabilidad de nivel profesional ya sea que estés caminando, corriendo o filmando tomas de acción dinámica.', 'Pantalla táctil OLED giratoria de 2 pulgadas: cambia sin problemas entre disparos horizontales y verticales con la pantalla OLED grande y giratoria. Ajuste sin esfuerzo la configuración, realice un seguimiento de los sujetos y obtenga una vista previa de las tomas con imágenes nítidas.', 'Enfoque rápido de píxeles completos + modo de presentación de productos: bloquea el enfoque en sujetos en movimiento con una precisión ultrarrápida. Perfecto para vlogs y transmisión en vivo, el modo Presentación de productos cambia suavemente el enfoque hacia el primer plano para presentaciones claras y atractivas.', 'Seguimiento más inteligente con ActiveTrack 6.0 – Manténgase en el marco manos libres. Los modos inteligentes como la detección automática de cara y el encuadre dinámico te mantienen perfectamente centrado mientras te mueves, ofreciendo imágenes de calidad profesional con facilidad.', 'Color de grado profesional con D-Log M y HLG de 10 bits: desbloquea la libertad creativa con colores ricos y realistas. Graba hasta mil millones de colores con soporte HDR para una impresionante flexibilidad de posproducción e impresionantes imágenes cinematográficas.', 'Audio nítido en cualquier lugar: captura sonido envolvente con una matriz integrada de 3 micrófonos que reduce el ruido del viento. Conéctate sin problemas a dos transmisores DJI Mic 2 para vlogs de doble persona, entrevistas o eventos en vivo.', 'Compacto, de carga rápida y listo para viajar: el diseño de tamaño de bolsillo cabe en tu mano o bolso, listo para cualquier aventura. Dispara más tiempo con hasta 166 minutos de tiempo de ejecución y recarga un 80% en solo 16 minutos para no perderse ni un momento.', 'En la caja: Osmo Pocket 3 | Cable PD tipo C a tipo C | Cubierta protectora Osmo Pocket 3 | Correa de muñeca DJI | Osmo Pocket 3 Mango con rosca de 1/4 pulgadas', 'El paquete incluye: sistema de micrófono inalámbrico DJI Mic y grabadora de audio']
2026-02-20 11:43:07,203 | INFO | extractor_logger | Iniciando normalizacion de datos.
2026-02-20 11:43:07,204 | INFO | extractor_logger | Referencia encontrada (modelo): E5DJIOSMOPOCK3
2026-02-20 11:43:07,204 | INFO | extractor_logger | Normalización completada correctamente.
2026-02-20 11:43:07,205 | INFO | extractor_logger | Iniciando capa de traducción.
2026-02-20 11:43:08,847 | INFO | extractor_logger | Traducción completada.
2026-02-20 11:43:08,872 | INFO | extractor_logger | Validacion exitosa del contrato.
2026-02-20 11:43:08,879 | INFO | extractor_logger | Proceso completo finalizado.
2026-02-20 11:52:21,236 | INFO | extractor_logger | URL válida y dominio permitido.
2026-02-20 11:52:21,240 | INFO | extractor_logger | Proveedor detectado: Amazon
2026-02-20 11:52:21,240 | INFO | extractor_logger | Iniciando extracción real Amazon con Playwright.
2026-02-20 11:52:36,372 | INFO | extractor_logger | [PRECIO DETECTADO] COP 337,789.22
2026-02-20 11:52:37,604 | INFO | extractor_logger | [DEBUG BULLETS] Total encontrados: 10
2026-02-20 11:52:37,792 | INFO | extractor_logger | [DEBUG BULLET] DJI Autorizado en Estados Unidos – Protección completa de DJI en Estados Unidos | OSMO Pocket 3 – Impresionante video 4K/120fps y sensor CMOS de 1 pulgada – Captura detalles impresionantes con un gran sensor CMOS de 1 pulgada que ofrece imágenes nítidas y vibrantes incluso con poca luz. Graba en cámara lenta de 4K/120fps para momentos cinematográficos ultra suaves.
2026-02-20 11:52:37,803 | INFO | extractor_logger | [DEBUG BULLET] Estabilización sólida de tres ejes: graba imágenes estables y sin sacudidas en cualquier lugar. El cardán avanzado de 3 ejes garantiza una estabilidad de nivel profesional ya sea que estés caminando, corriendo o filmando tomas de acción dinámica.
2026-02-20 11:52:37,815 | INFO | extractor_logger | [DEBUG BULLET] Pantalla táctil OLED giratoria de 2 pulgadas: cambia sin problemas entre disparos horizontales y verticales con la pantalla OLED grande y giratoria. Ajuste sin esfuerzo la configuración, realice un seguimiento de los sujetos y obtenga una vista previa de las tomas con imágenes nítidas.
2026-02-20 11:52:37,829 | INFO | extractor_logger | [DEBUG BULLET] Enfoque rápido de píxeles completos + modo de presentación de productos: bloquea el enfoque en sujetos en movimiento con una precisión ultrarrápida. Perfecto para vlogs y transmisión en vivo, el modo Presentación de productos cambia suavemente el enfoque hacia el primer plano para presentaciones claras y atractivas.
2026-02-20 11:52:37,845 | INFO | extractor_logger | [DEBUG BULLET] Seguimiento más inteligente con ActiveTrack 6.0 – Manténgase en el marco manos libres. Los modos inteligentes como la detección automática de cara y el encuadre dinámico te mantienen perfectamente centrado mientras te mueves, ofreciendo imágenes de calidad profesional con facilidad.
2026-02-20 11:52:37,857 | INFO | extractor_logger | [DEBUG BULLET] Color de grado profesional con D-Log M y HLG de 10 bits: desbloquea la libertad creativa con colores ricos y realistas. Graba hasta mil millones de colores con soporte HDR para una impresionante flexibilidad de posproducción e impresionantes imágenes cinematográficas.
2026-02-20 11:52:37,873 | INFO | extractor_logger | [DEBUG BULLET] Audio nítido en cualquier lugar: captura sonido envolvente con una matriz integrada de 3 micrófonos que reduce el ruido del viento. Conéctate sin problemas a dos transmisores DJI Mic 2 para vlogs de doble persona, entrevistas o eventos en vivo.
2026-02-20 11:52:37,891 | INFO | extractor_logger | [DEBUG BULLET] Compacto, de carga rápida y listo para viajar: el diseño de tamaño de bolsillo cabe en tu mano o bolso, listo para cualquier aventura. Dispara más tiempo con hasta 166 minutos de tiempo de ejecución y recarga un 80% en solo 16 minutos para no perderse ni un momento.
2026-02-20 11:52:37,906 | INFO | extractor_logger | [DEBUG BULLET] En la caja: Osmo Pocket 3 | Cable PD tipo C a tipo C | Cubierta protectora Osmo Pocket 3 | Correa de muñeca DJI | Osmo Pocket 3 Mango con rosca de 1/4 pulgadas
2026-02-20 11:52:37,928 | INFO | extractor_logger | [DEBUG BULLET] El paquete incluye: sistema de micrófono inalámbrico DJI Mic y grabadora de audio
2026-02-20 11:52:38,010 | INFO | extractor_logger | [DEBUG TECNICO] Dimensiones del producto: 1,3 x 1,7 x 5,5 pulgadas
2026-02-20 11:52:38,113 | INFO | extractor_logger | [DEBUG TECNICO] ASIN: B0GKNQ71XH
2026-02-20 11:52:38,180 | INFO | extractor_logger | [DEBUG TECNICO] Número de modelo del producto: E5DJIOSMOPOCK3
2026-02-20 11:52:38,245 | INFO | extractor_logger | [DEBUG TECNICO] Pilas: 1 CR5 necesaria(s), incluida(s)
2026-02-20 11:52:38,282 | INFO | extractor_logger | [DEBUG TECNICO] Clasificación en los más vendidos de Amazon: nº56,937 en Electrónica (Ver el Top 100 en Electrónica)  nº273 en Videocámaras para Deportes y Acción
2026-02-20 11:52:38,322 | INFO | extractor_logger | [DEBUG TECNICO] Producto en amazon.com desde: enero 30, 2026
2026-02-20 11:52:38,346 | INFO | extractor_logger | [DEBUG TECNICO] Fabricante: DJI
2026-02-20 11:52:39,910 | INFO | extractor_logger | Extracción real completada correctamente.
2026-02-20 11:52:39,911 | INFO | extractor_logger | DEBUG RETURN BULLETS: ['DJI Autorizado en Estados Unidos – Protección completa de DJI en Estados Unidos | OSMO Pocket 3 – Impresionante video 4K/120fps y sensor CMOS de 1 pulgada – Captura detalles impresionantes con un gran sensor CMOS de 1 pulgada que ofrece imágenes nítidas y vibrantes incluso con poca luz. Graba en cámara lenta de 4K/120fps para momentos cinematográficos ultra suaves.', 'Estabilización sólida de tres ejes: graba imágenes estables y sin sacudidas en cualquier lugar. El cardán avanzado de 3 ejes garantiza una estabilidad de nivel profesional ya sea que estés caminando, corriendo o filmando tomas de acción dinámica.', 'Pantalla táctil OLED giratoria de 2 pulgadas: cambia sin problemas entre disparos horizontales y verticales con la pantalla OLED grande y giratoria. Ajuste sin esfuerzo la configuración, realice un seguimiento de los sujetos y obtenga una vista previa de las tomas con imágenes nítidas.', 'Enfoque rápido de píxeles completos + modo de presentación de productos: bloquea el enfoque en sujetos en movimiento con una precisión ultrarrápida. Perfecto para vlogs y transmisión en vivo, el modo Presentación de productos cambia suavemente el enfoque hacia el primer plano para presentaciones claras y atractivas.', 'Seguimiento más inteligente con ActiveTrack 6.0 – Manténgase en el marco manos libres. Los modos inteligentes como la detección automática de cara y el encuadre dinámico te mantienen perfectamente centrado mientras te mueves, ofreciendo imágenes de calidad profesional con facilidad.', 'Color de grado profesional con D-Log M y HLG de 10 bits: desbloquea la libertad creativa con colores ricos y realistas. Graba hasta mil millones de colores con soporte HDR para una impresionante flexibilidad de posproducción e impresionantes imágenes cinematográficas.', 'Audio nítido en cualquier lugar: captura sonido envolvente con una matriz integrada de 3 micrófonos que reduce el ruido del viento. Conéctate sin problemas a dos transmisores DJI Mic 2 para vlogs de doble persona, entrevistas o eventos en vivo.', 'Compacto, de carga rápida y listo para viajar: el diseño de tamaño de bolsillo cabe en tu mano o bolso, listo para cualquier aventura. Dispara más tiempo con hasta 166 minutos de tiempo de ejecución y recarga un 80% en solo 16 minutos para no perderse ni un momento.', 'En la caja: Osmo Pocket 3 | Cable PD tipo C a tipo C | Cubierta protectora Osmo Pocket 3 | Correa de muñeca DJI | Osmo Pocket 3 Mango con rosca de 1/4 pulgadas', 'El paquete incluye: sistema de micrófono inalámbrico DJI Mic y grabadora de audio']
2026-02-20 11:52:39,912 | INFO | extractor_logger | Iniciando normalizacion de datos.
2026-02-20 11:52:39,912 | INFO | extractor_logger | Referencia encontrada (modelo): E5DJIOSMOPOCK3
2026-02-20 11:52:39,913 | INFO | extractor_logger | Normalización completada correctamente.
2026-02-20 11:52:39,913 | INFO | extractor_logger | Iniciando capa de traducción.
2026-02-20 11:52:42,548 | INFO | extractor_logger | Traducción completada.
2026-02-20 11:52:42,997 | INFO | extractor_logger | Validacion exitosa del contrato.
2026-02-20 11:52:43,002 | INFO | extractor_logger | Proceso completo finalizado.
2026-02-20 11:55:11,762 | INFO | extractor_logger | URL válida y dominio permitido.
2026-02-20 11:55:11,765 | INFO | extractor_logger | Proveedor detectado: Amazon
2026-02-20 11:55:11,765 | INFO | extractor_logger | Iniciando extracción real Amazon con Playwright.
2026-02-20 11:55:26,986 | INFO | extractor_logger | [PRECIO DETECTADO] COP 1,385,089.69
2026-02-20 11:55:28,188 | INFO | extractor_logger | [DEBUG BULLETS] Total encontrados: 10
2026-02-20 11:55:28,206 | INFO | extractor_logger | [DEBUG BULLET] DJI Autorizado en Estados Unidos – Protección completa de DJI en Estados Unidos | OSMO Pocket 3 – Impresionante video 4K/120fps y sensor CMOS de 1 pulgada – Captura detalles impresionantes con un gran sensor CMOS de 1 pulgada que ofrece imágenes nítidas y vibrantes incluso con poca luz. Graba en cámara lenta de 4K/120fps para momentos cinematográficos ultra suaves.
2026-02-20 11:55:28,228 | INFO | extractor_logger | [DEBUG BULLET] Estabilización sólida de tres ejes: graba imágenes estables y sin sacudidas en cualquier lugar. El cardán avanzado de 3 ejes garantiza una estabilidad de nivel profesional ya sea que estés caminando, corriendo o filmando tomas de acción dinámica.
2026-02-20 11:55:28,257 | INFO | extractor_logger | [DEBUG BULLET] Pantalla táctil OLED giratoria de 2 pulgadas: cambia sin problemas entre disparos horizontales y verticales con la pantalla OLED grande y giratoria. Ajuste sin esfuerzo la configuración, realice un seguimiento de los sujetos y obtenga una vista previa de las tomas con imágenes nítidas.
2026-02-20 11:55:28,301 | INFO | extractor_logger | [DEBUG BULLET] Enfoque rápido de píxeles completos + modo de presentación de productos: bloquea el enfoque en sujetos en movimiento con una precisión ultrarrápida. Perfecto para vlogs y transmisión en vivo, el modo Presentación de productos cambia suavemente el enfoque hacia el primer plano para presentaciones claras y atractivas.
2026-02-20 11:55:28,948 | INFO | extractor_logger | [DEBUG BULLET] Seguimiento más inteligente con ActiveTrack 6.0 – Manténgase en el marco manos libres. Los modos inteligentes como la detección automática de cara y el encuadre dinámico te mantienen perfectamente centrado mientras te mueves, ofreciendo imágenes de calidad profesional con facilidad.
2026-02-20 11:55:29,414 | INFO | extractor_logger | [DEBUG BULLET] Color de grado profesional con D-Log M y HLG de 10 bits: desbloquea la libertad creativa con colores ricos y realistas. Graba hasta mil millones de colores con soporte HDR para una impresionante flexibilidad de posproducción e impresionantes imágenes cinematográficas.
2026-02-20 11:55:29,436 | INFO | extractor_logger | [DEBUG BULLET] Audio nítido en cualquier lugar: captura sonido envolvente con una matriz integrada de 3 micrófonos que reduce el ruido del viento. Conéctate sin problemas a dos transmisores DJI Mic 2 para vlogs de doble persona, entrevistas o eventos en vivo.
2026-02-20 11:55:29,447 | INFO | extractor_logger | [DEBUG BULLET] Compacto, de carga rápida y listo para viajar: el diseño de tamaño de bolsillo cabe en tu mano o bolso, listo para cualquier aventura. Dispara más tiempo con hasta 166 minutos de tiempo de ejecución y recarga un 80% en solo 16 minutos para no perderse ni un momento.
2026-02-20 11:55:29,457 | INFO | extractor_logger | [DEBUG BULLET] En la caja: Osmo Pocket 3 | Cable PD tipo C a tipo C | Cubierta protectora Osmo Pocket 3 | Correa de muñeca DJI | Osmo Pocket 3 Mango con rosca de 1/4 pulgadas
2026-02-20 11:55:29,468 | INFO | extractor_logger | [DEBUG BULLET] El paquete incluye: sistema de micrófono inalámbrico DJI Mic y grabadora de audio
2026-02-20 11:55:29,507 | INFO | extractor_logger | [DEBUG TECNICO] Dimensiones del producto: 1,3 x 1,7 x 5,5 pulgadas
2026-02-20 11:55:29,534 | INFO | extractor_logger | [DEBUG TECNICO] ASIN: B0GKNQ71XH
2026-02-20 11:55:29,578 | INFO | extractor_logger | [DEBUG TECNICO] Número de modelo del producto: E5DJIOSMOPOCK3
2026-02-20 11:55:29,615 | INFO | extractor_logger | [DEBUG TECNICO] Pilas: 1 CR5 necesaria(s), incluida(s)
2026-02-20 11:55:29,684 | INFO | extractor_logger | [DEBUG TECNICO] Clasificación en los más vendidos de Amazon: nº56,937 en Electrónica (Ver el Top 100 en Electrónica)  nº273 en Videocámaras para Deportes y Acción
2026-02-20 11:55:29,715 | INFO | extractor_logger | [DEBUG TECNICO] Producto en amazon.com desde: enero 30, 2026
2026-02-20 11:55:29,746 | INFO | extractor_logger | [DEBUG TECNICO] Fabricante: DJI
2026-02-20 11:55:31,694 | INFO | extractor_logger | Extracción real completada correctamente.
2026-02-20 11:55:31,696 | INFO | extractor_logger | DEBUG RETURN BULLETS: ['DJI Autorizado en Estados Unidos – Protección completa de DJI en Estados Unidos | OSMO Pocket 3 – Impresionante video 4K/120fps y sensor CMOS de 1 pulgada – Captura detalles impresionantes con un gran sensor CMOS de 1 pulgada que ofrece imágenes nítidas y vibrantes incluso con poca luz. Graba en cámara lenta de 4K/120fps para momentos cinematográficos ultra suaves.', 'Estabilización sólida de tres ejes: graba imágenes estables y sin sacudidas en cualquier lugar. El cardán avanzado de 3 ejes garantiza una estabilidad de nivel profesional ya sea que estés caminando, corriendo o filmando tomas de acción dinámica.', 'Pantalla táctil OLED giratoria de 2 pulgadas: cambia sin problemas entre disparos horizontales y verticales con la pantalla OLED grande y giratoria. Ajuste sin esfuerzo la configuración, realice un seguimiento de los sujetos y obtenga una vista previa de las tomas con imágenes nítidas.', 'Enfoque rápido de píxeles completos + modo de presentación de productos: bloquea el enfoque en sujetos en movimiento con una precisión ultrarrápida. Perfecto para vlogs y transmisión en vivo, el modo Presentación de productos cambia suavemente el enfoque hacia el primer plano para presentaciones claras y atractivas.', 'Seguimiento más inteligente con ActiveTrack 6.0 – Manténgase en el marco manos libres. Los modos inteligentes como la detección automática de cara y el encuadre dinámico te mantienen perfectamente centrado mientras te mueves, ofreciendo imágenes de calidad profesional con facilidad.', 'Color de grado profesional con D-Log M y HLG de 10 bits: desbloquea la libertad creativa con colores ricos y realistas. Graba hasta mil millones de colores con soporte HDR para una impresionante flexibilidad de posproducción e impresionantes imágenes cinematográficas.', 'Audio nítido en cualquier lugar: captura sonido envolvente con una matriz integrada de 3 micrófonos que reduce el ruido del viento. Conéctate sin problemas a dos transmisores DJI Mic 2 para vlogs de doble persona, entrevistas o eventos en vivo.', 'Compacto, de carga rápida y listo para viajar: el diseño de tamaño de bolsillo cabe en tu mano o bolso, listo para cualquier aventura. Dispara más tiempo con hasta 166 minutos de tiempo de ejecución y recarga un 80% en solo 16 minutos para no perderse ni un momento.', 'En la caja: Osmo Pocket 3 | Cable PD tipo C a tipo C | Cubierta protectora Osmo Pocket 3 | Correa de muñeca DJI | Osmo Pocket 3 Mango con rosca de 1/4 pulgadas', 'El paquete incluye: sistema de micrófono inalámbrico DJI Mic y grabadora de audio']
2026-02-20 11:55:31,698 | INFO | extractor_logger | Iniciando normalizacion de datos.
2026-02-20 11:55:31,700 | INFO | extractor_logger | Referencia encontrada (modelo): E5DJIOSMOPOCK3
2026-02-20 11:55:31,701 | INFO | extractor_logger | Normalización completada correctamente.
2026-02-20 11:55:31,701 | INFO | extractor_logger | Iniciando capa de traducción.
2026-02-20 11:55:33,704 | INFO | extractor_logger | Traducción completada.
2026-02-20 11:55:33,719 | INFO | extractor_logger | Validacion exitosa del contrato.
2026-02-20 11:55:33,725 | INFO | extractor_logger | Proceso completo finalizado.
2026-02-20 12:55:10,087 | INFO | extractor_logger | URL válida y dominio permitido.
2026-02-20 12:55:10,093 | INFO | extractor_logger | Proveedor detectado: Amazon
2026-02-20 12:55:10,093 | INFO | extractor_logger | Iniciando extracción real Amazon con Playwright.
2026-02-20 12:55:42,355 | ERROR | extractor_logger | Error durante extracción Amazon.
2026-02-20 12:55:42,355 | ERROR | extractor_logger | Page.wait_for_selector: Timeout 15000ms exceeded.
Call log:
  - waiting for locator("#productTitle") to be visible

2026-02-20 12:55:42,355 | INFO | extractor_logger | Iniciando normalizacion de datos.
2026-02-20 12:55:42,356 | INFO | extractor_logger | Referencia encontrada (ASIN URL fallback): B0GKNQ71XH
2026-02-20 12:55:42,356 | INFO | extractor_logger | Normalización completada correctamente.
2026-02-20 12:55:42,356 | INFO | extractor_logger | Iniciando capa de traducción.
2026-02-20 12:55:42,356 | INFO | extractor_logger | Traducción completada.
2026-02-20 12:55:42,367 | INFO | extractor_logger | Validacion exitosa del contrato.
2026-02-20 12:55:42,370 | INFO | extractor_logger | Proceso completo finalizado.
2026-02-20 13:24:42,209 | INFO | extractor_logger | URL válida y dominio permitido.
2026-02-20 13:24:42,212 | INFO | extractor_logger | Proveedor detectado: Amazon
2026-02-20 13:24:42,212 | INFO | extractor_logger | Iniciando extracción real Amazon con Playwright.
2026-02-20 13:25:15,512 | ERROR | extractor_logger | Error durante extracción Amazon.
2026-02-20 13:25:15,520 | ERROR | extractor_logger | Page.wait_for_selector: Timeout 15000ms exceeded.
Call log:
  - waiting for locator("#productTitle") to be visible

2026-02-20 13:25:15,521 | INFO | extractor_logger | Iniciando normalizacion de datos.
2026-02-20 13:25:15,522 | INFO | extractor_logger | Referencia encontrada (ASIN URL fallback): B0GKNQ71XH
2026-02-20 13:25:15,522 | INFO | extractor_logger | Normalización completada correctamente.
2026-02-20 13:25:15,522 | INFO | extractor_logger | Iniciando capa de traducción.
2026-02-20 13:25:15,522 | INFO | extractor_logger | Traducción completada.
2026-02-20 13:25:15,558 | INFO | extractor_logger | Validacion exitosa del contrato.
2026-02-20 13:25:15,571 | INFO | extractor_logger | Proceso completo finalizado.
2026-02-20 13:47:56,690 | INFO | extractor_logger | URL válida y dominio permitido.
2026-02-20 13:47:56,692 | INFO | extractor_logger | Proveedor detectado: Amazon
2026-02-20 13:47:56,693 | INFO | extractor_logger | Iniciando extracción real Amazon con Playwright.
2026-02-20 13:48:26,506 | ERROR | extractor_logger | Error durante extracción Amazon.
2026-02-20 13:48:26,506 | ERROR | extractor_logger | Page.wait_for_selector: Timeout 15000ms exceeded.
Call log:
  - waiting for locator("#productTitle") to be visible

2026-02-20 13:48:26,506 | INFO | extractor_logger | Iniciando normalización estructurada del producto.
2026-02-20 13:48:26,507 | INFO | extractor_logger | Referencia encontrada (ASIN URL fallback): B0GKNQ71XH
2026-02-20 13:48:26,507 | INFO | extractor_logger | Normalización estructurada completada correctamente.
2026-02-20 13:48:26,507 | INFO | extractor_logger | Iniciando capa de traducción.
2026-02-20 13:48:26,507 | INFO | extractor_logger | Traducción completada.
2026-02-20 13:48:26,514 | ERROR | extractor_logger | Error de validacion del contrato.
2026-02-20 13:48:26,516 | INFO | extractor_logger | Proceso completo finalizado.
2026-02-20 14:40:24,032 | INFO | extractor_logger | URL válida y dominio permitido.
2026-02-20 14:40:24,033 | INFO | extractor_logger | Proveedor detectado: Amazon
2026-02-20 14:40:24,034 | INFO | extractor_logger | Iniciando extracción real Amazon con Playwright.
2026-02-20 14:40:40,053 | INFO | extractor_logger | [PRECIO DETECTADO] US$434.99
2026-02-20 14:40:41,555 | INFO | extractor_logger | [DEBUG BULLETS] Total encontrados: 5
2026-02-20 14:40:41,665 | INFO | extractor_logger | [DEBUG BULLET] Escuche y sea escuchado: Mantenga el enfoque en las voces de conferencia, no en el ruido de fondo, con una matriz dirigible de seis micrófonos para reducción de eco y ruido y altavoces de alto rendimiento. Las conversaciones fluyen naturalmente, incluso con conversadores simultáneos superpuestos.
2026-02-20 14:40:41,700 | INFO | extractor_logger | [DEBUG BULLET] Práctica conferencia: no requiere carga, no hay baterías de las que preocuparse porque siempre funciona con alimentación de CA. La capacidad de la cadena de margaritas permite emparejar 2 unidades de forma inalámbrica para espacios más grandes.
2026-02-20 14:40:41,720 | INFO | extractor_logger | [DEBUG BULLET] Fácil conectividad: Conéctese a teléfonos inteligentes a través de Bluetooth. Conéctese a computadoras a través de un cable USB-A/USB-C combinado. Conecte una cámara de video USB para obtener audio y video con un solo cable.
2026-02-20 14:40:41,732 | INFO | extractor_logger | [DEBUG BULLET] Todo en uno: altavoz + cargador de teléfono inteligente + altavoz de música de alto rendimiento. Más personas pueden permanecer cargadas durante una reunión con dos puertos USB para cargar hasta dos teléfonos móviles a la vez.
2026-02-20 14:40:41,747 | INFO | extractor_logger | [DEBUG BULLET] Versión de Microsoft Teams: admite una colaboración y comunicación fáciles con un botón Teams dedicado para acceder instantáneamente a la aplicación Teams.
2026-02-20 14:40:41,898 | INFO | extractor_logger | [DEBUG TECNICO] Material: 1
2026-02-20 14:40:42,610 | INFO | extractor_logger | [DEBUG TECNICO] Nombre del modelo: Sincronización 60
2026-02-20 14:40:42,629 | INFO | extractor_logger | [DEBUG TECNICO] Tipo de altavoz: Multimedia
2026-02-20 14:40:42,649 | INFO | extractor_logger | [DEBUG TECNICO] Características especiales: Kabellos
2026-02-20 14:40:42,678 | INFO | extractor_logger | [DEBUG TECNICO] Usos Recomendados Para Producto: Para la computadora, Para smartphones o tabletas, Para teléfonos inteligentes o tabletas
2026-02-20 14:40:42,697 | INFO | extractor_logger | [DEBUG TECNICO] Dispositivos compatibles: Altavoces
2026-02-20 14:40:42,723 | INFO | extractor_logger | [DEBUG TECNICO] Configuración del canal de sonido envolvente: 2.0
2026-02-20 14:40:42,748 | INFO | extractor_logger | [DEBUG TECNICO] Color: Verde
2026-02-20 14:40:42,769 | INFO | extractor_logger | [DEBUG TECNICO] Componentes incluidos: Poly Altavoz Sync 60, fuente de alimentación principal con adaptadores de pin globales, cable USB con conectores USB-A y USB-C
2026-02-20 14:40:42,786 | INFO | extractor_logger | [DEBUG TECNICO] Dimensiones del producto: 1,5"prof. x 15,5"an. x 4,8"al. pulgadas
2026-02-20 14:40:42,807 | INFO | extractor_logger | [DEBUG TECNICO] Peso del artículo: 1000 Gramos
2026-02-20 14:40:42,829 | INFO | extractor_logger | [DEBUG TECNICO] Es impermeable: Falso
2026-02-20 14:40:42,849 | INFO | extractor_logger | [DEBUG TECNICO] Tipo de garantía: Completo
2026-02-20 14:40:42,868 | INFO | extractor_logger | [DEBUG TECNICO] Número de artículos: 1
2026-02-20 14:40:42,892 | INFO | extractor_logger | [DEBUG TECNICO] Método de control: Botón pulsador
2026-02-20 14:40:42,911 | INFO | extractor_logger | [DEBUG TECNICO] Tecnología de comunicación inalámbrica: Bluetooth
2026-02-20 14:40:42,928 | INFO | extractor_logger | [DEBUG TECNICO] Tamaño del altavoz: 6,5 Pulgadas
2026-02-20 14:40:42,951 | INFO | extractor_logger | [DEBUG TECNICO] Fuente de alimentación: Funciona con pilas, eléctrico con cable
2026-02-20 14:40:42,970 | INFO | extractor_logger | [DEBUG TECNICO] Diámetro del woofer: 2,54 Centímetros
2026-02-20 14:40:42,994 | INFO | extractor_logger | [DEBUG TECNICO] Diámetro del tweeter: 1 Centímetros
2026-02-20 14:40:43,014 | INFO | extractor_logger | [DEBUG TECNICO] Nivel de resistencia al agua: Resistente al agua
2026-02-20 14:40:43,036 | INFO | extractor_logger | [DEBUG TECNICO] Tipo de paquete: Caja estándar" o "caja al por menor
2026-02-20 14:40:43,076 | INFO | extractor_logger | [DEBUG TECNICO] Cantidad de baterías: 2 Iones de litio (Tipo de pila necesaria)
2026-02-20 14:40:43,109 | INFO | extractor_logger | [DEBUG TECNICO] Tipo de controlador de audio: Controlador dinámico
2026-02-20 14:40:43,128 | INFO | extractor_logger | [DEBUG TECNICO] Rango de Bluetooth: 3 Metros
2026-02-20 14:40:43,146 | INFO | extractor_logger | [DEBUG TECNICO] Tecnología de conectividad del subwoofer: con cable
2026-02-20 14:40:43,168 | INFO | extractor_logger | [DEBUG TECNICO] Número de niveles de potencia: 1
2026-02-20 14:40:43,185 | INFO | extractor_logger | [DEBUG TECNICO] Número de serie: 216873
2026-02-20 14:40:43,201 | INFO | extractor_logger | [DEBUG TECNICO] Usos específicos del producto: trabajo de oficina, trabajo remoto, llamadas de conferencia, entretenimiento personal y carga de dispositivos móviles
2026-02-20 14:40:43,219 | INFO | extractor_logger | [DEBUG TECNICO] UPC: 017229172517 197029590572
2026-02-20 14:40:43,238 | INFO | extractor_logger | [DEBUG TECNICO] Estilo: Certificado por Microsoft
2026-02-20 14:40:43,255 | INFO | extractor_logger | [DEBUG TECNICO] Uso en interiores y exteriores: Interior
2026-02-20 14:40:43,281 | INFO | extractor_logger | [DEBUG TECNICO] Fabricante: Poly
2026-02-20 14:40:43,300 | INFO | extractor_logger | [DEBUG TECNICO] Forma: Prisma rectangular
2026-02-20 14:40:43,315 | INFO | extractor_logger | [DEBUG TECNICO] Idioma: Inglés
2026-02-20 14:40:43,334 | INFO | extractor_logger | [DEBUG TECNICO] ASIN: B0974YKL7C
2026-02-20 14:40:43,351 | INFO | extractor_logger | [DEBUG TECNICO] Número de modelo del producto: 216873-01
2026-02-20 14:40:43,373 | INFO | extractor_logger | [DEBUG TECNICO] Pilas: 2 Iones de litio (Tipo de pila necesaria)
2026-02-20 14:40:43,391 | INFO | extractor_logger | [DEBUG TECNICO] Opinión media de los clientes: 4.4               4.4 de 5 estrellas         

                         (10)      
                    
                    var dpAcrHasRegisteredArcLinkClickAction;
                    P.when('A', 'ready').execute(function(A) {
                        if (dpAcrHasRegisteredArcLinkClickAction !== true) {
                            dpAcrHasRegisteredArcLinkClickAction = true;
                            A.declarative(
                                'acrLink-click-metrics', 'click',
                                { "allowLinkDefault": true },
                                function (event) {
                                    if (window.ue) {
                                        ue.count("acrLinkClickCount", (ue.count("acrLinkClickCount") || 0) + 1);
                                    }
                                }
                            );
                        }
                    });
                
                 
            P.when('A', 'cf').execute(function(A) {
                A.declarative('acrStarsLink-click-metrics', 'click', { "allowLinkDefault" : true },  function(event){
                    if(window.ue) {
                        ue.count("acrStarsLinkWithPopoverClickCount", (ue.count("acrStarsLinkWithPopoverClickCount") || 0) + 1);
                    }
                });
            });
        

           
       4.4 de 5 estrellas
2026-02-20 14:40:43,411 | INFO | extractor_logger | [DEBUG TECNICO] Clasificación en los más vendidos de Amazon: nº120,202 en Productos de Oficina (Ver el Top 100 en Productos de Oficina)  nº67 en Productos para Audioconferencias
2026-02-20 14:40:43,426 | INFO | extractor_logger | [DEBUG TECNICO] Producto en amazon.com desde: junio 12, 2021
2026-02-20 14:40:44,375 | INFO | extractor_logger | Extracción real completada correctamente.
2026-02-20 14:40:44,375 | INFO | extractor_logger | DEBUG RETURN BULLETS: ['Escuche y sea escuchado: Mantenga el enfoque en las voces de conferencia, no en el ruido de fondo, con una matriz dirigible de seis micrófonos para reducción de eco y ruido y altavoces de alto rendimiento. Las conversaciones fluyen naturalmente, incluso con conversadores simultáneos superpuestos.', 'Práctica conferencia: no requiere carga, no hay baterías de las que preocuparse porque siempre funciona con alimentación de CA. La capacidad de la cadena de margaritas permite emparejar 2 unidades de forma inalámbrica para espacios más grandes.', 'Fácil conectividad: Conéctese a teléfonos inteligentes a través de Bluetooth. Conéctese a computadoras a través de un cable USB-A/USB-C combinado. Conecte una cámara de video USB para obtener audio y video con un solo cable.', 'Todo en uno: altavoz + cargador de teléfono inteligente + altavoz de música de alto rendimiento. Más personas pueden permanecer cargadas durante una reunión con dos puertos USB para cargar hasta dos teléfonos móviles a la vez.', 'Versión de Microsoft Teams: admite una colaboración y comunicación fáciles con un botón Teams dedicado para acceder instantáneamente a la aplicación Teams.']
2026-02-20 14:40:44,376 | INFO | extractor_logger | Iniciando normalización estructurada del producto.
2026-02-20 14:40:44,376 | INFO | extractor_logger | Referencia encontrada (modelo): 216873-01
2026-02-20 14:40:44,377 | INFO | extractor_logger | Normalización estructurada completada correctamente.
2026-02-20 14:40:44,377 | INFO | extractor_logger | Iniciando capa de traducción.
2026-02-20 14:40:45,862 | INFO | extractor_logger | Traducción completada.
2026-02-20 14:40:45,873 | ERROR | extractor_logger | Error de validacion del contrato.
2026-02-20 14:40:45,874 | INFO | extractor_logger | Proceso completo finalizado.
2026-02-20 14:49:15,464 | INFO | extractor_logger | URL válida y dominio permitido.
2026-02-20 14:49:15,465 | INFO | extractor_logger | Proveedor detectado: Amazon
2026-02-20 14:49:15,465 | INFO | extractor_logger | Iniciando extracción real Amazon con Playwright.
2026-02-20 14:49:43,522 | INFO | extractor_logger | [PRECIO DETECTADO] US$434.99
2026-02-20 14:49:45,072 | INFO | extractor_logger | [DEBUG BULLETS] Total encontrados: 5
2026-02-20 14:49:45,607 | INFO | extractor_logger | [DEBUG BULLET] Escuche y sea escuchado: Mantenga el enfoque en las voces de conferencia, no en el ruido de fondo, con una matriz dirigible de seis micrófonos para reducción de eco y ruido y altavoces de alto rendimiento. Las conversaciones fluyen naturalmente, incluso con conversadores simultáneos superpuestos.
2026-02-20 14:49:45,789 | INFO | extractor_logger | [DEBUG BULLET] Práctica conferencia: no requiere carga, no hay baterías de las que preocuparse porque siempre funciona con alimentación de CA. La capacidad de la cadena de margaritas permite emparejar 2 unidades de forma inalámbrica para espacios más grandes.
2026-02-20 14:49:45,834 | INFO | extractor_logger | [DEBUG BULLET] Fácil conectividad: Conéctese a teléfonos inteligentes a través de Bluetooth. Conéctese a computadoras a través de un cable USB-A/USB-C combinado. Conecte una cámara de video USB para obtener audio y video con un solo cable.
2026-02-20 14:49:45,849 | INFO | extractor_logger | [DEBUG BULLET] Todo en uno: altavoz + cargador de teléfono inteligente + altavoz de música de alto rendimiento. Más personas pueden permanecer cargadas durante una reunión con dos puertos USB para cargar hasta dos teléfonos móviles a la vez.
2026-02-20 14:49:45,872 | INFO | extractor_logger | [DEBUG BULLET] Versión de Microsoft Teams: admite una colaboración y comunicación fáciles con un botón Teams dedicado para acceder instantáneamente a la aplicación Teams.
2026-02-20 14:49:45,980 | INFO | extractor_logger | [DEBUG TECNICO] Material: 1
2026-02-20 14:49:46,022 | INFO | extractor_logger | [DEBUG TECNICO] Nombre del modelo: Sincronización 60
2026-02-20 14:49:46,125 | INFO | extractor_logger | [DEBUG TECNICO] Tipo de altavoz: Multimedia
2026-02-20 14:49:46,275 | INFO | extractor_logger | [DEBUG TECNICO] Características especiales: Kabellos
2026-02-20 14:49:46,344 | INFO | extractor_logger | [DEBUG TECNICO] Usos Recomendados Para Producto: Para la computadora, Para smartphones o tabletas, Para teléfonos inteligentes o tabletas
2026-02-20 14:49:46,375 | INFO | extractor_logger | [DEBUG TECNICO] Dispositivos compatibles: Altavoces
2026-02-20 14:49:46,515 | INFO | extractor_logger | [DEBUG TECNICO] Configuración del canal de sonido envolvente: 2.0
2026-02-20 14:49:46,553 | INFO | extractor_logger | [DEBUG TECNICO] Color: Verde
2026-02-20 14:49:46,611 | INFO | extractor_logger | [DEBUG TECNICO] Componentes incluidos: Poly Altavoz Sync 60, fuente de alimentación principal con adaptadores de pin globales, cable USB con conectores USB-A y USB-C
2026-02-20 14:49:46,634 | INFO | extractor_logger | [DEBUG TECNICO] Dimensiones del producto: 1,5"prof. x 15,5"an. x 4,8"al. pulgadas
2026-02-20 14:49:46,658 | INFO | extractor_logger | [DEBUG TECNICO] Peso del artículo: 1000 Gramos
2026-02-20 14:49:46,685 | INFO | extractor_logger | [DEBUG TECNICO] Es impermeable: Falso
2026-02-20 14:49:46,708 | INFO | extractor_logger | [DEBUG TECNICO] Tipo de garantía: Completo
2026-02-20 14:49:46,730 | INFO | extractor_logger | [DEBUG TECNICO] Número de artículos: 1
2026-02-20 14:49:46,754 | INFO | extractor_logger | [DEBUG TECNICO] Método de control: Botón pulsador
2026-02-20 14:49:46,772 | INFO | extractor_logger | [DEBUG TECNICO] Tecnología de comunicación inalámbrica: Bluetooth
2026-02-20 14:49:46,791 | INFO | extractor_logger | [DEBUG TECNICO] Tamaño del altavoz: 6,5 Pulgadas
2026-02-20 14:49:46,811 | INFO | extractor_logger | [DEBUG TECNICO] Fuente de alimentación: Funciona con pilas, eléctrico con cable
2026-02-20 14:49:46,829 | INFO | extractor_logger | [DEBUG TECNICO] Diámetro del woofer: 2,54 Centímetros
2026-02-20 14:49:46,868 | INFO | extractor_logger | [DEBUG TECNICO] Diámetro del tweeter: 1 Centímetros
2026-02-20 14:49:46,891 | INFO | extractor_logger | [DEBUG TECNICO] Nivel de resistencia al agua: Resistente al agua
2026-02-20 14:49:46,918 | INFO | extractor_logger | [DEBUG TECNICO] Tipo de paquete: Caja estándar" o "caja al por menor
2026-02-20 14:49:46,949 | INFO | extractor_logger | [DEBUG TECNICO] Cantidad de baterías: 2 Iones de litio (Tipo de pila necesaria)
2026-02-20 14:49:46,981 | INFO | extractor_logger | [DEBUG TECNICO] Tipo de controlador de audio: Controlador dinámico
2026-02-20 14:49:47,013 | INFO | extractor_logger | [DEBUG TECNICO] Rango de Bluetooth: 3 Metros
2026-02-20 14:49:47,047 | INFO | extractor_logger | [DEBUG TECNICO] Tecnología de conectividad del subwoofer: con cable
2026-02-20 14:49:47,078 | INFO | extractor_logger | [DEBUG TECNICO] Número de niveles de potencia: 1
2026-02-20 14:49:47,111 | INFO | extractor_logger | [DEBUG TECNICO] Número de serie: 216873
2026-02-20 14:49:47,139 | INFO | extractor_logger | [DEBUG TECNICO] Usos específicos del producto: trabajo de oficina, trabajo remoto, llamadas de conferencia, entretenimiento personal y carga de dispositivos móviles
2026-02-20 14:49:47,157 | INFO | extractor_logger | [DEBUG TECNICO] UPC: 017229172517 197029590572
2026-02-20 14:49:47,175 | INFO | extractor_logger | [DEBUG TECNICO] Estilo: Certificado por Microsoft
2026-02-20 14:49:47,220 | INFO | extractor_logger | [DEBUG TECNICO] Uso en interiores y exteriores: Interior
2026-02-20 14:49:47,249 | INFO | extractor_logger | [DEBUG TECNICO] Fabricante: Poly
2026-02-20 14:49:47,286 | INFO | extractor_logger | [DEBUG TECNICO] Forma: Prisma rectangular
2026-02-20 14:49:47,305 | INFO | extractor_logger | [DEBUG TECNICO] Idioma: Inglés
2026-02-20 14:49:47,329 | INFO | extractor_logger | [DEBUG TECNICO] ASIN: B0974YKL7C
2026-02-20 14:49:47,349 | INFO | extractor_logger | [DEBUG TECNICO] Número de modelo del producto: 216873-01
2026-02-20 14:49:47,374 | INFO | extractor_logger | [DEBUG TECNICO] Pilas: 2 Iones de litio (Tipo de pila necesaria)
2026-02-20 14:49:47,390 | INFO | extractor_logger | [DEBUG TECNICO] Opinión media de los clientes: 4.4               4.4 de 5 estrellas         

                         (10)      
                    
                    var dpAcrHasRegisteredArcLinkClickAction;
                    P.when('A', 'ready').execute(function(A) {
                        if (dpAcrHasRegisteredArcLinkClickAction !== true) {
                            dpAcrHasRegisteredArcLinkClickAction = true;
                            A.declarative(
                                'acrLink-click-metrics', 'click',
                                { "allowLinkDefault": true },
                                function (event) {
                                    if (window.ue) {
                                        ue.count("acrLinkClickCount", (ue.count("acrLinkClickCount") || 0) + 1);
                                    }
                                }
                            );
                        }
                    });
                
                 
            P.when('A', 'cf').execute(function(A) {
                A.declarative('acrStarsLink-click-metrics', 'click', { "allowLinkDefault" : true },  function(event){
                    if(window.ue) {
                        ue.count("acrStarsLinkWithPopoverClickCount", (ue.count("acrStarsLinkWithPopoverClickCount") || 0) + 1);
                    }
                });
            });
        

           
       4.4 de 5 estrellas
2026-02-20 14:49:47,411 | INFO | extractor_logger | [DEBUG TECNICO] Clasificación en los más vendidos de Amazon: nº120,202 en Productos de Oficina (Ver el Top 100 en Productos de Oficina)  nº67 en Productos para Audioconferencias
2026-02-20 14:49:47,436 | INFO | extractor_logger | [DEBUG TECNICO] Producto en amazon.com desde: junio 12, 2021
2026-02-20 14:49:48,561 | INFO | extractor_logger | Extracción real completada correctamente.
2026-02-20 14:49:48,561 | INFO | extractor_logger | DEBUG RETURN BULLETS: ['Escuche y sea escuchado: Mantenga el enfoque en las voces de conferencia, no en el ruido de fondo, con una matriz dirigible de seis micrófonos para reducción de eco y ruido y altavoces de alto rendimiento. Las conversaciones fluyen naturalmente, incluso con conversadores simultáneos superpuestos.', 'Práctica conferencia: no requiere carga, no hay baterías de las que preocuparse porque siempre funciona con alimentación de CA. La capacidad de la cadena de margaritas permite emparejar 2 unidades de forma inalámbrica para espacios más grandes.', 'Fácil conectividad: Conéctese a teléfonos inteligentes a través de Bluetooth. Conéctese a computadoras a través de un cable USB-A/USB-C combinado. Conecte una cámara de video USB para obtener audio y video con un solo cable.', 'Todo en uno: altavoz + cargador de teléfono inteligente + altavoz de música de alto rendimiento. Más personas pueden permanecer cargadas durante una reunión con dos puertos USB para cargar hasta dos teléfonos móviles a la vez.', 'Versión de Microsoft Teams: admite una colaboración y comunicación fáciles con un botón Teams dedicado para acceder instantáneamente a la aplicación Teams.']
2026-02-20 14:49:48,564 | INFO | extractor_logger | Iniciando normalización estructurada del producto.
2026-02-20 14:49:48,565 | INFO | extractor_logger | Referencia encontrada (modelo): 216873-01
2026-02-20 14:49:48,566 | INFO | extractor_logger | Normalización estructurada completada correctamente.
2026-02-20 14:49:48,567 | INFO | extractor_logger | Iniciando capa de traducción.
2026-02-20 14:49:50,103 | INFO | extractor_logger | Traducción completada.
2026-02-20 14:49:50,134 | ERROR | extractor_logger | Error de validacion del contrato.
2026-02-20 14:49:50,135 | INFO | extractor_logger | Proceso completo finalizado.
2026-02-20 14:57:03,587 | INFO | extractor_logger | URL válida y dominio permitido.
2026-02-20 14:57:03,589 | INFO | extractor_logger | Proveedor detectado: Amazon
2026-02-20 14:57:03,590 | INFO | extractor_logger | Iniciando extracción real Amazon con Playwright.
2026-02-20 14:57:36,642 | ERROR | extractor_logger | Error durante extracción Amazon.
2026-02-20 14:57:36,642 | ERROR | extractor_logger | Page.wait_for_selector: Timeout 20000ms exceeded.
Call log:
  - waiting for locator("#productTitle") to be visible

2026-02-20 14:57:36,643 | INFO | extractor_logger | Iniciando normalización estructurada del producto.
2026-02-20 14:57:36,644 | INFO | extractor_logger | Referencia encontrada (ASIN URL fallback): B0974YKL7C
2026-02-20 14:57:36,644 | INFO | extractor_logger | Normalización estructurada completada correctamente.
2026-02-20 14:57:36,645 | INFO | extractor_logger | Iniciando capa de traducción.
2026-02-20 14:57:36,645 | INFO | extractor_logger | Traducción completada.
2026-02-20 14:57:36,659 | ERROR | extractor_logger | Error de validacion del contrato.
2026-02-20 14:57:36,671 | ERROR | extractor_logger | 2 validation errors for ProductoContrato
marca
  Input should be a valid string [type=string_type, input_value=None, input_type=NoneType]
    For further information visit https://errors.pydantic.dev/2.12/v/string_type
fecha_extraccion
  Field required [type=missing, input_value={'referencia': 'B0974YKL7...on_extractor': '1.0.0'}}, input_type=dict]
    For further information visit https://errors.pydantic.dev/2.12/v/missing
2026-02-20 14:57:36,678 | INFO | extractor_logger | Proceso completo finalizado.
2026-02-23 09:08:00,814 | INFO | extractor_logger | URL válida y dominio permitido.
2026-02-23 09:08:00,817 | INFO | extractor_logger | Proveedor detectado: Amazon
2026-02-23 09:08:00,818 | INFO | extractor_logger | Iniciando extracción real Amazon con Playwright.
2026-02-23 09:08:36,262 | INFO | extractor_logger | [PRECIO DETECTADO] US$39.99
2026-02-23 09:08:36,286 | INFO | extractor_logger | [DEBUG BULLETS] Total encontrados: 5
2026-02-23 09:08:36,295 | INFO | extractor_logger | [DEBUG BULLET] Deshumidificación de alta eficiencia: este deshumidificador para el hogar está equipado con semiconductores Peltier termoeléctricos y un tanque de agua de 25 oz (750 ml), el deshumidificador podría absorber hasta 16 oz (450 ml/D) de agua en un ambiente húmedo de 86°F y 80% de HR. Ya no necesitas soportar días húmedos y simplemente disfruta de un ambiente de vida cómodo
2026-02-23 09:08:36,307 | INFO | extractor_logger | [DEBUG BULLET] Ultra silencioso, apto para dormir: muchos deshumidificadores convencionales funcionan con altos niveles de ruido, lo que dificulta conciliar el sueño, mientras que este pequeño deshumidificador con tecnología avanzada Peltier reduce el ruido de funcionamiento a menos de 35 dB sin comprometer la eficiencia de deshumidificación, creando un ambiente ideal para dormir. Es importante elegir deshumidificadores eficientes pero silenciosos para el dormitorio
2026-02-23 09:08:36,321 | INFO | extractor_logger | [DEBUG BULLET] Apagado automático, manténgase seguro: este pequeño deshumidificador para habitación cuenta con una función de apagado automático que dejará de funcionar automáticamente si el tanque de agua está lleno, y parpadeará la luz roja para recordar a los usuarios que vacíen el agua. Este mini deshumidificador es seguro durante 24 horas de funcionamiento continuo
2026-02-23 09:08:36,333 | INFO | extractor_logger | [DEBUG BULLET] Ahorro de energía asequible: este deshumidificador para recámara es eficaz pero ahorra energía y utiliza solo 0.96 KW de electricidad después de funcionar durante 24 horas. Es amigable y más asequible que los deshumidificadores tradicionales para el baño, podrías resolver el mayor problema de humedad por la menor cantidad de dinero
2026-02-23 09:08:36,341 | INFO | extractor_logger | [DEBUG BULLET] Compacto para cada esquina: ningún espacio es demasiado pequeño para este pequeño deshumidificador, el tamaño mini está diseñado para cada rincón que necesites, colócalo en tu mesita de noche o armario, no necesitas soportar los edredones y ropa húmedos, también puedes poner este deshumidificador portátil en tu cocina, baño, armario, oficina, casa rodante... donde lo necesites, ahí estará
2026-02-23 09:08:36,393 | INFO | extractor_logger | [DEBUG TECNICO] Marca: SANVINDER
2026-02-23 09:08:36,416 | INFO | extractor_logger | [DEBUG TECNICO] Área de piso: 320 Pies cuadrados
2026-02-23 09:08:36,448 | INFO | extractor_logger | [DEBUG TECNICO] Color: Negro
2026-02-23 09:08:36,481 | INFO | extractor_logger | [DEBUG TECNICO] Características especiales: Apagado automático, Luz nocturna, Operación silenciosa
2026-02-23 09:08:36,510 | INFO | extractor_logger | [DEBUG TECNICO] Capacidad: 25 Onzas líquidas
2026-02-23 09:08:36,545 | INFO | extractor_logger | [DEBUG TECNICO] Volumen del tanque: 25 Onzas de líquido
2026-02-23 09:08:36,576 | INFO | extractor_logger | [DEBUG TECNICO] Dimensiones del producto: 5,03"prof. x 5,03"an. x 8,38"al. pulgadas
2026-02-23 09:08:36,600 | INFO | extractor_logger | [DEBUG TECNICO] Cantidad de velocidades: 1
2026-02-23 09:08:36,633 | INFO | extractor_logger | [DEBUG TECNICO] Usos Recomendados Para Producto: Inicio
2026-02-23 09:08:36,675 | INFO | extractor_logger | [DEBUG TECNICO] Componentes incluidos: Adaptador, Deshumidificador, Manual de usuario, Manual del Usuario
2026-02-23 09:08:36,704 | INFO | extractor_logger | [DEBUG TECNICO] Peso del artículo: 2,2 Libras
2026-02-23 09:08:36,734 | INFO | extractor_logger | [DEBUG TECNICO] Material: Plástico ABS
2026-02-23 09:08:36,762 | INFO | extractor_logger | [DEBUG TECNICO] Nombre del modelo: DH-CS03
2026-02-23 09:08:36,788 | INFO | extractor_logger | [DEBUG TECNICO] Potencia: 23 vatios
2026-02-23 09:08:36,831 | INFO | extractor_logger | [DEBUG TECNICO] Modo de operación: Estándar
2026-02-23 09:08:36,868 | INFO | extractor_logger | [DEBUG TECNICO] Capacidad de flujo de aire: 1200 Centilitros por segundo
2026-02-23 09:08:36,898 | INFO | extractor_logger | [DEBUG TECNICO] Fabricante: SANVINDER
2026-02-23 09:08:36,917 | INFO | extractor_logger | [DEBUG TECNICO] UPC: 860011529705
2026-02-23 09:08:36,940 | INFO | extractor_logger | [DEBUG TECNICO] ASIN: B0BGN335KB
2026-02-23 09:08:36,964 | INFO | extractor_logger | [DEBUG TECNICO] Número de modelo del producto: DH-CS03
2026-02-23 09:08:36,989 | INFO | extractor_logger | [DEBUG TECNICO] Opinión media de los clientes: 4.3               4.3 de 5 estrellas         

                         (3,471)      
                    
                    var dpAcrHasRegisteredArcLinkClickAction;
                    P.when('A', 'ready').execute(function(A) {
                        if (dpAcrHasRegisteredArcLinkClickAction !== true) {
                            dpAcrHasRegisteredArcLinkClickAction = true;
                            A.declarative(
                                'acrLink-click-metrics', 'click',
                                { "allowLinkDefault": true },
                                function (event) {
                                    if (window.ue) {
                                        ue.count("acrLinkClickCount", (ue.count("acrLinkClickCount") || 0) + 1);
                                    }
                                }
                            );
                        }
                    });
                
                 
            P.when('A', 'cf').execute(function(A) {
                A.declarative('acrStarsLink-click-metrics', 'click', { "allowLinkDefault" : true },  function(event){
                    if(window.ue) {
                        ue.count("acrStarsLinkWithPopoverClickCount", (ue.count("acrStarsLinkWithPopoverClickCount") || 0) + 1);
                    }
                });
            });
        

           
       4.3 de 5 estrellas
2026-02-23 09:08:37,015 | INFO | extractor_logger | [DEBUG TECNICO] Clasificación en los más vendidos de Amazon: nº8,671 en Hogar y Cocina (Ver el Top 100 en Hogar y Cocina)  nº20 en Deshumidificadores
2026-02-23 09:08:37,045 | INFO | extractor_logger | [DEBUG TECNICO] Se requiere ensamblaje: No
2026-02-23 09:08:37,072 | INFO | extractor_logger | [DEBUG TECNICO] Número de piezas: 1
2026-02-23 09:08:37,101 | INFO | extractor_logger | [DEBUG TECNICO] Requiere baterías: No
2026-02-23 09:08:45,626 | INFO | extractor_logger | Extracción real completada correctamente.
2026-02-23 09:08:45,627 | INFO | extractor_logger | DEBUG RETURN BULLETS: ['Deshumidificación de alta eficiencia: este deshumidificador para el hogar está equipado con semiconductores Peltier termoeléctricos y un tanque de agua de 25 oz (750 ml), el deshumidificador podría absorber hasta 16 oz (450 ml/D) de agua en un ambiente húmedo de 86°F y 80% de HR. Ya no necesitas soportar días húmedos y simplemente disfruta de un ambiente de vida cómodo', 'Ultra silencioso, apto para dormir: muchos deshumidificadores convencionales funcionan con altos niveles de ruido, lo que dificulta conciliar el sueño, mientras que este pequeño deshumidificador con tecnología avanzada Peltier reduce el ruido de funcionamiento a menos de 35 dB sin comprometer la eficiencia de deshumidificación, creando un ambiente ideal para dormir. Es importante elegir deshumidificadores eficientes pero silenciosos para el dormitorio', 'Apagado automático, manténgase seguro: este pequeño deshumidificador para habitación cuenta con una función de apagado automático que dejará de funcionar automáticamente si el tanque de agua está lleno, y parpadeará la luz roja para recordar a los usuarios que vacíen el agua. Este mini deshumidificador es seguro durante 24 horas de funcionamiento continuo', 'Ahorro de energía asequible: este deshumidificador para recámara es eficaz pero ahorra energía y utiliza solo 0.96 KW de electricidad después de funcionar durante 24 horas. Es amigable y más asequible que los deshumidificadores tradicionales para el baño, podrías resolver el mayor problema de humedad por la menor cantidad de dinero', 'Compacto para cada esquina: ningún espacio es demasiado pequeño para este pequeño deshumidificador, el tamaño mini está diseñado para cada rincón que necesites, colócalo en tu mesita de noche o armario, no necesitas soportar los edredones y ropa húmedos, también puedes poner este deshumidificador portátil en tu cocina, baño, armario, oficina, casa rodante... donde lo necesites, ahí estará']
2026-02-23 09:08:45,628 | INFO | extractor_logger | Iniciando normalización estructurada del producto.
2026-02-23 09:08:45,628 | INFO | extractor_logger | Referencia encontrada (modelo): DH-CS03
2026-02-23 09:08:45,629 | INFO | extractor_logger | Normalización estructurada completada correctamente.
2026-02-23 09:08:45,629 | INFO | extractor_logger | Iniciando capa de traducción.
2026-02-23 09:08:48,348 | INFO | extractor_logger | Traducción completada.
2026-02-23 09:08:48,648 | ERROR | extractor_logger | Error de validacion del contrato.
2026-02-23 09:08:48,682 | ERROR | extractor_logger | 1 validation error for ProductoContrato
fecha_extraccion
  Field required [type=missing, input_value={'referencia': 'DH-CS03',...on_extractor': '1.0.0'}}, input_type=dict]
    For further information visit https://errors.pydantic.dev/2.12/v/missing
2026-02-23 09:08:48,686 | INFO | extractor_logger | Proceso completo finalizado.
2026-02-23 09:24:07,741 | INFO | extractor_logger | URL válida y dominio permitido.
2026-02-23 09:24:07,742 | INFO | extractor_logger | Proveedor detectado: Amazon
2026-02-23 09:24:07,742 | INFO | extractor_logger | Iniciando extracción real Amazon con Playwright.
2026-02-23 09:24:25,376 | INFO | extractor_logger | [PRECIO DETECTADO] US$39.99
2026-02-23 09:24:25,401 | INFO | extractor_logger | [DEBUG BULLETS] Total encontrados: 5
2026-02-23 09:24:25,411 | INFO | extractor_logger | [DEBUG BULLET] Deshumidificación de alta eficiencia: este deshumidificador para el hogar está equipado con semiconductores Peltier termoeléctricos y un tanque de agua de 25 oz (750 ml), el deshumidificador podría absorber hasta 16 oz (450 ml/D) de agua en un ambiente húmedo de 86°F y 80% de HR. Ya no necesitas soportar días húmedos y simplemente disfruta de un ambiente de vida cómodo
2026-02-23 09:24:25,440 | INFO | extractor_logger | [DEBUG BULLET] Ultra silencioso, apto para dormir: muchos deshumidificadores convencionales funcionan con altos niveles de ruido, lo que dificulta conciliar el sueño, mientras que este pequeño deshumidificador con tecnología avanzada Peltier reduce el ruido de funcionamiento a menos de 35 dB sin comprometer la eficiencia de deshumidificación, creando un ambiente ideal para dormir. Es importante elegir deshumidificadores eficientes pero silenciosos para el dormitorio
2026-02-23 09:24:25,464 | INFO | extractor_logger | [DEBUG BULLET] Apagado automático, manténgase seguro: este pequeño deshumidificador para habitación cuenta con una función de apagado automático que dejará de funcionar automáticamente si el tanque de agua está lleno, y parpadeará la luz roja para recordar a los usuarios que vacíen el agua. Este mini deshumidificador es seguro durante 24 horas de funcionamiento continuo
2026-02-23 09:24:25,476 | INFO | extractor_logger | [DEBUG BULLET] Ahorro de energía asequible: este deshumidificador para recámara es eficaz pero ahorra energía y utiliza solo 0.96 KW de electricidad después de funcionar durante 24 horas. Es amigable y más asequible que los deshumidificadores tradicionales para el baño, podrías resolver el mayor problema de humedad por la menor cantidad de dinero
2026-02-23 09:24:25,494 | INFO | extractor_logger | [DEBUG BULLET] Compacto para cada esquina: ningún espacio es demasiado pequeño para este pequeño deshumidificador, el tamaño mini está diseñado para cada rincón que necesites, colócalo en tu mesita de noche o armario, no necesitas soportar los edredones y ropa húmedos, también puedes poner este deshumidificador portátil en tu cocina, baño, armario, oficina, casa rodante... donde lo necesites, ahí estará
2026-02-23 09:24:25,551 | INFO | extractor_logger | [DEBUG TECNICO] Marca: SANVINDER
2026-02-23 09:24:25,574 | INFO | extractor_logger | [DEBUG TECNICO] Área de piso: 320 Pies cuadrados
2026-02-23 09:24:25,605 | INFO | extractor_logger | [DEBUG TECNICO] Color: Negro
2026-02-23 09:24:25,634 | INFO | extractor_logger | [DEBUG TECNICO] Características especiales: Apagado automático, Luz nocturna, Operación silenciosa
2026-02-23 09:24:25,659 | INFO | extractor_logger | [DEBUG TECNICO] Capacidad: 25 Onzas líquidas
2026-02-23 09:24:25,677 | INFO | extractor_logger | [DEBUG TECNICO] Volumen del tanque: 25 Onzas de líquido
2026-02-23 09:24:25,703 | INFO | extractor_logger | [DEBUG TECNICO] Dimensiones del producto: 5,03"prof. x 5,03"an. x 8,38"al. pulgadas
2026-02-23 09:24:25,723 | INFO | extractor_logger | [DEBUG TECNICO] Cantidad de velocidades: 1
2026-02-23 09:24:25,744 | INFO | extractor_logger | [DEBUG TECNICO] Usos Recomendados Para Producto: Inicio
2026-02-23 09:24:25,769 | INFO | extractor_logger | [DEBUG TECNICO] Componentes incluidos: Adaptador, Deshumidificador, Manual de usuario, Manual del Usuario
2026-02-23 09:24:25,791 | INFO | extractor_logger | [DEBUG TECNICO] Peso del artículo: 2,2 Libras
2026-02-23 09:24:25,812 | INFO | extractor_logger | [DEBUG TECNICO] Material: Plástico ABS
2026-02-23 09:24:25,841 | INFO | extractor_logger | [DEBUG TECNICO] Nombre del modelo: DH-CS03
2026-02-23 09:24:25,863 | INFO | extractor_logger | [DEBUG TECNICO] Potencia: 23 vatios
2026-02-23 09:24:25,886 | INFO | extractor_logger | [DEBUG TECNICO] Modo de operación: Estándar
2026-02-23 09:24:25,909 | INFO | extractor_logger | [DEBUG TECNICO] Capacidad de flujo de aire: 1200 Centilitros por segundo
2026-02-23 09:24:25,930 | INFO | extractor_logger | [DEBUG TECNICO] Fabricante: SANVINDER
2026-02-23 09:24:25,953 | INFO | extractor_logger | [DEBUG TECNICO] UPC: 860011529705
2026-02-23 09:24:25,974 | INFO | extractor_logger | [DEBUG TECNICO] ASIN: B0BGN335KB
2026-02-23 09:24:25,995 | INFO | extractor_logger | [DEBUG TECNICO] Número de modelo del producto: DH-CS03
2026-02-23 09:24:26,023 | INFO | extractor_logger | [DEBUG TECNICO] Opinión media de los clientes: 4.3               4.3 de 5 estrellas         

                         (3,471)      
                    
                    var dpAcrHasRegisteredArcLinkClickAction;
                    P.when('A', 'ready').execute(function(A) {
                        if (dpAcrHasRegisteredArcLinkClickAction !== true) {
                            dpAcrHasRegisteredArcLinkClickAction = true;
                            A.declarative(
                                'acrLink-click-metrics', 'click',
                                { "allowLinkDefault": true },
                                function (event) {
                                    if (window.ue) {
                                        ue.count("acrLinkClickCount", (ue.count("acrLinkClickCount") || 0) + 1);
                                    }
                                }
                            );
                        }
                    });
                
                 
            P.when('A', 'cf').execute(function(A) {
                A.declarative('acrStarsLink-click-metrics', 'click', { "allowLinkDefault" : true },  function(event){
                    if(window.ue) {
                        ue.count("acrStarsLinkWithPopoverClickCount", (ue.count("acrStarsLinkWithPopoverClickCount") || 0) + 1);
                    }
                });
            });
        

           
       4.3 de 5 estrellas
2026-02-23 09:24:26,043 | INFO | extractor_logger | [DEBUG TECNICO] Clasificación en los más vendidos de Amazon: nº8,671 en Hogar y Cocina (Ver el Top 100 en Hogar y Cocina)  nº20 en Deshumidificadores
2026-02-23 09:24:26,071 | INFO | extractor_logger | [DEBUG TECNICO] Se requiere ensamblaje: No
2026-02-23 09:24:26,091 | INFO | extractor_logger | [DEBUG TECNICO] Número de piezas: 1
2026-02-23 09:24:26,110 | INFO | extractor_logger | [DEBUG TECNICO] Requiere baterías: No
2026-02-23 09:24:27,038 | INFO | extractor_logger | Extracción real completada correctamente.
2026-02-23 09:24:27,038 | INFO | extractor_logger | DEBUG RETURN BULLETS: ['Deshumidificación de alta eficiencia: este deshumidificador para el hogar está equipado con semiconductores Peltier termoeléctricos y un tanque de agua de 25 oz (750 ml), el deshumidificador podría absorber hasta 16 oz (450 ml/D) de agua en un ambiente húmedo de 86°F y 80% de HR. Ya no necesitas soportar días húmedos y simplemente disfruta de un ambiente de vida cómodo', 'Ultra silencioso, apto para dormir: muchos deshumidificadores convencionales funcionan con altos niveles de ruido, lo que dificulta conciliar el sueño, mientras que este pequeño deshumidificador con tecnología avanzada Peltier reduce el ruido de funcionamiento a menos de 35 dB sin comprometer la eficiencia de deshumidificación, creando un ambiente ideal para dormir. Es importante elegir deshumidificadores eficientes pero silenciosos para el dormitorio', 'Apagado automático, manténgase seguro: este pequeño deshumidificador para habitación cuenta con una función de apagado automático que dejará de funcionar automáticamente si el tanque de agua está lleno, y parpadeará la luz roja para recordar a los usuarios que vacíen el agua. Este mini deshumidificador es seguro durante 24 horas de funcionamiento continuo', 'Ahorro de energía asequible: este deshumidificador para recámara es eficaz pero ahorra energía y utiliza solo 0.96 KW de electricidad después de funcionar durante 24 horas. Es amigable y más asequible que los deshumidificadores tradicionales para el baño, podrías resolver el mayor problema de humedad por la menor cantidad de dinero', 'Compacto para cada esquina: ningún espacio es demasiado pequeño para este pequeño deshumidificador, el tamaño mini está diseñado para cada rincón que necesites, colócalo en tu mesita de noche o armario, no necesitas soportar los edredones y ropa húmedos, también puedes poner este deshumidificador portátil en tu cocina, baño, armario, oficina, casa rodante... donde lo necesites, ahí estará']
2026-02-23 09:24:27,039 | INFO | extractor_logger | Iniciando normalización estructurada del producto.
2026-02-23 09:24:27,039 | INFO | extractor_logger | Referencia encontrada (modelo): DH-CS03
2026-02-23 09:24:27,040 | INFO | extractor_logger | Normalización estructurada completada correctamente.
2026-02-23 09:24:27,040 | INFO | extractor_logger | Iniciando capa de traducción.
2026-02-23 09:24:28,576 | INFO | extractor_logger | Traducción completada.
2026-02-23 09:24:28,591 | INFO | extractor_logger | Validacion exitosa del contrato.
2026-02-23 09:24:28,596 | INFO | extractor_logger | Proceso completo finalizado.
2026-02-23 09:50:14,663 | INFO | extractor_logger | URL válida y dominio permitido.
2026-02-23 09:50:14,665 | INFO | extractor_logger | Proveedor detectado: Amazon
2026-02-23 09:50:14,665 | INFO | extractor_logger | Iniciando extracción real Amazon con Playwright.
2026-02-23 09:50:38,075 | INFO | extractor_logger | [PRECIO DETECTADO] US$509.99
2026-02-23 09:50:38,173 | INFO | extractor_logger | [DEBUG BULLETS] Total encontrados: 5
2026-02-23 09:50:38,786 | INFO | extractor_logger | [DEBUG BULLET] Diseño innovador y moderno: el deshumidificador tiene un diseño simple y elegante que se adapta a la estética moderna. El valor de humedad se muestra en la parte delantera de la unidad, visible desde lejos. El tanque de agua cuenta con una función de visualización, lo que te permite verificar el nivel de agua sin quitar el tanque, mejorando la sensación tecnológica del dispositivo y la experiencia del usuario. Este deshumidificador es una gran opción tanto para el hogar como para la industria.
2026-02-23 09:50:38,818 | INFO | extractor_logger | [DEBUG BULLET] Funcionalidad completa: este deshumidificador ofrece una experiencia de usuario superior con configuraciones personalizables para espacios habitables, sótanos y deshumidificación continua. Puede establecer el nivel de humedad deseado y elegir entre 3 velocidades de viento. La función de oscilación cambia la dirección del viento, mientras que la descongelación automática y los recordatorios de limpieza aseguran un rendimiento óptimo. También cuenta con un temporizador y Control Lock para mayor seguridad y comodidad.
2026-02-23 09:50:38,876 | INFO | extractor_logger | [DEBUG BULLET] Múltiples opciones de drenaje: este deshumidificador ofrece un tanque de 7 litros (1.85 galones) para el drenaje, o puede usar una manguera normal para el drenaje por gravedad. Es el primer deshumidificador doméstico con función de bomba, ideal para sótanos o garajes subterráneos. El deshumidificador de bomba puede drenar hacia arriba (1-5 metros) o descargar la condensación en un fregadero o drenaje de piso más allá del alcance del drenaje por gravedad. Proporcionamos 2 tubos para la función regular y de drenaje de la bomba.
2026-02-23 09:50:39,014 | INFO | extractor_logger | [DEBUG BULLET] Duradero y portátil: nuestros deshumidificadores son duraderos y seguros, con protección contra la temperatura y la sobrecarga. Si la temperatura es demasiado alta o baja, o si el cable excede la corriente segura, el deshumidificador suspenderá automáticamente la operación. El cable de alimentación se puede guardar de manera ordenada, y las ruedas giratorias de 360 grados facilitan el movimiento, permitiéndote llevar el deshumidificador a donde lo necesites.
2026-02-23 09:50:39,100 | INFO | extractor_logger | [DEBUG TECNICO] Marca: Waykar
2026-02-23 09:50:39,125 | INFO | extractor_logger | [DEBUG TECNICO] Área de piso: 7500 Pies cuadrados
2026-02-23 09:50:39,190 | INFO | extractor_logger | [DEBUG TECNICO] Color: Blanco
2026-02-23 09:50:39,281 | INFO | extractor_logger | [DEBUG TECNICO] Características especiales: Control de humedad ajustable, descongelación automática, reinicio automático, bomba incorporada, protección contra sobrecalentamiento, control de humedad ajustable, descongelación automática, reinicio automático, bomba incorporada, protección contra sobrecalentamiento
2026-02-23 09:50:39,377 | INFO | extractor_logger | [DEBUG TECNICO] Capacidad: 150 Pintas
2026-02-23 09:50:39,422 | INFO | extractor_logger | [DEBUG TECNICO] Volumen del tanque: 1,85 Galones
2026-02-23 09:50:39,465 | INFO | extractor_logger | [DEBUG TECNICO] Dimensiones del producto: 11,69"prof. x 24,37"an. x 15,47"al. pulgadas
2026-02-23 09:50:39,512 | INFO | extractor_logger | [DEBUG TECNICO] Cantidad de velocidades: 2
2026-02-23 09:50:39,552 | INFO | extractor_logger | [DEBUG TECNICO] Usos Recomendados Para Producto: Residencial, Sótanos, Casas, Oficinas, Baños, Dormitorios, Cocinas, Almacenes, Salas, Lavanderías
2026-02-23 09:50:39,585 | INFO | extractor_logger | [DEBUG TECNICO] Componentes incluidos: Deshumidificador
2026-02-23 09:50:39,616 | INFO | extractor_logger | [DEBUG TECNICO] Peso del artículo: 39,46 Libras
2026-02-23 09:50:39,647 | INFO | extractor_logger | [DEBUG TECNICO] Material: Plástico
2026-02-23 09:50:39,674 | INFO | extractor_logger | [DEBUG TECNICO] Nombre del modelo: JD026CE-150PM
2026-02-23 09:50:39,716 | INFO | extractor_logger | [DEBUG TECNICO] Potencia: 500 vatios
2026-02-23 09:50:39,743 | INFO | extractor_logger | [DEBUG TECNICO] Modo de operación: Continuo
2026-02-23 09:50:39,774 | INFO | extractor_logger | [DEBUG TECNICO] Capacidad de flujo de aire: 158,8 Pies cúbicos por minuto
2026-02-23 09:50:39,819 | INFO | extractor_logger | [DEBUG TECNICO] Capacidad de eliminación de humedad: 18,75 Galones por día
2026-02-23 09:50:39,858 | INFO | extractor_logger | [DEBUG TECNICO] Fabricante: Waykar
2026-02-23 09:50:39,886 | INFO | extractor_logger | [DEBUG TECNICO] UPC: 684646620442
2026-02-23 09:50:39,938 | INFO | extractor_logger | [DEBUG TECNICO] Año de fabricación: 2025
2026-02-23 09:50:39,969 | INFO | extractor_logger | [DEBUG TECNICO] ASIN: B0G1SKSVN2
2026-02-23 09:50:40,018 | INFO | extractor_logger | [DEBUG TECNICO] Número de modelo del producto: JD026CE-150PM
2026-02-23 09:50:40,048 | INFO | extractor_logger | [DEBUG TECNICO] Opinión media de los clientes: 4.4               4.4 de 5 estrellas         

                         (195)      
                    
                    var dpAcrHasRegisteredArcLinkClickAction;
                    P.when('A', 'ready').execute(function(A) {
                        if (dpAcrHasRegisteredArcLinkClickAction !== true) {
                            dpAcrHasRegisteredArcLinkClickAction = true;
                            A.declarative(
                                'acrLink-click-metrics', 'click',
                                { "allowLinkDefault": true },
                                function (event) {
                                    if (window.ue) {
                                        ue.count("acrLinkClickCount", (ue.count("acrLinkClickCount") || 0) + 1);
                                    }
                                }
                            );
                        }
                    });
                
                 
            P.when('A', 'cf').execute(function(A) {
                A.declarative('acrStarsLink-click-metrics', 'click', { "allowLinkDefault" : true },  function(event){
                    if(window.ue) {
                        ue.count("acrStarsLinkWithPopoverClickCount", (ue.count("acrStarsLinkWithPopoverClickCount") || 0) + 1);
                    }
                });
            });
        

           
       4.4 de 5 estrellas
2026-02-23 09:50:40,092 | INFO | extractor_logger | [DEBUG TECNICO] Clasificación en los más vendidos de Amazon: nº197,178 en Hogar y Cocina (Ver el Top 100 en Hogar y Cocina)  nº255 en Deshumidificadores
2026-02-23 09:50:40,124 | INFO | extractor_logger | [DEBUG TECNICO] Producto en amazon.com desde: noviembre 11, 2025
2026-02-23 09:50:43,016 | INFO | extractor_logger | Extracción real completada correctamente.
2026-02-23 09:50:43,024 | INFO | extractor_logger | Iniciando normalización estructurada del producto.
2026-02-23 09:50:43,025 | INFO | extractor_logger | Referencia encontrada (modelo): JD026CE-150PM
2026-02-23 09:50:43,026 | INFO | extractor_logger | Normalización estructurada completada correctamente.
2026-02-23 09:50:43,027 | INFO | extractor_logger | Iniciando capa de traducción.
2026-02-23 09:50:44,703 | INFO | extractor_logger | Traducción completada.
2026-02-23 09:50:44,732 | INFO | extractor_logger | Validacion exitosa del contrato.
2026-02-23 09:50:44,741 | INFO | extractor_logger | Proceso completo finalizado.
2026-02-23 09:54:40,391 | INFO | extractor_logger | URL válida y dominio permitido.
2026-02-23 09:54:40,392 | INFO | extractor_logger | Proveedor detectado: Amazon
2026-02-23 09:54:40,392 | INFO | extractor_logger | Iniciando extracción real Amazon con Playwright.
2026-02-23 09:55:04,078 | INFO | extractor_logger | [PRECIO DETECTADO] US$39.99
2026-02-23 09:55:04,124 | INFO | extractor_logger | [DEBUG BULLETS] Total encontrados: 5
2026-02-23 09:55:04,140 | INFO | extractor_logger | [DEBUG BULLET] Deshumidificación de alta eficiencia: este deshumidificador para el hogar está equipado con semiconductores Peltier termoeléctricos y un tanque de agua de 25 oz (750 ml), el deshumidificador podría absorber hasta 16 oz (450 ml/D) de agua en un ambiente húmedo de 86°F y 80% de HR. Ya no necesitas soportar días húmedos y simplemente disfruta de un ambiente de vida cómodo
2026-02-23 09:55:04,158 | INFO | extractor_logger | [DEBUG BULLET] Ultra silencioso, apto para dormir: muchos deshumidificadores convencionales funcionan con altos niveles de ruido, lo que dificulta conciliar el sueño, mientras que este pequeño deshumidificador con tecnología avanzada Peltier reduce el ruido de funcionamiento a menos de 35 dB sin comprometer la eficiencia de deshumidificación, creando un ambiente ideal para dormir. Es importante elegir deshumidificadores eficientes pero silenciosos para el dormitorio
2026-02-23 09:55:04,178 | INFO | extractor_logger | [DEBUG BULLET] Apagado automático, manténgase seguro: este pequeño deshumidificador para habitación cuenta con una función de apagado automático que dejará de funcionar automáticamente si el tanque de agua está lleno, y parpadeará la luz roja para recordar a los usuarios que vacíen el agua. Este mini deshumidificador es seguro durante 24 horas de funcionamiento continuo
2026-02-23 09:55:04,196 | INFO | extractor_logger | [DEBUG BULLET] Ahorro de energía asequible: este deshumidificador para recámara es eficaz pero ahorra energía y utiliza solo 0.96 KW de electricidad después de funcionar durante 24 horas. Es amigable y más asequible que los deshumidificadores tradicionales para el baño, podrías resolver el mayor problema de humedad por la menor cantidad de dinero
2026-02-23 09:55:04,214 | INFO | extractor_logger | [DEBUG BULLET] Compacto para cada esquina: ningún espacio es demasiado pequeño para este pequeño deshumidificador, el tamaño mini está diseñado para cada rincón que necesites, colócalo en tu mesita de noche o armario, no necesitas soportar los edredones y ropa húmedos, también puedes poner este deshumidificador portátil en tu cocina, baño, armario, oficina, casa rodante... donde lo necesites, ahí estará
2026-02-23 09:55:04,274 | INFO | extractor_logger | [DEBUG TECNICO] Marca: SANVINDER
2026-02-23 09:55:04,306 | INFO | extractor_logger | [DEBUG TECNICO] Área de piso: 320 Pies cuadrados
2026-02-23 09:55:04,359 | INFO | extractor_logger | [DEBUG TECNICO] Color: Negro
2026-02-23 09:55:04,389 | INFO | extractor_logger | [DEBUG TECNICO] Características especiales: Apagado automático, Luz nocturna, Operación silenciosa
2026-02-23 09:55:04,424 | INFO | extractor_logger | [DEBUG TECNICO] Capacidad: 25 Onzas líquidas
2026-02-23 09:55:04,469 | INFO | extractor_logger | [DEBUG TECNICO] Volumen del tanque: 25 Onzas de líquido
2026-02-23 09:55:04,508 | INFO | extractor_logger | [DEBUG TECNICO] Dimensiones del producto: 5,03"prof. x 5,03"an. x 8,38"al. pulgadas
2026-02-23 09:55:04,552 | INFO | extractor_logger | [DEBUG TECNICO] Cantidad de velocidades: 1
2026-02-23 09:55:04,581 | INFO | extractor_logger | [DEBUG TECNICO] Usos Recomendados Para Producto: Inicio
2026-02-23 09:55:04,609 | INFO | extractor_logger | [DEBUG TECNICO] Componentes incluidos: Adaptador, Deshumidificador, Manual de usuario, Manual del Usuario
2026-02-23 09:55:04,639 | INFO | extractor_logger | [DEBUG TECNICO] Peso del artículo: 2,2 Libras
2026-02-23 09:55:04,668 | INFO | extractor_logger | [DEBUG TECNICO] Material: Plástico ABS
2026-02-23 09:55:04,694 | INFO | extractor_logger | [DEBUG TECNICO] Nombre del modelo: DH-CS03
2026-02-23 09:55:04,724 | INFO | extractor_logger | [DEBUG TECNICO] Potencia: 23 vatios
2026-02-23 09:55:04,757 | INFO | extractor_logger | [DEBUG TECNICO] Modo de operación: Estándar
2026-02-23 09:55:04,782 | INFO | extractor_logger | [DEBUG TECNICO] Capacidad de flujo de aire: 1200 Centilitros por segundo
2026-02-23 09:55:04,808 | INFO | extractor_logger | [DEBUG TECNICO] Fabricante: SANVINDER
2026-02-23 09:55:04,841 | INFO | extractor_logger | [DEBUG TECNICO] UPC: 860011529705
2026-02-23 09:55:04,874 | INFO | extractor_logger | [DEBUG TECNICO] ASIN: B0BGN335KB
2026-02-23 09:55:04,908 | INFO | extractor_logger | [DEBUG TECNICO] Número de modelo del producto: DH-CS03
2026-02-23 09:55:04,937 | INFO | extractor_logger | [DEBUG TECNICO] Opinión media de los clientes: 4.3               4.3 de 5 estrellas         

                         (3,471)      
                    
                    var dpAcrHasRegisteredArcLinkClickAction;
                    P.when('A', 'ready').execute(function(A) {
                        if (dpAcrHasRegisteredArcLinkClickAction !== true) {
                            dpAcrHasRegisteredArcLinkClickAction = true;
                            A.declarative(
                                'acrLink-click-metrics', 'click',
                                { "allowLinkDefault": true },
                                function (event) {
                                    if (window.ue) {
                                        ue.count("acrLinkClickCount", (ue.count("acrLinkClickCount") || 0) + 1);
                                    }
                                }
                            );
                        }
                    });
                
                 
            P.when('A', 'cf').execute(function(A) {
                A.declarative('acrStarsLink-click-metrics', 'click', { "allowLinkDefault" : true },  function(event){
                    if(window.ue) {
                        ue.count("acrStarsLinkWithPopoverClickCount", (ue.count("acrStarsLinkWithPopoverClickCount") || 0) + 1);
                    }
                });
            });
        

           
       4.3 de 5 estrellas
2026-02-23 09:55:04,962 | INFO | extractor_logger | [DEBUG TECNICO] Clasificación en los más vendidos de Amazon: nº8,671 en Hogar y Cocina (Ver el Top 100 en Hogar y Cocina)  nº20 en Deshumidificadores
2026-02-23 09:55:04,993 | INFO | extractor_logger | [DEBUG TECNICO] Se requiere ensamblaje: No
2026-02-23 09:55:05,016 | INFO | extractor_logger | [DEBUG TECNICO] Número de piezas: 1
2026-02-23 09:55:05,041 | INFO | extractor_logger | [DEBUG TECNICO] Requiere baterías: No
2026-02-23 09:55:06,780 | INFO | extractor_logger | Extracción real completada correctamente.
2026-02-23 09:55:06,780 | INFO | extractor_logger | DEBUG RETURN BULLETS: ['Deshumidificación de alta eficiencia: este deshumidificador para el hogar está equipado con semiconductores Peltier termoeléctricos y un tanque de agua de 25 oz (750 ml), el deshumidificador podría absorber hasta 16 oz (450 ml/D) de agua en un ambiente húmedo de 86°F y 80% de HR. Ya no necesitas soportar días húmedos y simplemente disfruta de un ambiente de vida cómodo', 'Ultra silencioso, apto para dormir: muchos deshumidificadores convencionales funcionan con altos niveles de ruido, lo que dificulta conciliar el sueño, mientras que este pequeño deshumidificador con tecnología avanzada Peltier reduce el ruido de funcionamiento a menos de 35 dB sin comprometer la eficiencia de deshumidificación, creando un ambiente ideal para dormir. Es importante elegir deshumidificadores eficientes pero silenciosos para el dormitorio', 'Apagado automático, manténgase seguro: este pequeño deshumidificador para habitación cuenta con una función de apagado automático que dejará de funcionar automáticamente si el tanque de agua está lleno, y parpadeará la luz roja para recordar a los usuarios que vacíen el agua. Este mini deshumidificador es seguro durante 24 horas de funcionamiento continuo', 'Ahorro de energía asequible: este deshumidificador para recámara es eficaz pero ahorra energía y utiliza solo 0.96 KW de electricidad después de funcionar durante 24 horas. Es amigable y más asequible que los deshumidificadores tradicionales para el baño, podrías resolver el mayor problema de humedad por la menor cantidad de dinero', 'Compacto para cada esquina: ningún espacio es demasiado pequeño para este pequeño deshumidificador, el tamaño mini está diseñado para cada rincón que necesites, colócalo en tu mesita de noche o armario, no necesitas soportar los edredones y ropa húmedos, también puedes poner este deshumidificador portátil en tu cocina, baño, armario, oficina, casa rodante... donde lo necesites, ahí estará']
2026-02-23 09:55:06,781 | INFO | extractor_logger | Iniciando normalización estructurada del producto.
2026-02-23 09:55:06,781 | INFO | extractor_logger | Referencia encontrada (modelo): DH-CS03
2026-02-23 09:55:06,782 | INFO | extractor_logger | Normalización estructurada completada correctamente.
2026-02-23 09:55:06,783 | INFO | extractor_logger | Iniciando capa de traducción.
2026-02-23 09:55:08,574 | INFO | extractor_logger | Traducción completada.
2026-02-23 09:55:08,603 | INFO | extractor_logger | Validacion exitosa del contrato.
2026-02-23 09:55:08,609 | INFO | extractor_logger | Proceso completo finalizado.
2026-02-23 10:08:24,845 | INFO | extractor_logger | URL válida y dominio permitido.
2026-02-23 10:08:24,847 | INFO | extractor_logger | Proveedor detectado: Amazon
2026-02-23 10:08:24,848 | INFO | extractor_logger | Iniciando extracción real Amazon con Playwright.
2026-02-23 10:08:44,100 | INFO | extractor_logger | [PRECIO DETECTADO] US$509.99
2026-02-23 10:08:44,130 | INFO | extractor_logger | [DEBUG BULLETS] Total encontrados: 5
2026-02-23 10:08:44,175 | INFO | extractor_logger | [DEBUG BULLET] Diseño innovador y moderno: el deshumidificador tiene un diseño simple y elegante que se adapta a la estética moderna. El valor de humedad se muestra en la parte delantera de la unidad, visible desde lejos. El tanque de agua cuenta con una función de visualización, lo que te permite verificar el nivel de agua sin quitar el tanque, mejorando la sensación tecnológica del dispositivo y la experiencia del usuario. Este deshumidificador es una gran opción tanto para el hogar como para la industria.
2026-02-23 10:08:44,187 | INFO | extractor_logger | [DEBUG BULLET] Funcionalidad completa: este deshumidificador ofrece una experiencia de usuario superior con configuraciones personalizables para espacios habitables, sótanos y deshumidificación continua. Puede establecer el nivel de humedad deseado y elegir entre 3 velocidades de viento. La función de oscilación cambia la dirección del viento, mientras que la descongelación automática y los recordatorios de limpieza aseguran un rendimiento óptimo. También cuenta con un temporizador y Control Lock para mayor seguridad y comodidad.
2026-02-23 10:08:44,200 | INFO | extractor_logger | [DEBUG BULLET] Múltiples opciones de drenaje: este deshumidificador ofrece un tanque de 7 litros (1.85 galones) para el drenaje, o puede usar una manguera normal para el drenaje por gravedad. Es el primer deshumidificador doméstico con función de bomba, ideal para sótanos o garajes subterráneos. El deshumidificador de bomba puede drenar hacia arriba (1-5 metros) o descargar la condensación en un fregadero o drenaje de piso más allá del alcance del drenaje por gravedad. Proporcionamos 2 tubos para la función regular y de drenaje de la bomba.
2026-02-23 10:08:44,219 | INFO | extractor_logger | [DEBUG BULLET] Duradero y portátil: nuestros deshumidificadores son duraderos y seguros, con protección contra la temperatura y la sobrecarga. Si la temperatura es demasiado alta o baja, o si el cable excede la corriente segura, el deshumidificador suspenderá automáticamente la operación. El cable de alimentación se puede guardar de manera ordenada, y las ruedas giratorias de 360 grados facilitan el movimiento, permitiéndote llevar el deshumidificador a donde lo necesites.
2026-02-23 10:08:44,276 | INFO | extractor_logger | [DEBUG TECNICO] Marca: Waykar
2026-02-23 10:08:44,310 | INFO | extractor_logger | [DEBUG TECNICO] Área de piso: 7500 Pies cuadrados
2026-02-23 10:08:44,343 | INFO | extractor_logger | [DEBUG TECNICO] Color: Blanco
2026-02-23 10:08:44,377 | INFO | extractor_logger | [DEBUG TECNICO] Características especiales: Control de humedad ajustable, descongelación automática, reinicio automático, bomba incorporada, protección contra sobrecalentamiento, control de humedad ajustable, descongelación automática, reinicio automático, bomba incorporada, protección contra sobrecalentamiento
2026-02-23 10:08:44,411 | INFO | extractor_logger | [DEBUG TECNICO] Capacidad: 150 Pintas
2026-02-23 10:08:44,445 | INFO | extractor_logger | [DEBUG TECNICO] Volumen del tanque: 1,85 Galones
2026-02-23 10:08:44,482 | INFO | extractor_logger | [DEBUG TECNICO] Dimensiones del producto: 11,69"prof. x 24,37"an. x 15,47"al. pulgadas
2026-02-23 10:08:44,512 | INFO | extractor_logger | [DEBUG TECNICO] Cantidad de velocidades: 2
2026-02-23 10:08:44,542 | INFO | extractor_logger | [DEBUG TECNICO] Usos Recomendados Para Producto: Residencial, Sótanos, Casas, Oficinas, Baños, Dormitorios, Cocinas, Almacenes, Salas, Lavanderías
2026-02-23 10:08:44,580 | INFO | extractor_logger | [DEBUG TECNICO] Componentes incluidos: Deshumidificador
2026-02-23 10:08:44,616 | INFO | extractor_logger | [DEBUG TECNICO] Peso del artículo: 39,46 Libras
2026-02-23 10:08:44,639 | INFO | extractor_logger | [DEBUG TECNICO] Material: Plástico
2026-02-23 10:08:44,691 | INFO | extractor_logger | [DEBUG TECNICO] Nombre del modelo: JD026CE-150PM
2026-02-23 10:08:44,715 | INFO | extractor_logger | [DEBUG TECNICO] Potencia: 500 vatios
2026-02-23 10:08:44,739 | INFO | extractor_logger | [DEBUG TECNICO] Modo de operación: Continuo
2026-02-23 10:08:44,760 | INFO | extractor_logger | [DEBUG TECNICO] Capacidad de flujo de aire: 158,8 Pies cúbicos por minuto
2026-02-23 10:08:44,789 | INFO | extractor_logger | [DEBUG TECNICO] Capacidad de eliminación de humedad: 18,75 Galones por día
2026-02-23 10:08:44,819 | INFO | extractor_logger | [DEBUG TECNICO] Fabricante: Waykar
2026-02-23 10:08:44,848 | INFO | extractor_logger | [DEBUG TECNICO] UPC: 684646620442
2026-02-23 10:08:44,878 | INFO | extractor_logger | [DEBUG TECNICO] Año de fabricación: 2025
2026-02-23 10:08:44,910 | INFO | extractor_logger | [DEBUG TECNICO] ASIN: B0G1SKSVN2
2026-02-23 10:08:44,945 | INFO | extractor_logger | [DEBUG TECNICO] Número de modelo del producto: JD026CE-150PM
2026-02-23 10:08:44,972 | INFO | extractor_logger | [DEBUG TECNICO] Opinión media de los clientes: 4.4               4.4 de 5 estrellas         

                         (195)      
                    
                    var dpAcrHasRegisteredArcLinkClickAction;
                    P.when('A', 'ready').execute(function(A) {
                        if (dpAcrHasRegisteredArcLinkClickAction !== true) {
                            dpAcrHasRegisteredArcLinkClickAction = true;
                            A.declarative(
                                'acrLink-click-metrics', 'click',
                                { "allowLinkDefault": true },
                                function (event) {
                                    if (window.ue) {
                                        ue.count("acrLinkClickCount", (ue.count("acrLinkClickCount") || 0) + 1);
                                    }
                                }
                            );
                        }
                    });
                
                 
            P.when('A', 'cf').execute(function(A) {
                A.declarative('acrStarsLink-click-metrics', 'click', { "allowLinkDefault" : true },  function(event){
                    if(window.ue) {
                        ue.count("acrStarsLinkWithPopoverClickCount", (ue.count("acrStarsLinkWithPopoverClickCount") || 0) + 1);
                    }
                });
            });
        

           
       4.4 de 5 estrellas
2026-02-23 10:08:45,017 | INFO | extractor_logger | [DEBUG TECNICO] Clasificación en los más vendidos de Amazon: nº197,178 en Hogar y Cocina (Ver el Top 100 en Hogar y Cocina)  nº255 en Deshumidificadores
2026-02-23 10:08:45,052 | INFO | extractor_logger | [DEBUG TECNICO] Producto en amazon.com desde: noviembre 11, 2025
2026-02-23 10:08:46,211 | INFO | extractor_logger | Extracción real completada correctamente.
2026-02-23 10:08:46,241 | INFO | extractor_logger | Iniciando normalización estructurada del producto.
2026-02-23 10:08:46,245 | INFO | extractor_logger | Referencia encontrada (modelo): JD026CE-150PM
2026-02-23 10:08:46,255 | INFO | extractor_logger | Normalización estructurada completada correctamente.
2026-02-23 10:08:46,261 | INFO | extractor_logger | Iniciando capa de traducción.
2026-02-23 10:08:48,093 | INFO | extractor_logger | Traducción completada.
2026-02-23 10:08:48,120 | INFO | extractor_logger | Validacion exitosa del contrato.
2026-02-23 10:08:48,135 | INFO | extractor_logger | Proceso completo finalizado.
2026-02-23 10:10:12,192 | INFO | extractor_logger | URL válida y dominio permitido.
2026-02-23 10:10:12,194 | INFO | extractor_logger | Proveedor detectado: Amazon
2026-02-23 10:10:12,194 | INFO | extractor_logger | Iniciando extracción real Amazon con Playwright.
2026-02-23 10:10:29,781 | INFO | extractor_logger | [PRECIO DETECTADO] US$39.99
2026-02-23 10:10:29,809 | INFO | extractor_logger | [DEBUG BULLETS] Total encontrados: 5
2026-02-23 10:10:29,821 | INFO | extractor_logger | [DEBUG BULLET] Deshumidificación de alta eficiencia: este deshumidificador para el hogar está equipado con semiconductores Peltier termoeléctricos y un tanque de agua de 25 oz (750 ml), el deshumidificador podría absorber hasta 16 oz (450 ml/D) de agua en un ambiente húmedo de 86°F y 80% de HR. Ya no necesitas soportar días húmedos y simplemente disfruta de un ambiente de vida cómodo
2026-02-23 10:10:29,836 | INFO | extractor_logger | [DEBUG BULLET] Ultra silencioso, apto para dormir: muchos deshumidificadores convencionales funcionan con altos niveles de ruido, lo que dificulta conciliar el sueño, mientras que este pequeño deshumidificador con tecnología avanzada Peltier reduce el ruido de funcionamiento a menos de 35 dB sin comprometer la eficiencia de deshumidificación, creando un ambiente ideal para dormir. Es importante elegir deshumidificadores eficientes pero silenciosos para el dormitorio
2026-02-23 10:10:29,853 | INFO | extractor_logger | [DEBUG BULLET] Apagado automático, manténgase seguro: este pequeño deshumidificador para habitación cuenta con una función de apagado automático que dejará de funcionar automáticamente si el tanque de agua está lleno, y parpadeará la luz roja para recordar a los usuarios que vacíen el agua. Este mini deshumidificador es seguro durante 24 horas de funcionamiento continuo
2026-02-23 10:10:29,864 | INFO | extractor_logger | [DEBUG BULLET] Ahorro de energía asequible: este deshumidificador para recámara es eficaz pero ahorra energía y utiliza solo 0.96 KW de electricidad después de funcionar durante 24 horas. Es amigable y más asequible que los deshumidificadores tradicionales para el baño, podrías resolver el mayor problema de humedad por la menor cantidad de dinero
2026-02-23 10:10:29,877 | INFO | extractor_logger | [DEBUG BULLET] Compacto para cada esquina: ningún espacio es demasiado pequeño para este pequeño deshumidificador, el tamaño mini está diseñado para cada rincón que necesites, colócalo en tu mesita de noche o armario, no necesitas soportar los edredones y ropa húmedos, también puedes poner este deshumidificador portátil en tu cocina, baño, armario, oficina, casa rodante... donde lo necesites, ahí estará
2026-02-23 10:10:29,920 | INFO | extractor_logger | [DEBUG TECNICO] Marca: SANVINDER
2026-02-23 10:10:29,940 | INFO | extractor_logger | [DEBUG TECNICO] Área de piso: 320 Pies cuadrados
2026-02-23 10:10:29,966 | INFO | extractor_logger | [DEBUG TECNICO] Color: Negro
2026-02-23 10:10:29,986 | INFO | extractor_logger | [DEBUG TECNICO] Características especiales: Apagado automático, Luz nocturna, Operación silenciosa
2026-02-23 10:10:30,003 | INFO | extractor_logger | [DEBUG TECNICO] Capacidad: 25 Onzas líquidas
2026-02-23 10:10:30,034 | INFO | extractor_logger | [DEBUG TECNICO] Volumen del tanque: 25 Onzas de líquido
2026-02-23 10:10:30,050 | INFO | extractor_logger | [DEBUG TECNICO] Dimensiones del producto: 5,03"prof. x 5,03"an. x 8,38"al. pulgadas
2026-02-23 10:10:30,077 | INFO | extractor_logger | [DEBUG TECNICO] Cantidad de velocidades: 1
2026-02-23 10:10:30,105 | INFO | extractor_logger | [DEBUG TECNICO] Usos Recomendados Para Producto: Inicio
2026-02-23 10:10:30,130 | INFO | extractor_logger | [DEBUG TECNICO] Componentes incluidos: Adaptador, Deshumidificador, Manual de usuario, Manual del Usuario
2026-02-23 10:10:30,153 | INFO | extractor_logger | [DEBUG TECNICO] Peso del artículo: 2,2 Libras
2026-02-23 10:10:30,177 | INFO | extractor_logger | [DEBUG TECNICO] Material: Plástico ABS
2026-02-23 10:10:30,202 | INFO | extractor_logger | [DEBUG TECNICO] Nombre del modelo: DH-CS03
2026-02-23 10:10:30,222 | INFO | extractor_logger | [DEBUG TECNICO] Potencia: 23 vatios
2026-02-23 10:10:30,287 | INFO | extractor_logger | [DEBUG TECNICO] Modo de operación: Estándar
2026-02-23 10:10:30,332 | INFO | extractor_logger | [DEBUG TECNICO] Capacidad de flujo de aire: 1200 Centilitros por segundo
2026-02-23 10:10:30,348 | INFO | extractor_logger | [DEBUG TECNICO] Fabricante: SANVINDER
2026-02-23 10:10:30,376 | INFO | extractor_logger | [DEBUG TECNICO] UPC: 860011529705
2026-02-23 10:10:30,402 | INFO | extractor_logger | [DEBUG TECNICO] ASIN: B0BGN335KB
2026-02-23 10:10:30,421 | INFO | extractor_logger | [DEBUG TECNICO] Número de modelo del producto: DH-CS03
2026-02-23 10:10:30,445 | INFO | extractor_logger | [DEBUG TECNICO] Opinión media de los clientes: 4.3               4.3 de 5 estrellas         

                         (3,471)      
                    
                    var dpAcrHasRegisteredArcLinkClickAction;
                    P.when('A', 'ready').execute(function(A) {
                        if (dpAcrHasRegisteredArcLinkClickAction !== true) {
                            dpAcrHasRegisteredArcLinkClickAction = true;
                            A.declarative(
                                'acrLink-click-metrics', 'click',
                                { "allowLinkDefault": true },
                                function (event) {
                                    if (window.ue) {
                                        ue.count("acrLinkClickCount", (ue.count("acrLinkClickCount") || 0) + 1);
                                    }
                                }
                            );
                        }
                    });
                
                 
            P.when('A', 'cf').execute(function(A) {
                A.declarative('acrStarsLink-click-metrics', 'click', { "allowLinkDefault" : true },  function(event){
                    if(window.ue) {
                        ue.count("acrStarsLinkWithPopoverClickCount", (ue.count("acrStarsLinkWithPopoverClickCount") || 0) + 1);
                    }
                });
            });
        

           
       4.3 de 5 estrellas
2026-02-23 10:10:30,468 | INFO | extractor_logger | [DEBUG TECNICO] Clasificación en los más vendidos de Amazon: nº8,671 en Hogar y Cocina (Ver el Top 100 en Hogar y Cocina)  nº20 en Deshumidificadores
2026-02-23 10:10:30,489 | INFO | extractor_logger | [DEBUG TECNICO] Se requiere ensamblaje: No
2026-02-23 10:10:30,518 | INFO | extractor_logger | [DEBUG TECNICO] Número de piezas: 1
2026-02-23 10:10:30,538 | INFO | extractor_logger | [DEBUG TECNICO] Requiere baterías: No
2026-02-23 10:10:31,686 | INFO | extractor_logger | Extracción real completada correctamente.
2026-02-23 10:10:31,687 | INFO | extractor_logger | DEBUG RETURN BULLETS: ['Deshumidificación de alta eficiencia: este deshumidificador para el hogar está equipado con semiconductores Peltier termoeléctricos y un tanque de agua de 25 oz (750 ml), el deshumidificador podría absorber hasta 16 oz (450 ml/D) de agua en un ambiente húmedo de 86°F y 80% de HR. Ya no necesitas soportar días húmedos y simplemente disfruta de un ambiente de vida cómodo', 'Ultra silencioso, apto para dormir: muchos deshumidificadores convencionales funcionan con altos niveles de ruido, lo que dificulta conciliar el sueño, mientras que este pequeño deshumidificador con tecnología avanzada Peltier reduce el ruido de funcionamiento a menos de 35 dB sin comprometer la eficiencia de deshumidificación, creando un ambiente ideal para dormir. Es importante elegir deshumidificadores eficientes pero silenciosos para el dormitorio', 'Apagado automático, manténgase seguro: este pequeño deshumidificador para habitación cuenta con una función de apagado automático que dejará de funcionar automáticamente si el tanque de agua está lleno, y parpadeará la luz roja para recordar a los usuarios que vacíen el agua. Este mini deshumidificador es seguro durante 24 horas de funcionamiento continuo', 'Ahorro de energía asequible: este deshumidificador para recámara es eficaz pero ahorra energía y utiliza solo 0.96 KW de electricidad después de funcionar durante 24 horas. Es amigable y más asequible que los deshumidificadores tradicionales para el baño, podrías resolver el mayor problema de humedad por la menor cantidad de dinero', 'Compacto para cada esquina: ningún espacio es demasiado pequeño para este pequeño deshumidificador, el tamaño mini está diseñado para cada rincón que necesites, colócalo en tu mesita de noche o armario, no necesitas soportar los edredones y ropa húmedos, también puedes poner este deshumidificador portátil en tu cocina, baño, armario, oficina, casa rodante... donde lo necesites, ahí estará']
2026-02-23 10:10:31,687 | INFO | extractor_logger | Iniciando normalización estructurada del producto.
2026-02-23 10:10:31,688 | INFO | extractor_logger | Referencia encontrada (modelo): DH-CS03
2026-02-23 10:10:31,688 | INFO | extractor_logger | Normalización estructurada completada correctamente.
2026-02-23 10:10:31,689 | INFO | extractor_logger | Iniciando capa de traducción.
2026-02-23 10:10:33,143 | INFO | extractor_logger | Traducción completada.
2026-02-23 10:10:33,158 | INFO | extractor_logger | Validacion exitosa del contrato.
2026-02-23 10:10:33,162 | INFO | extractor_logger | Proceso completo finalizado.
2026-02-23 10:13:44,171 | INFO | extractor_logger | URL válida y dominio permitido.
2026-02-23 10:13:44,173 | INFO | extractor_logger | Proveedor detectado: Amazon
2026-02-23 10:13:44,173 | INFO | extractor_logger | Iniciando extracción real Amazon con Playwright.
2026-02-23 10:14:00,717 | INFO | extractor_logger | [PRECIO DETECTADO] US$899.99
2026-02-23 10:14:00,766 | INFO | extractor_logger | [DEBUG BULLETS] Total encontrados: 10
2026-02-23 10:14:00,776 | INFO | extractor_logger | [DEBUG BULLET] DJI Autorizado en Estados Unidos – Protección completa de DJI en Estados Unidos | OSMO Pocket 3 – Impresionante video 4K/120fps y sensor CMOS de 1 pulgada – Captura detalles impresionantes con un gran sensor CMOS de 1 pulgada que ofrece imágenes nítidas y vibrantes incluso con poca luz. Graba en cámara lenta de 4K/120fps para momentos cinematográficos ultra suaves.
2026-02-23 10:14:00,794 | INFO | extractor_logger | [DEBUG BULLET] Estabilización sólida de tres ejes: graba imágenes estables y sin sacudidas en cualquier lugar. El cardán avanzado de 3 ejes garantiza una estabilidad de nivel profesional ya sea que estés caminando, corriendo o filmando tomas de acción dinámica.
2026-02-23 10:14:00,808 | INFO | extractor_logger | [DEBUG BULLET] Pantalla táctil OLED giratoria de 2 pulgadas: cambia sin problemas entre disparos horizontales y verticales con la pantalla OLED grande y giratoria. Ajuste sin esfuerzo la configuración, realice un seguimiento de los sujetos y obtenga una vista previa de las tomas con imágenes nítidas.
2026-02-23 10:14:00,820 | INFO | extractor_logger | [DEBUG BULLET] Enfoque rápido de píxeles completos + modo de presentación de productos: bloquea el enfoque en sujetos en movimiento con una precisión ultrarrápida. Perfecto para vlogs y transmisión en vivo, el modo Presentación de productos cambia suavemente el enfoque hacia el primer plano para presentaciones claras y atractivas.
2026-02-23 10:14:00,828 | INFO | extractor_logger | [DEBUG BULLET] Seguimiento más inteligente con ActiveTrack 6.0 – Manténgase en el marco manos libres. Los modos inteligentes como la detección automática de cara y el encuadre dinámico te mantienen perfectamente centrado mientras te mueves, ofreciendo imágenes de calidad profesional con facilidad.
2026-02-23 10:14:00,838 | INFO | extractor_logger | [DEBUG BULLET] Color de grado profesional con D-Log M y HLG de 10 bits: desbloquea la libertad creativa con colores ricos y realistas. Graba hasta mil millones de colores con soporte HDR para una impresionante flexibilidad de posproducción e impresionantes imágenes cinematográficas.
2026-02-23 10:14:00,852 | INFO | extractor_logger | [DEBUG BULLET] Audio nítido en cualquier lugar: captura sonido envolvente con una matriz integrada de 3 micrófonos que reduce el ruido del viento. Conéctate sin problemas a dos transmisores DJI Mic 2 para vlogs de doble persona, entrevistas o eventos en vivo.
2026-02-23 10:14:00,862 | INFO | extractor_logger | [DEBUG BULLET] Compacto, de carga rápida y listo para viajar: el diseño de tamaño de bolsillo cabe en tu mano o bolso, listo para cualquier aventura. Dispara más tiempo con hasta 166 minutos de tiempo de ejecución y recarga un 80% en solo 16 minutos para no perderse ni un momento.
2026-02-23 10:14:00,873 | INFO | extractor_logger | [DEBUG BULLET] En la caja: Osmo Pocket 3 | Cable PD tipo C a tipo C | Cubierta protectora Osmo Pocket 3 | Correa de muñeca DJI | Osmo Pocket 3 Mango con rosca de 1/4 pulgadas
2026-02-23 10:14:00,881 | INFO | extractor_logger | [DEBUG BULLET] El paquete incluye: sistema de micrófono inalámbrico DJI Mic y grabadora de audio
2026-02-23 10:14:01,004 | INFO | extractor_logger | [DEBUG TECNICO] Dimensiones del producto: 1,3 x 1,7 x 5,5 pulgadas
2026-02-23 10:14:01,049 | INFO | extractor_logger | [DEBUG TECNICO] ASIN: B0GKNQ71XH
2026-02-23 10:14:01,066 | INFO | extractor_logger | [DEBUG TECNICO] Número de modelo del producto: E5DJIOSMOPOCK3
2026-02-23 10:14:01,085 | INFO | extractor_logger | [DEBUG TECNICO] Pilas: 1 CR5 necesaria(s), incluida(s)
2026-02-23 10:14:01,105 | INFO | extractor_logger | [DEBUG TECNICO] Clasificación en los más vendidos de Amazon: nº63,586 en Electrónica (Ver el Top 100 en Electrónica)  nº293 en Videocámaras para Deportes y Acción
2026-02-23 10:14:01,126 | INFO | extractor_logger | [DEBUG TECNICO] Producto en amazon.com desde: enero 30, 2026
2026-02-23 10:14:01,150 | INFO | extractor_logger | [DEBUG TECNICO] Fabricante: DJI
2026-02-23 10:14:02,504 | INFO | extractor_logger | Extracción real completada correctamente.
2026-02-23 10:14:02,505 | INFO | extractor_logger | DEBUG RETURN BULLETS: ['DJI Autorizado en Estados Unidos – Protección completa de DJI en Estados Unidos | OSMO Pocket 3 – Impresionante video 4K/120fps y sensor CMOS de 1 pulgada – Captura detalles impresionantes con un gran sensor CMOS de 1 pulgada que ofrece imágenes nítidas y vibrantes incluso con poca luz. Graba en cámara lenta de 4K/120fps para momentos cinematográficos ultra suaves.', 'Estabilización sólida de tres ejes: graba imágenes estables y sin sacudidas en cualquier lugar. El cardán avanzado de 3 ejes garantiza una estabilidad de nivel profesional ya sea que estés caminando, corriendo o filmando tomas de acción dinámica.', 'Pantalla táctil OLED giratoria de 2 pulgadas: cambia sin problemas entre disparos horizontales y verticales con la pantalla OLED grande y giratoria. Ajuste sin esfuerzo la configuración, realice un seguimiento de los sujetos y obtenga una vista previa de las tomas con imágenes nítidas.', 'Enfoque rápido de píxeles completos + modo de presentación de productos: bloquea el enfoque en sujetos en movimiento con una precisión ultrarrápida. Perfecto para vlogs y transmisión en vivo, el modo Presentación de productos cambia suavemente el enfoque hacia el primer plano para presentaciones claras y atractivas.', 'Seguimiento más inteligente con ActiveTrack 6.0 – Manténgase en el marco manos libres. Los modos inteligentes como la detección automática de cara y el encuadre dinámico te mantienen perfectamente centrado mientras te mueves, ofreciendo imágenes de calidad profesional con facilidad.', 'Color de grado profesional con D-Log M y HLG de 10 bits: desbloquea la libertad creativa con colores ricos y realistas. Graba hasta mil millones de colores con soporte HDR para una impresionante flexibilidad de posproducción e impresionantes imágenes cinematográficas.', 'Audio nítido en cualquier lugar: captura sonido envolvente con una matriz integrada de 3 micrófonos que reduce el ruido del viento. Conéctate sin problemas a dos transmisores DJI Mic 2 para vlogs de doble persona, entrevistas o eventos en vivo.', 'Compacto, de carga rápida y listo para viajar: el diseño de tamaño de bolsillo cabe en tu mano o bolso, listo para cualquier aventura. Dispara más tiempo con hasta 166 minutos de tiempo de ejecución y recarga un 80% en solo 16 minutos para no perderse ni un momento.', 'En la caja: Osmo Pocket 3 | Cable PD tipo C a tipo C | Cubierta protectora Osmo Pocket 3 | Correa de muñeca DJI | Osmo Pocket 3 Mango con rosca de 1/4 pulgadas', 'El paquete incluye: sistema de micrófono inalámbrico DJI Mic y grabadora de audio']
2026-02-23 10:14:02,506 | INFO | extractor_logger | Iniciando normalización estructurada del producto.
2026-02-23 10:14:02,506 | INFO | extractor_logger | Referencia encontrada (modelo): E5DJIOSMOPOCK3
2026-02-23 10:14:02,507 | INFO | extractor_logger | Normalización estructurada completada correctamente.
2026-02-23 10:14:02,507 | INFO | extractor_logger | Iniciando capa de traducción.
2026-02-23 10:14:04,118 | INFO | extractor_logger | Traducción completada.
2026-02-23 10:14:04,132 | INFO | extractor_logger | Validacion exitosa del contrato.
2026-02-23 10:14:04,136 | INFO | extractor_logger | Proceso completo finalizado.
2026-02-23 10:15:11,263 | INFO | extractor_logger | URL válida y dominio permitido.
2026-02-23 10:15:11,265 | INFO | extractor_logger | Proveedor detectado: Amazon
2026-02-23 10:15:11,265 | INFO | extractor_logger | Iniciando extracción real Amazon con Playwright.
2026-02-23 10:15:28,094 | INFO | extractor_logger | [PRECIO DETECTADO] US$259.00
2026-02-23 10:15:28,122 | INFO | extractor_logger | [DEBUG BULLETS] Total encontrados: 7
2026-02-23 10:15:28,138 | INFO | extractor_logger | [DEBUG BULLET] Ligero e intuitivo, almacenamiento compacto [9] - Llévalo a cualquier lugar: este micrófono inalámbrico cabe en tu bolsillo o bolso, listo para vlogs de viaje, entrevistas callejeras o capturar ideas sobre la marcha.
2026-02-23 10:15:28,150 | INFO | extractor_logger | [DEBUG BULLET] Capacidad de 4TX + 8RX y salida de cuatro canales [1] - El receptor de este micrófono lavalier puede emparejarse con 4 TX y sincronizar audio a 7 RX adicionales, ideal para podcasts o entrevistas grupales.
2026-02-23 10:15:28,168 | INFO | extractor_logger | [DEBUG BULLET] Audio constante y equilibrado en cada escena: ya sea que estés susurrando o gritando, el control de ganancia adaptativa de este micrófono inalámbrico [5] mantiene tu audio nítido en cafés concurridos o aventuras al aire libre.
2026-02-23 10:15:28,182 | INFO | extractor_logger | [DEBUG BULLET] Suena lo mejor, en cualquier lugar que grabes: elige entre tres tonos de voz [3] y dos niveles de cancelación de ruido [5] de este micrófono inalámbrico para que coincida con tu ambiente, reduce el ruido en estudios, parques o calles de la ciudad.
2026-02-23 10:15:28,203 | INFO | extractor_logger | [DEBUG BULLET] Audio nítido, incluso en espacios concurridos: el antiinterferencias de doble banda [2] de este micrófono inalámbrico garantiza una transmisión de audio impecable y sin pérdidas, incluso en eventos en vivo o en oficinas ocupadas.
2026-02-23 10:15:28,215 | INFO | extractor_logger | [DEBUG BULLET] Nunca pierda una toma con la copia de seguridad de grado profesional: ¿Preocupado por el recorte de audio o las tomas faltantes? La grabación interna flotante de 32 bits de doble archivo de este micrófono inalámbrico captura cada detalle para tu tranquilidad.
2026-02-23 10:15:28,228 | INFO | extractor_logger | [DEBUG BULLET] Incluye dos DJI Mic 3 TX, un RX, un estuche de carga, un adaptador de teléfono móvil Mic 3 (USB-C) y más. Graba dos voces fácilmente y mantente alimentado hasta 28 horas de filmación.
2026-02-23 10:15:28,276 | INFO | extractor_logger | [DEBUG TECNICO] Dimensiones del producto: 4,21 x 2,32 x 1,69 pulgadas
2026-02-23 10:15:28,294 | INFO | extractor_logger | [DEBUG TECNICO] ASIN: B0F995J8FR
2026-02-23 10:15:28,326 | INFO | extractor_logger | [DEBUG TECNICO] Número de modelo del producto: 6937224116344
2026-02-23 10:15:28,351 | INFO | extractor_logger | [DEBUG TECNICO] Pilas: 4 C necesaria(s), incluida(s)
2026-02-23 10:15:28,380 | INFO | extractor_logger | [DEBUG TECNICO] Opinión media de los clientes: 4.6               4.6 de 5 estrellas         

                         (1,013)      
                    
                    var dpAcrHasRegisteredArcLinkClickAction;
                    P.when('A', 'ready').execute(function(A) {
                        if (dpAcrHasRegisteredArcLinkClickAction !== true) {
                            dpAcrHasRegisteredArcLinkClickAction = true;
                            A.declarative(
                                'acrLink-click-metrics', 'click',
                                { "allowLinkDefault": true },
                                function (event) {
                                    if (window.ue) {
                                        ue.count("acrLinkClickCount", (ue.count("acrLinkClickCount") || 0) + 1);
                                    }
                                }
                            );
                        }
                    });
                
                 
            P.when('A', 'cf').execute(function(A) {
                A.declarative('acrStarsLink-click-metrics', 'click', { "allowLinkDefault" : true },  function(event){
                    if(window.ue) {
                        ue.count("acrStarsLinkWithPopoverClickCount", (ue.count("acrStarsLinkWithPopoverClickCount") || 0) + 1);
                    }
                });
            });
        

           
       4.6 de 5 estrellas
2026-02-23 10:15:28,408 | INFO | extractor_logger | [DEBUG TECNICO] Clasificación en los más vendidos de Amazon: nº43 en Instrumentos Musicales (Ver el Top 100 en Instrumentos Musicales)  nº2 en Transmisores de Micrófonos Inalámbricos
2026-02-23 10:15:28,444 | INFO | extractor_logger | [DEBUG TECNICO] Producto en amazon.com desde: agosto 28, 2025
2026-02-23 10:15:28,471 | INFO | extractor_logger | [DEBUG TECNICO] Fabricante: DJI
2026-02-23 10:15:29,593 | INFO | extractor_logger | Extracción real completada correctamente.
2026-02-23 10:15:29,593 | INFO | extractor_logger | DEBUG RETURN BULLETS: ['Ligero e intuitivo, almacenamiento compacto [9] - Llévalo a cualquier lugar: este micrófono inalámbrico cabe en tu bolsillo o bolso, listo para vlogs de viaje, entrevistas callejeras o capturar ideas sobre la marcha.', 'Capacidad de 4TX + 8RX y salida de cuatro canales [1] - El receptor de este micrófono lavalier puede emparejarse con 4 TX y sincronizar audio a 7 RX adicionales, ideal para podcasts o entrevistas grupales.', 'Audio constante y equilibrado en cada escena: ya sea que estés susurrando o gritando, el control de ganancia adaptativa de este micrófono inalámbrico [5] mantiene tu audio nítido en cafés concurridos o aventuras al aire libre.', 'Suena lo mejor, en cualquier lugar que grabes: elige entre tres tonos de voz [3] y dos niveles de cancelación de ruido [5] de este micrófono inalámbrico para que coincida con tu ambiente, reduce el ruido en estudios, parques o calles de la ciudad.', 'Audio nítido, incluso en espacios concurridos: el antiinterferencias de doble banda [2] de este micrófono inalámbrico garantiza una transmisión de audio impecable y sin pérdidas, incluso en eventos en vivo o en oficinas ocupadas.', 'Nunca pierda una toma con la copia de seguridad de grado profesional: ¿Preocupado por el recorte de audio o las tomas faltantes? La grabación interna flotante de 32 bits de doble archivo de este micrófono inalámbrico captura cada detalle para tu tranquilidad.', 'Incluye dos DJI Mic 3 TX, un RX, un estuche de carga, un adaptador de teléfono móvil Mic 3 (USB-C) y más. Graba dos voces fácilmente y mantente alimentado hasta 28 horas de filmación.']
2026-02-23 10:15:29,594 | INFO | extractor_logger | Iniciando normalización estructurada del producto.
2026-02-23 10:15:29,594 | INFO | extractor_logger | Referencia encontrada (modelo): 6937224116344
2026-02-23 10:15:29,595 | INFO | extractor_logger | Normalización estructurada completada correctamente.
2026-02-23 10:15:29,595 | INFO | extractor_logger | Iniciando capa de traducción.
2026-02-23 10:15:31,047 | INFO | extractor_logger | Traducción completada.
2026-02-23 10:15:31,061 | INFO | extractor_logger | Validacion exitosa del contrato.
2026-02-23 10:15:31,065 | INFO | extractor_logger | Proceso completo finalizado.
2026-02-23 10:25:57,917 | INFO | extractor_logger | URL válida y dominio permitido.
2026-02-23 10:25:57,919 | INFO | extractor_logger | Proveedor detectado: Amazon
2026-02-23 10:25:57,920 | INFO | extractor_logger | Iniciando extracción real Amazon con Playwright.
2026-02-23 10:26:13,070 | INFO | extractor_logger | [PRECIO DETECTADO] US$721.99
2026-02-23 10:26:13,092 | INFO | extractor_logger | [DEBUG BULLETS] Total encontrados: 10
2026-02-23 10:26:13,104 | INFO | extractor_logger | [DEBUG BULLET] Impulsado por la arquitectura NVIDIA Blackwell y DLSS 4
2026-02-23 10:26:13,112 | INFO | extractor_logger | [DEBUG BULLET] Tarjeta GeForce para entusiastas lista para SFF compatible con construcciones de factor de forma pequeño
2026-02-23 10:26:13,123 | INFO | extractor_logger | [DEBUG BULLET] Los ventiladores de tecnología axial cuentan con un cubo de ventilador más pequeño que facilita aspas más largas y un anillo de barrera que aumenta la presión de aire hacia abajo
2026-02-23 10:26:13,137 | INFO | extractor_logger | [DEBUG BULLET] La almohadilla térmica de GPU de cambio de fase ayuda a garantizar una transferencia de calor óptima, reduciendo las temperaturas de la GPU para mejorar el rendimiento y la fiabilidad
2026-02-23 10:26:13,147 | INFO | extractor_logger | [DEBUG BULLET] El diseño de 2.5 ranuras permite una mayor compatibilidad de construcción mientras mantiene el rendimiento de refrigeración
2026-02-23 10:26:13,163 | INFO | extractor_logger | [DEBUG BULLET] Los rodamientos de ventilador de doble bola pueden durar hasta el doble de tiempo que los rodamientos de manga estándar
2026-02-23 10:26:13,179 | INFO | extractor_logger | [DEBUG BULLET] La tecnología 0dB te permite disfrutar de juegos ligeros en relativo silencio
2026-02-23 10:26:13,198 | INFO | extractor_logger | [DEBUG BULLET] El conmutador BIOS dual le permite alternar entre los perfiles de BIOS silencioso y de rendimiento
2026-02-23 10:26:13,209 | INFO | extractor_logger | [DEBUG BULLET] Proceso de fabricación Auto-Extreme para precisión y fiabilidad
2026-02-23 10:26:13,216 | INFO | extractor_logger | [DEBUG BULLET] El software GPU Tweak III proporciona ajustes de rendimiento intuitivos, control térmico avanzado y monitoreo del sistema
2026-02-23 10:26:14,704 | INFO | extractor_logger | Extracción real completada correctamente.
2026-02-23 10:26:14,704 | INFO | extractor_logger | DEBUG RETURN BULLETS: ['Impulsado por la arquitectura NVIDIA Blackwell y DLSS 4', 'Tarjeta GeForce para entusiastas lista para SFF compatible con construcciones de factor de forma pequeño', 'Los ventiladores de tecnología axial cuentan con un cubo de ventilador más pequeño que facilita aspas más largas y un anillo de barrera que aumenta la presión de aire hacia abajo', 'La almohadilla térmica de GPU de cambio de fase ayuda a garantizar una transferencia de calor óptima, reduciendo las temperaturas de la GPU para mejorar el rendimiento y la fiabilidad', 'El diseño de 2.5 ranuras permite una mayor compatibilidad de construcción mientras mantiene el rendimiento de refrigeración', 'Los rodamientos de ventilador de doble bola pueden durar hasta el doble de tiempo que los rodamientos de manga estándar', 'La tecnología 0dB te permite disfrutar de juegos ligeros en relativo silencio', 'El conmutador BIOS dual le permite alternar entre los perfiles de BIOS silencioso y de rendimiento', 'Proceso de fabricación Auto-Extreme para precisión y fiabilidad', 'El software GPU Tweak III proporciona ajustes de rendimiento intuitivos, control térmico avanzado y monitoreo del sistema']
2026-02-23 10:26:14,705 | INFO | extractor_logger | Iniciando normalización estructurada del producto.
2026-02-23 10:26:14,705 | INFO | extractor_logger | Referencia encontrada (ASIN URL fallback): B0DS6WPTLL
2026-02-23 10:26:14,706 | INFO | extractor_logger | Normalización estructurada completada correctamente.
2026-02-23 10:26:14,706 | INFO | extractor_logger | Iniciando capa de traducción.
2026-02-23 10:26:17,379 | INFO | extractor_logger | Traducción completada.
2026-02-23 10:26:17,394 | INFO | extractor_logger | Validacion exitosa del contrato.
2026-02-23 10:26:17,399 | INFO | extractor_logger | Proceso completo finalizado.
2026-02-23 10:28:27,617 | INFO | extractor_logger | URL válida y dominio permitido.
2026-02-23 10:28:27,618 | INFO | extractor_logger | Proveedor detectado: Amazon
2026-02-23 10:28:27,618 | INFO | extractor_logger | Iniciando extracción real Amazon con Playwright.
2026-02-23 10:28:46,681 | INFO | extractor_logger | [PRECIO DETECTADO] US$721.99
2026-02-23 10:28:46,712 | INFO | extractor_logger | [DEBUG BULLETS] Total encontrados: 10
2026-02-23 10:28:46,730 | INFO | extractor_logger | [DEBUG BULLET] Impulsado por la arquitectura NVIDIA Blackwell y DLSS 4
2026-02-23 10:28:46,740 | INFO | extractor_logger | [DEBUG BULLET] Tarjeta GeForce para entusiastas lista para SFF compatible con construcciones de factor de forma pequeño
2026-02-23 10:28:46,753 | INFO | extractor_logger | [DEBUG BULLET] Los ventiladores de tecnología axial cuentan con un cubo de ventilador más pequeño que facilita aspas más largas y un anillo de barrera que aumenta la presión de aire hacia abajo
2026-02-23 10:28:46,765 | INFO | extractor_logger | [DEBUG BULLET] La almohadilla térmica de GPU de cambio de fase ayuda a garantizar una transferencia de calor óptima, reduciendo las temperaturas de la GPU para mejorar el rendimiento y la fiabilidad
2026-02-23 10:28:46,774 | INFO | extractor_logger | [DEBUG BULLET] El diseño de 2.5 ranuras permite una mayor compatibilidad de construcción mientras mantiene el rendimiento de refrigeración
2026-02-23 10:28:46,786 | INFO | extractor_logger | [DEBUG BULLET] Los rodamientos de ventilador de doble bola pueden durar hasta el doble de tiempo que los rodamientos de manga estándar
2026-02-23 10:28:46,798 | INFO | extractor_logger | [DEBUG BULLET] La tecnología 0dB te permite disfrutar de juegos ligeros en relativo silencio
2026-02-23 10:28:46,814 | INFO | extractor_logger | [DEBUG BULLET] El conmutador BIOS dual le permite alternar entre los perfiles de BIOS silencioso y de rendimiento
2026-02-23 10:28:46,832 | INFO | extractor_logger | [DEBUG BULLET] Proceso de fabricación Auto-Extreme para precisión y fiabilidad
2026-02-23 10:28:46,845 | INFO | extractor_logger | [DEBUG BULLET] El software GPU Tweak III proporciona ajustes de rendimiento intuitivos, control térmico avanzado y monitoreo del sistema
2026-02-23 10:28:48,424 | INFO | extractor_logger | Extracción real completada correctamente.
2026-02-23 10:28:48,424 | INFO | extractor_logger | DEBUG RETURN BULLETS: ['Impulsado por la arquitectura NVIDIA Blackwell y DLSS 4', 'Tarjeta GeForce para entusiastas lista para SFF compatible con construcciones de factor de forma pequeño', 'Los ventiladores de tecnología axial cuentan con un cubo de ventilador más pequeño que facilita aspas más largas y un anillo de barrera que aumenta la presión de aire hacia abajo', 'La almohadilla térmica de GPU de cambio de fase ayuda a garantizar una transferencia de calor óptima, reduciendo las temperaturas de la GPU para mejorar el rendimiento y la fiabilidad', 'El diseño de 2.5 ranuras permite una mayor compatibilidad de construcción mientras mantiene el rendimiento de refrigeración', 'Los rodamientos de ventilador de doble bola pueden durar hasta el doble de tiempo que los rodamientos de manga estándar', 'La tecnología 0dB te permite disfrutar de juegos ligeros en relativo silencio', 'El conmutador BIOS dual le permite alternar entre los perfiles de BIOS silencioso y de rendimiento', 'Proceso de fabricación Auto-Extreme para precisión y fiabilidad', 'El software GPU Tweak III proporciona ajustes de rendimiento intuitivos, control térmico avanzado y monitoreo del sistema']
2026-02-23 10:28:48,424 | INFO | extractor_logger | Iniciando normalización estructurada del producto.
2026-02-23 10:28:48,425 | INFO | extractor_logger | Referencia encontrada (ASIN URL fallback): B0DS6WPTLL
2026-02-23 10:28:48,425 | INFO | extractor_logger | Normalización estructurada completada correctamente.
2026-02-23 10:28:48,426 | INFO | extractor_logger | Iniciando capa de traducción.
2026-02-23 10:28:49,848 | INFO | extractor_logger | Traducción completada.
2026-02-23 10:28:49,863 | INFO | extractor_logger | Validacion exitosa del contrato.
2026-02-23 10:28:49,867 | INFO | extractor_logger | Proceso completo finalizado.
2026-02-23 12:13:55,231 | INFO | extractor_logger | URL válida y dominio permitido.
2026-02-23 12:13:55,233 | INFO | extractor_logger | Proveedor detectado: Amazon
2026-02-23 12:13:55,234 | INFO | extractor_logger | Iniciando extracción real Amazon con Playwright.
2026-02-23 12:14:15,807 | INFO | extractor_logger | [PRECIO DETECTADO] US$721.99
2026-02-23 12:14:15,857 | INFO | extractor_logger | [DEBUG BULLETS] Total encontrados: 10
2026-02-23 12:14:15,880 | INFO | extractor_logger | [DEBUG BULLET] Impulsado por la arquitectura NVIDIA Blackwell y DLSS 4
2026-02-23 12:14:15,921 | INFO | extractor_logger | [DEBUG BULLET] Tarjeta GeForce para entusiastas lista para SFF compatible con construcciones de factor de forma pequeño
2026-02-23 12:14:15,962 | INFO | extractor_logger | [DEBUG BULLET] Los ventiladores de tecnología axial cuentan con un cubo de ventilador más pequeño que facilita aspas más largas y un anillo de barrera que aumenta la presión de aire hacia abajo
2026-02-23 12:14:15,980 | INFO | extractor_logger | [DEBUG BULLET] La almohadilla térmica de GPU de cambio de fase ayuda a garantizar una transferencia de calor óptima, reduciendo las temperaturas de la GPU para mejorar el rendimiento y la fiabilidad
2026-02-23 12:14:16,003 | INFO | extractor_logger | [DEBUG BULLET] El diseño de 2.5 ranuras permite una mayor compatibilidad de construcción mientras mantiene el rendimiento de refrigeración
2026-02-23 12:14:16,475 | INFO | extractor_logger | [DEBUG BULLET] Los rodamientos de ventilador de doble bola pueden durar hasta el doble de tiempo que los rodamientos de manga estándar
2026-02-23 12:14:16,536 | INFO | extractor_logger | [DEBUG BULLET] La tecnología 0dB te permite disfrutar de juegos ligeros en relativo silencio
2026-02-23 12:14:16,570 | INFO | extractor_logger | [DEBUG BULLET] El conmutador BIOS dual le permite alternar entre los perfiles de BIOS silencioso y de rendimiento
2026-02-23 12:14:16,614 | INFO | extractor_logger | [DEBUG BULLET] Proceso de fabricación Auto-Extreme para precisión y fiabilidad
2026-02-23 12:14:16,628 | INFO | extractor_logger | [DEBUG BULLET] El software GPU Tweak III proporciona ajustes de rendimiento intuitivos, control térmico avanzado y monitoreo del sistema
2026-02-23 12:14:19,920 | INFO | extractor_logger | Extracción real completada correctamente.
2026-02-23 12:14:19,920 | INFO | extractor_logger | DEBUG RETURN BULLETS: ['Impulsado por la arquitectura NVIDIA Blackwell y DLSS 4', 'Tarjeta GeForce para entusiastas lista para SFF compatible con construcciones de factor de forma pequeño', 'Los ventiladores de tecnología axial cuentan con un cubo de ventilador más pequeño que facilita aspas más largas y un anillo de barrera que aumenta la presión de aire hacia abajo', 'La almohadilla térmica de GPU de cambio de fase ayuda a garantizar una transferencia de calor óptima, reduciendo las temperaturas de la GPU para mejorar el rendimiento y la fiabilidad', 'El diseño de 2.5 ranuras permite una mayor compatibilidad de construcción mientras mantiene el rendimiento de refrigeración', 'Los rodamientos de ventilador de doble bola pueden durar hasta el doble de tiempo que los rodamientos de manga estándar', 'La tecnología 0dB te permite disfrutar de juegos ligeros en relativo silencio', 'El conmutador BIOS dual le permite alternar entre los perfiles de BIOS silencioso y de rendimiento', 'Proceso de fabricación Auto-Extreme para precisión y fiabilidad', 'El software GPU Tweak III proporciona ajustes de rendimiento intuitivos, control térmico avanzado y monitoreo del sistema']
2026-02-23 12:14:19,922 | INFO | extractor_logger | Iniciando normalización estructurada del producto.
2026-02-23 12:14:19,922 | INFO | extractor_logger | Referencia encontrada (ASIN URL fallback): B0DS6WPTLL
2026-02-23 12:14:19,923 | INFO | extractor_logger | Normalización estructurada completada correctamente.
2026-02-23 12:14:19,923 | INFO | extractor_logger | Iniciando capa de traducción.
2026-02-23 12:14:21,557 | INFO | extractor_logger | Traducción completada.
2026-02-23 12:14:21,589 | INFO | extractor_logger | Validacion exitosa del contrato.
2026-02-23 12:14:21,600 | INFO | extractor_logger | Proceso completo finalizado.
2026-02-23 12:56:07,590 | INFO | extractor_logger | URL vÃ¡lida y dominio permitido.
2026-02-23 12:56:07,594 | INFO | extractor_logger | Proveedor detectado: Amazon
2026-02-23 12:56:07,594 | INFO | extractor_logger | Iniciando extracciÃ³n real Amazon con Playwright.
2026-02-23 12:56:25,392 | INFO | extractor_logger | [PRECIO DETECTADO] US$721.99
2026-02-23 12:56:25,421 | INFO | extractor_logger | [DEBUG BULLETS] Total encontrados: 10
2026-02-23 12:56:25,432 | INFO | extractor_logger | [DEBUG BULLET] Impulsado por la arquitectura NVIDIA Blackwell y DLSS 4
2026-02-23 12:56:25,447 | INFO | extractor_logger | [DEBUG BULLET] Tarjeta GeForce para entusiastas lista para SFF compatible con construcciones de factor de forma pequeÃ±o
2026-02-23 12:56:25,463 | INFO | extractor_logger | [DEBUG BULLET] Los ventiladores de tecnologÃ­a axial cuentan con un cubo de ventilador mÃ¡s pequeÃ±o que facilita aspas mÃ¡s largas y un anillo de barrera que aumenta la presiÃ³n de aire hacia abajo
2026-02-23 12:56:25,478 | INFO | extractor_logger | [DEBUG BULLET] La almohadilla tÃ©rmica de GPU de cambio de fase ayuda a garantizar una transferencia de calor Ã³ptima, reduciendo las temperaturas de la GPU para mejorar el rendimiento y la fiabilidad
2026-02-23 12:56:25,501 | INFO | extractor_logger | [DEBUG BULLET] El diseÃ±o de 2.5 ranuras permite una mayor compatibilidad de construcciÃ³n mientras mantiene el rendimiento de refrigeraciÃ³n
2026-02-23 12:56:25,521 | INFO | extractor_logger | [DEBUG BULLET] Los rodamientos de ventilador de doble bola pueden durar hasta el doble de tiempo que los rodamientos de manga estÃ¡ndar
2026-02-23 12:56:25,532 | INFO | extractor_logger | [DEBUG BULLET] La tecnologÃ­a 0dB te permite disfrutar de juegos ligeros en relativo silencio
2026-02-23 12:56:25,546 | INFO | extractor_logger | [DEBUG BULLET] El conmutador BIOS dual le permite alternar entre los perfiles de BIOS silencioso y de rendimiento
2026-02-23 12:56:25,572 | INFO | extractor_logger | [DEBUG BULLET] Proceso de fabricaciÃ³n Auto-Extreme para precisiÃ³n y fiabilidad
2026-02-23 12:56:25,590 | INFO | extractor_logger | [DEBUG BULLET] El software GPU Tweak III proporciona ajustes de rendimiento intuitivos, control tÃ©rmico avanzado y monitoreo del sistema
2026-02-23 12:56:25,652 | INFO | extractor_logger | [DEBUG TECNICO] MÃ¡xima resoluciÃ³n de pantalla: â€Ž7680x4320 Pixels
2026-02-23 12:56:25,764 | INFO | extractor_logger | [DEBUG TECNICO] Velocidad de memoria: â€Ž4000 MHz
2026-02-23 12:56:25,807 | INFO | extractor_logger | [DEBUG TECNICO] Coprocesador de grÃ¡ficos: â€ŽNVIDIA GeForce RTX 5070
2026-02-23 12:56:25,836 | INFO | extractor_logger | [DEBUG TECNICO] Marca Chipset: â€ŽNVIDIA
2026-02-23 12:56:25,883 | INFO | extractor_logger | [DEBUG TECNICO] DescripciÃ³n de la tarjeta: â€ŽDedicado
2026-02-23 12:56:25,932 | INFO | extractor_logger | [DEBUG TECNICO] TamaÃ±o de RAM de la tarjeta grÃ¡fica: â€Ž12 GB
2026-02-23 12:56:27,075 | INFO | extractor_logger | ExtracciÃ³n real completada correctamente.
2026-02-23 12:56:27,075 | INFO | extractor_logger | DEBUG RETURN BULLETS: ['Impulsado por la arquitectura NVIDIA Blackwell y DLSS 4', 'Tarjeta GeForce para entusiastas lista para SFF compatible con construcciones de factor de forma pequeÃ±o', 'Los ventiladores de tecnologÃ­a axial cuentan con un cubo de ventilador mÃ¡s pequeÃ±o que facilita aspas mÃ¡s largas y un anillo de barrera que aumenta la presiÃ³n de aire hacia abajo', 'La almohadilla tÃ©rmica de GPU de cambio de fase ayuda a garantizar una transferencia de calor Ã³ptima, reduciendo las temperaturas de la GPU para mejorar el rendimiento y la fiabilidad', 'El diseÃ±o de 2.5 ranuras permite una mayor compatibilidad de construcciÃ³n mientras mantiene el rendimiento de refrigeraciÃ³n', 'Los rodamientos de ventilador de doble bola pueden durar hasta el doble de tiempo que los rodamientos de manga estÃ¡ndar', 'La tecnologÃ­a 0dB te permite disfrutar de juegos ligeros en relativo silencio', 'El conmutador BIOS dual le permite alternar entre los perfiles de BIOS silencioso y de rendimiento', 'Proceso de fabricaciÃ³n Auto-Extreme para precisiÃ³n y fiabilidad', 'El software GPU Tweak III proporciona ajustes de rendimiento intuitivos, control tÃ©rmico avanzado y monitoreo del sistema']
2026-02-23 12:56:27,076 | INFO | extractor_logger | Iniciando normalizaciÃ³n estructurada del producto.
2026-02-23 12:56:27,077 | INFO | extractor_logger | Referencia encontrada (ASIN URL fallback): B0DS6WPTLL
2026-02-23 12:56:27,077 | INFO | extractor_logger | NormalizaciÃ³n estructurada completada correctamente.
2026-02-23 12:56:27,077 | INFO | extractor_logger | Iniciando capa de traducciÃ³n.
2026-02-23 12:56:28,854 | INFO | extractor_logger | TraducciÃ³n completada.
2026-02-23 12:56:28,869 | INFO | extractor_logger | Validacion exitosa del contrato.
2026-02-23 12:56:28,875 | INFO | extractor_logger | Proceso completo finalizado.
2026-02-23 12:56:59,520 | INFO | extractor_logger | URL vÃ¡lida y dominio permitido.
2026-02-23 12:56:59,524 | INFO | extractor_logger | Proveedor detectado: Amazon
2026-02-23 12:56:59,524 | INFO | extractor_logger | Iniciando extracciÃ³n real Amazon con Playwright.
2026-02-23 12:57:17,495 | INFO | extractor_logger | [PRECIO DETECTADO] US$721.99
2026-02-23 12:57:17,550 | INFO | extractor_logger | [DEBUG BULLETS] Total encontrados: 10
2026-02-23 12:57:17,565 | INFO | extractor_logger | [DEBUG BULLET] Impulsado por la arquitectura NVIDIA Blackwell y DLSS 4
2026-02-23 12:57:17,581 | INFO | extractor_logger | [DEBUG BULLET] Tarjeta GeForce para entusiastas lista para SFF compatible con construcciones de factor de forma pequeÃ±o
2026-02-23 12:57:17,603 | INFO | extractor_logger | [DEBUG BULLET] Los ventiladores de tecnologÃ­a axial cuentan con un cubo de ventilador mÃ¡s pequeÃ±o que facilita aspas mÃ¡s largas y un anillo de barrera que aumenta la presiÃ³n de aire hacia abajo
2026-02-23 12:57:17,626 | INFO | extractor_logger | [DEBUG BULLET] La almohadilla tÃ©rmica de GPU de cambio de fase ayuda a garantizar una transferencia de calor Ã³ptima, reduciendo las temperaturas de la GPU para mejorar el rendimiento y la fiabilidad
2026-02-23 12:57:17,647 | INFO | extractor_logger | [DEBUG BULLET] El diseÃ±o de 2.5 ranuras permite una mayor compatibilidad de construcciÃ³n mientras mantiene el rendimiento de refrigeraciÃ³n
2026-02-23 12:57:17,693 | INFO | extractor_logger | [DEBUG BULLET] Los rodamientos de ventilador de doble bola pueden durar hasta el doble de tiempo que los rodamientos de manga estÃ¡ndar
2026-02-23 12:57:17,776 | INFO | extractor_logger | [DEBUG BULLET] La tecnologÃ­a 0dB te permite disfrutar de juegos ligeros en relativo silencio
2026-02-23 12:57:17,797 | INFO | extractor_logger | [DEBUG BULLET] El conmutador BIOS dual le permite alternar entre los perfiles de BIOS silencioso y de rendimiento
2026-02-23 12:57:17,813 | INFO | extractor_logger | [DEBUG BULLET] Proceso de fabricaciÃ³n Auto-Extreme para precisiÃ³n y fiabilidad
2026-02-23 12:57:17,831 | INFO | extractor_logger | [DEBUG BULLET] El software GPU Tweak III proporciona ajustes de rendimiento intuitivos, control tÃ©rmico avanzado y monitoreo del sistema
2026-02-23 12:57:17,895 | INFO | extractor_logger | [DEBUG TECNICO] MÃ¡xima resoluciÃ³n de pantalla: â€Ž7680x4320 Pixels
2026-02-23 12:57:17,948 | INFO | extractor_logger | [DEBUG TECNICO] Velocidad de memoria: â€Ž4000 MHz
2026-02-23 12:57:17,986 | INFO | extractor_logger | [DEBUG TECNICO] Coprocesador de grÃ¡ficos: â€ŽNVIDIA GeForce RTX 5070
2026-02-23 12:57:18,038 | INFO | extractor_logger | [DEBUG TECNICO] Marca Chipset: â€ŽNVIDIA
2026-02-23 12:57:18,094 | INFO | extractor_logger | [DEBUG TECNICO] DescripciÃ³n de la tarjeta: â€ŽDedicado
2026-02-23 12:57:18,149 | INFO | extractor_logger | [DEBUG TECNICO] TamaÃ±o de RAM de la tarjeta grÃ¡fica: â€Ž12 GB
2026-02-23 12:57:19,776 | INFO | extractor_logger | ExtracciÃ³n real completada correctamente.
2026-02-23 12:57:19,776 | INFO | extractor_logger | DEBUG RETURN BULLETS: ['Impulsado por la arquitectura NVIDIA Blackwell y DLSS 4', 'Tarjeta GeForce para entusiastas lista para SFF compatible con construcciones de factor de forma pequeÃ±o', 'Los ventiladores de tecnologÃ­a axial cuentan con un cubo de ventilador mÃ¡s pequeÃ±o que facilita aspas mÃ¡s largas y un anillo de barrera que aumenta la presiÃ³n de aire hacia abajo', 'La almohadilla tÃ©rmica de GPU de cambio de fase ayuda a garantizar una transferencia de calor Ã³ptima, reduciendo las temperaturas de la GPU para mejorar el rendimiento y la fiabilidad', 'El diseÃ±o de 2.5 ranuras permite una mayor compatibilidad de construcciÃ³n mientras mantiene el rendimiento de refrigeraciÃ³n', 'Los rodamientos de ventilador de doble bola pueden durar hasta el doble de tiempo que los rodamientos de manga estÃ¡ndar', 'La tecnologÃ­a 0dB te permite disfrutar de juegos ligeros en relativo silencio', 'El conmutador BIOS dual le permite alternar entre los perfiles de BIOS silencioso y de rendimiento', 'Proceso de fabricaciÃ³n Auto-Extreme para precisiÃ³n y fiabilidad', 'El software GPU Tweak III proporciona ajustes de rendimiento intuitivos, control tÃ©rmico avanzado y monitoreo del sistema']
2026-02-23 12:57:19,778 | INFO | extractor_logger | Iniciando normalizaciÃ³n estructurada del producto.
2026-02-23 12:57:19,779 | INFO | extractor_logger | Referencia encontrada (ASIN URL fallback): B0DS6WPTLL
2026-02-23 12:57:19,779 | INFO | extractor_logger | NormalizaciÃ³n estructurada completada correctamente.
2026-02-23 12:57:19,780 | INFO | extractor_logger | Iniciando capa de traducciÃ³n.
2026-02-23 12:57:21,648 | INFO | extractor_logger | TraducciÃ³n completada.
2026-02-23 12:57:21,668 | INFO | extractor_logger | Validacion exitosa del contrato.
2026-02-23 12:57:21,674 | INFO | extractor_logger | Proceso completo finalizado.
2026-02-23 13:56:25,761 | INFO | extractor_logger | URL vÃ¡lida y dominio permitido.
2026-02-23 13:56:25,765 | INFO | extractor_logger | Proveedor detectado: Amazon
2026-02-23 13:56:25,765 | INFO | extractor_logger | Iniciando extracciÃ³n real Amazon con Playwright.
2026-02-23 13:56:45,762 | INFO | extractor_logger | [PRECIO DETECTADO] US$721.99
2026-02-23 13:56:45,789 | INFO | extractor_logger | [DEBUG BULLETS] Total encontrados: 10
2026-02-23 13:56:45,799 | INFO | extractor_logger | [DEBUG BULLET] Impulsado por la arquitectura NVIDIA Blackwell y DLSS 4
2026-02-23 13:56:45,808 | INFO | extractor_logger | [DEBUG BULLET] Tarjeta GeForce para entusiastas lista para SFF compatible con construcciones de factor de forma pequeÃ±o
2026-02-23 13:56:45,825 | INFO | extractor_logger | [DEBUG BULLET] Los ventiladores de tecnologÃ­a axial cuentan con un cubo de ventilador mÃ¡s pequeÃ±o que facilita aspas mÃ¡s largas y un anillo de barrera que aumenta la presiÃ³n de aire hacia abajo
2026-02-23 13:56:45,837 | INFO | extractor_logger | [DEBUG BULLET] La almohadilla tÃ©rmica de GPU de cambio de fase ayuda a garantizar una transferencia de calor Ã³ptima, reduciendo las temperaturas de la GPU para mejorar el rendimiento y la fiabilidad
2026-02-23 13:56:45,846 | INFO | extractor_logger | [DEBUG BULLET] El diseÃ±o de 2.5 ranuras permite una mayor compatibilidad de construcciÃ³n mientras mantiene el rendimiento de refrigeraciÃ³n
2026-02-23 13:56:45,857 | INFO | extractor_logger | [DEBUG BULLET] Los rodamientos de ventilador de doble bola pueden durar hasta el doble de tiempo que los rodamientos de manga estÃ¡ndar
2026-02-23 13:56:45,873 | INFO | extractor_logger | [DEBUG BULLET] La tecnologÃ­a 0dB te permite disfrutar de juegos ligeros en relativo silencio
2026-02-23 13:56:45,885 | INFO | extractor_logger | [DEBUG BULLET] El conmutador BIOS dual le permite alternar entre los perfiles de BIOS silencioso y de rendimiento
2026-02-23 13:56:45,901 | INFO | extractor_logger | [DEBUG BULLET] Proceso de fabricaciÃ³n Auto-Extreme para precisiÃ³n y fiabilidad
2026-02-23 13:56:45,916 | INFO | extractor_logger | [DEBUG BULLET] El software GPU Tweak III proporciona ajustes de rendimiento intuitivos, control tÃ©rmico avanzado y monitoreo del sistema
2026-02-23 13:56:45,953 | INFO | extractor_logger | [DEBUG TECNICO] MÃ¡xima resoluciÃ³n de pantalla: â€Ž7680x4320 Pixels
2026-02-23 13:56:45,969 | INFO | extractor_logger | [DEBUG TECNICO] Velocidad de memoria: â€Ž4000 MHz
2026-02-23 13:56:45,990 | INFO | extractor_logger | [DEBUG TECNICO] Coprocesador de grÃ¡ficos: â€ŽNVIDIA GeForce RTX 5070
2026-02-23 13:56:46,013 | INFO | extractor_logger | [DEBUG TECNICO] Marca Chipset: â€ŽNVIDIA
2026-02-23 13:56:46,035 | INFO | extractor_logger | [DEBUG TECNICO] DescripciÃ³n de la tarjeta: â€ŽDedicado
2026-02-23 13:56:46,056 | INFO | extractor_logger | [DEBUG TECNICO] TamaÃ±o de RAM de la tarjeta grÃ¡fica: â€Ž12 GB
2026-02-23 13:56:47,746 | INFO | extractor_logger | ExtracciÃ³n real completada correctamente.
2026-02-23 13:56:47,746 | INFO | extractor_logger | DEBUG RETURN BULLETS: ['Impulsado por la arquitectura NVIDIA Blackwell y DLSS 4', 'Tarjeta GeForce para entusiastas lista para SFF compatible con construcciones de factor de forma pequeÃ±o', 'Los ventiladores de tecnologÃ­a axial cuentan con un cubo de ventilador mÃ¡s pequeÃ±o que facilita aspas mÃ¡s largas y un anillo de barrera que aumenta la presiÃ³n de aire hacia abajo', 'La almohadilla tÃ©rmica de GPU de cambio de fase ayuda a garantizar una transferencia de calor Ã³ptima, reduciendo las temperaturas de la GPU para mejorar el rendimiento y la fiabilidad', 'El diseÃ±o de 2.5 ranuras permite una mayor compatibilidad de construcciÃ³n mientras mantiene el rendimiento de refrigeraciÃ³n', 'Los rodamientos de ventilador de doble bola pueden durar hasta el doble de tiempo que los rodamientos de manga estÃ¡ndar', 'La tecnologÃ­a 0dB te permite disfrutar de juegos ligeros en relativo silencio', 'El conmutador BIOS dual le permite alternar entre los perfiles de BIOS silencioso y de rendimiento', 'Proceso de fabricaciÃ³n Auto-Extreme para precisiÃ³n y fiabilidad', 'El software GPU Tweak III proporciona ajustes de rendimiento intuitivos, control tÃ©rmico avanzado y monitoreo del sistema']
2026-02-23 13:56:47,747 | INFO | extractor_logger | Iniciando normalizaciÃ³n estructurada del producto.
2026-02-23 13:56:47,748 | INFO | extractor_logger | Referencia encontrada (ASIN URL fallback): B0DS6WPTLL
2026-02-23 13:56:47,749 | INFO | extractor_logger | NormalizaciÃ³n estructurada completada correctamente.
2026-02-23 13:56:47,749 | INFO | extractor_logger | Iniciando capa de traducciÃ³n.
2026-02-23 13:56:49,378 | INFO | extractor_logger | TraducciÃ³n completada.
2026-02-23 13:56:49,401 | INFO | extractor_logger | Validacion exitosa del contrato.
2026-02-23 13:56:49,407 | INFO | extractor_logger | Proceso completo finalizado.
2026-02-23 14:20:36,593 | INFO | extractor_logger | URL vÃ¡lida y dominio permitido.
2026-02-23 14:20:36,598 | INFO | extractor_logger | Proveedor detectado: Amazon
2026-02-23 14:20:36,598 | INFO | extractor_logger | Iniciando extracciÃ³n real Amazon con Playwright.
2026-02-23 14:20:58,726 | INFO | extractor_logger | [PRECIO DETECTADO] US$721.99
2026-02-23 14:20:58,761 | INFO | extractor_logger | [DEBUG BULLETS] Total encontrados: 10
2026-02-23 14:20:58,776 | INFO | extractor_logger | [DEBUG BULLET] Impulsado por la arquitectura NVIDIA Blackwell y DLSS 4
2026-02-23 14:20:58,795 | INFO | extractor_logger | [DEBUG BULLET] Tarjeta GeForce para entusiastas lista para SFF compatible con construcciones de factor de forma pequeÃ±o
2026-02-23 14:20:58,815 | INFO | extractor_logger | [DEBUG BULLET] Los ventiladores de tecnologÃ­a axial cuentan con un cubo de ventilador mÃ¡s pequeÃ±o que facilita aspas mÃ¡s largas y un anillo de barrera que aumenta la presiÃ³n de aire hacia abajo
2026-02-23 14:20:58,839 | INFO | extractor_logger | [DEBUG BULLET] La almohadilla tÃ©rmica de GPU de cambio de fase ayuda a garantizar una transferencia de calor Ã³ptima, reduciendo las temperaturas de la GPU para mejorar el rendimiento y la fiabilidad
2026-02-23 14:20:58,858 | INFO | extractor_logger | [DEBUG BULLET] El diseÃ±o de 2.5 ranuras permite una mayor compatibilidad de construcciÃ³n mientras mantiene el rendimiento de refrigeraciÃ³n
2026-02-23 14:20:58,876 | INFO | extractor_logger | [DEBUG BULLET] Los rodamientos de ventilador de doble bola pueden durar hasta el doble de tiempo que los rodamientos de manga estÃ¡ndar
2026-02-23 14:20:58,895 | INFO | extractor_logger | [DEBUG BULLET] La tecnologÃ­a 0dB te permite disfrutar de juegos ligeros en relativo silencio
2026-02-23 14:20:58,924 | INFO | extractor_logger | [DEBUG BULLET] El conmutador BIOS dual le permite alternar entre los perfiles de BIOS silencioso y de rendimiento
2026-02-23 14:20:58,945 | INFO | extractor_logger | [DEBUG BULLET] Proceso de fabricaciÃ³n Auto-Extreme para precisiÃ³n y fiabilidad
2026-02-23 14:20:58,962 | INFO | extractor_logger | [DEBUG BULLET] El software GPU Tweak III proporciona ajustes de rendimiento intuitivos, control tÃ©rmico avanzado y monitoreo del sistema
2026-02-23 14:20:59,022 | INFO | extractor_logger | [DEBUG TECNICO] MÃ¡xima resoluciÃ³n de pantalla: â€Ž7680x4320 Pixels
2026-02-23 14:20:59,046 | INFO | extractor_logger | [DEBUG TECNICO] Velocidad de memoria: â€Ž4000 MHz
2026-02-23 14:20:59,073 | INFO | extractor_logger | [DEBUG TECNICO] Coprocesador de grÃ¡ficos: â€ŽNVIDIA GeForce RTX 5070
2026-02-23 14:20:59,120 | INFO | extractor_logger | [DEBUG TECNICO] Marca Chipset: â€ŽNVIDIA
2026-02-23 14:20:59,170 | INFO | extractor_logger | [DEBUG TECNICO] DescripciÃ³n de la tarjeta: â€ŽDedicado
2026-02-23 14:20:59,196 | INFO | extractor_logger | [DEBUG TECNICO] TamaÃ±o de RAM de la tarjeta grÃ¡fica: â€Ž12 GB
2026-02-23 14:21:01,502 | INFO | extractor_logger | ExtracciÃ³n real completada correctamente.
2026-02-23 14:21:01,503 | INFO | extractor_logger | DEBUG RETURN BULLETS: ['Impulsado por la arquitectura NVIDIA Blackwell y DLSS 4', 'Tarjeta GeForce para entusiastas lista para SFF compatible con construcciones de factor de forma pequeÃ±o', 'Los ventiladores de tecnologÃ­a axial cuentan con un cubo de ventilador mÃ¡s pequeÃ±o que facilita aspas mÃ¡s largas y un anillo de barrera que aumenta la presiÃ³n de aire hacia abajo', 'La almohadilla tÃ©rmica de GPU de cambio de fase ayuda a garantizar una transferencia de calor Ã³ptima, reduciendo las temperaturas de la GPU para mejorar el rendimiento y la fiabilidad', 'El diseÃ±o de 2.5 ranuras permite una mayor compatibilidad de construcciÃ³n mientras mantiene el rendimiento de refrigeraciÃ³n', 'Los rodamientos de ventilador de doble bola pueden durar hasta el doble de tiempo que los rodamientos de manga estÃ¡ndar', 'La tecnologÃ­a 0dB te permite disfrutar de juegos ligeros en relativo silencio', 'El conmutador BIOS dual le permite alternar entre los perfiles de BIOS silencioso y de rendimiento', 'Proceso de fabricaciÃ³n Auto-Extreme para precisiÃ³n y fiabilidad', 'El software GPU Tweak III proporciona ajustes de rendimiento intuitivos, control tÃ©rmico avanzado y monitoreo del sistema']
2026-02-23 14:21:01,504 | INFO | extractor_logger | Iniciando normalizaciÃ³n estructurada del producto.
2026-02-23 14:21:01,505 | INFO | extractor_logger | Referencia encontrada (ASIN URL fallback): B0DS6WPTLL
2026-02-23 14:21:01,506 | INFO | extractor_logger | NormalizaciÃ³n estructurada completada correctamente.
2026-02-23 14:21:01,506 | INFO | extractor_logger | Iniciando capa de traducciÃ³n.
2026-02-23 14:21:03,122 | INFO | extractor_logger | TraducciÃ³n completada.
2026-02-23 14:21:03,149 | INFO | extractor_logger | Validacion exitosa del contrato.
2026-02-23 14:21:03,159 | INFO | extractor_logger | Proceso completo finalizado.
2026-02-23 14:24:28,774 | INFO | extractor_logger | URL vÃ¡lida y dominio permitido.
2026-02-23 14:24:28,778 | INFO | extractor_logger | Proveedor detectado: Amazon
2026-02-23 14:24:28,779 | INFO | extractor_logger | Iniciando extracciÃ³n real Amazon con Playwright.
2026-02-23 14:24:43,914 | INFO | extractor_logger | [PRECIO DETECTADO] US$318.00
2026-02-23 14:24:45,143 | INFO | extractor_logger | [DEBUG BULLETS] Total encontrados: 5
2026-02-23 14:24:45,182 | INFO | extractor_logger | [DEBUG BULLET] Wi-Fi habilitado: controla sin esfuerzo tu deshumidificador portÃ¡til desde cualquier lugar con la aplicaciÃ³n Frigidaire o conÃ©ctalo a tus dispositivos Amazon Alexa o Google Home para una gestiÃ³n inteligente de la humedad con manos libres
2026-02-23 14:24:45,204 | INFO | extractor_logger | [DEBUG BULLET] Monitoreo de la calidad del aire interior: controla fÃ¡cilmente la calidad del aire de tu habitaciÃ³n con el sensor integrado, que proporciona actualizaciones a travÃ©s de la interfaz de usuario o la aplicaciÃ³n Frigidaire
2026-02-23 14:24:45,257 | INFO | extractor_logger | [DEBUG BULLET] Rendimiento de eficiencia energÃ©tica: este deshumidificador certificado Energy Star utiliza menos energÃ­a para ofrecer un potente control de humedad, lo que le ayuda a reducir el uso de energÃ­a y reducir sus facturas de servicios pÃºblicos
2026-02-23 14:24:45,284 | INFO | extractor_logger | [DEBUG BULLET] Opciones de drenaje convenientes: Elige entre dos mÃ©todos de drenaje de agua sin complicaciones: usa el cubo de agua fÃ¡cil de transportar para una extracciÃ³n manual rÃ¡pida o la opciÃ³n de drenaje continuo para evitar vaciar el cubo
2026-02-23 14:24:45,307 | INFO | extractor_logger | [DEBUG BULLET] Control de humedad sin esfuerzo: Personaliza tus ajustes de humedad con facilidad, disfruta del apagado automÃ¡tico cuando el depÃ³sito de agua estÃ¡ lleno para un funcionamiento sin preocupaciones y garantiza comodidad incluso en espacios frÃ­os gracias al rendimiento eficiente a baja temperatura hasta tan solo 41Â°F
2026-02-23 14:24:45,390 | INFO | extractor_logger | [DEBUG TECNICO] Marca: Frigidaire
2026-02-23 14:24:45,430 | INFO | extractor_logger | [DEBUG TECNICO] Ãrea de piso: 4500
2026-02-23 14:24:45,478 | INFO | extractor_logger | [DEBUG TECNICO] Color: Blanco
2026-02-23 14:24:45,540 | INFO | extractor_logger | [DEBUG TECNICO] CaracterÃ­sticas especiales: Drenaje continuo, EliminaciÃ³n automÃ¡tica de humedad, Programable
2026-02-23 14:24:45,601 | INFO | extractor_logger | [DEBUG TECNICO] Capacidad: 50 Pintas
2026-02-23 14:24:45,663 | INFO | extractor_logger | [DEBUG TECNICO] Volumen del tanque: 2,11 Galones
2026-02-23 14:24:45,732 | INFO | extractor_logger | [DEBUG TECNICO] Dimensiones del producto: 12,19"prof. x 24,25"an. x 24,25"al. pulgadas
2026-02-23 14:24:45,764 | INFO | extractor_logger | [DEBUG TECNICO] Usos Recomendados Para Producto: Residencial
2026-02-23 14:24:45,787 | INFO | extractor_logger | [DEBUG TECNICO] Componentes incluidos: Filtro.
2026-02-23 14:24:45,829 | INFO | extractor_logger | [DEBUG TECNICO] Peso del artÃ­culo: 44,53 Libras
2026-02-23 14:24:45,864 | INFO | extractor_logger | [DEBUG TECNICO] Nombre del modelo: GHDD5035W1
2026-02-23 14:24:45,907 | INFO | extractor_logger | [DEBUG TECNICO] Modo de operaciÃ³n: Confort
2026-02-23 14:24:45,950 | INFO | extractor_logger | [DEBUG TECNICO] Capacidad de eliminaciÃ³n de humedad: 50 Pintas por dÃ­a
2026-02-23 14:24:45,984 | INFO | extractor_logger | [DEBUG TECNICO] Fabricante: Frigidaire
2026-02-23 14:24:46,014 | INFO | extractor_logger | [DEBUG TECNICO] Smart Home Compatibility: Smart Home Compatible
2026-02-23 14:24:46,046 | INFO | extractor_logger | [DEBUG TECNICO] UPC: 012505285783
2026-02-23 14:24:46,075 | INFO | extractor_logger | [DEBUG TECNICO] ASIN: B0DFZL974Q
2026-02-23 14:24:46,117 | INFO | extractor_logger | [DEBUG TECNICO] NÃºmero de modelo del producto: GHDD5035W1
2026-02-23 14:24:46,149 | INFO | extractor_logger | [DEBUG TECNICO] OpiniÃ³n media de los clientes: 4.2               4.2 de 5 estrellas         

                         (96)      
                    
                    var dpAcrHasRegisteredArcLinkClickAction;
                    P.when('A', 'ready').execute(function(A) {
                        if (dpAcrHasRegisteredArcLinkClickAction !== true) {
                            dpAcrHasRegisteredArcLinkClickAction = true;
                            A.declarative(
                                'acrLink-click-metrics', 'click',
                                { "allowLinkDefault": true },
                                function (event) {
                                    if (window.ue) {
                                        ue.count("acrLinkClickCount", (ue.count("acrLinkClickCount") || 0) + 1);
                                    }
                                }
                            );
                        }
                    });
                
                 
            P.when('A', 'cf').execute(function(A) {
                A.declarative('acrStarsLink-click-metrics', 'click', { "allowLinkDefault" : true },  function(event){
                    if(window.ue) {
                        ue.count("acrStarsLinkWithPopoverClickCount", (ue.count("acrStarsLinkWithPopoverClickCount") || 0) + 1);
                    }
                });
            });
        

           
       4.2 de 5 estrellas
2026-02-23 14:24:46,183 | INFO | extractor_logger | [DEBUG TECNICO] ClasificaciÃ³n en los mÃ¡s vendidos de Amazon: nÂº217,502 en Hogar y Cocina (Ver el Top 100 en Hogar y Cocina)  nÂº282 en Deshumidificadores
2026-02-23 14:24:46,217 | INFO | extractor_logger | [DEBUG TECNICO] Se requiere ensamblaje: No
2026-02-23 14:24:46,250 | INFO | extractor_logger | [DEBUG TECNICO] Requiere baterÃ­as: No
2026-02-23 14:24:47,921 | INFO | extractor_logger | ExtracciÃ³n real completada correctamente.
2026-02-23 14:24:47,921 | INFO | extractor_logger | DEBUG RETURN BULLETS: ['Wi-Fi habilitado: controla sin esfuerzo tu deshumidificador portÃ¡til desde cualquier lugar con la aplicaciÃ³n Frigidaire o conÃ©ctalo a tus dispositivos Amazon Alexa o Google Home para una gestiÃ³n inteligente de la humedad con manos libres', 'Monitoreo de la calidad del aire interior: controla fÃ¡cilmente la calidad del aire de tu habitaciÃ³n con el sensor integrado, que proporciona actualizaciones a travÃ©s de la interfaz de usuario o la aplicaciÃ³n Frigidaire', 'Rendimiento de eficiencia energÃ©tica: este deshumidificador certificado Energy Star utiliza menos energÃ­a para ofrecer un potente control de humedad, lo que le ayuda a reducir el uso de energÃ­a y reducir sus facturas de servicios pÃºblicos', 'Opciones de drenaje convenientes: Elige entre dos mÃ©todos de drenaje de agua sin complicaciones: usa el cubo de agua fÃ¡cil de transportar para una extracciÃ³n manual rÃ¡pida o la opciÃ³n de drenaje continuo para evitar vaciar el cubo', 'Control de humedad sin esfuerzo: Personaliza tus ajustes de humedad con facilidad, disfruta del apagado automÃ¡tico cuando el depÃ³sito de agua estÃ¡ lleno para un funcionamiento sin preocupaciones y garantiza comodidad incluso en espacios frÃ­os gracias al rendimiento eficiente a baja temperatura hasta tan solo 41Â°F']
2026-02-23 14:24:47,922 | INFO | extractor_logger | Iniciando normalizaciÃ³n estructurada del producto.
2026-02-23 14:24:47,923 | INFO | extractor_logger | Referencia encontrada (modelo): GHDD5035W1
2026-02-23 14:24:47,923 | INFO | extractor_logger | NormalizaciÃ³n estructurada completada correctamente.
2026-02-23 14:24:47,924 | INFO | extractor_logger | Iniciando capa de traducciÃ³n.
2026-02-23 14:24:49,911 | INFO | extractor_logger | TraducciÃ³n completada.
2026-02-23 14:24:49,933 | INFO | extractor_logger | Validacion exitosa del contrato.
2026-02-23 14:24:49,941 | INFO | extractor_logger | Proceso completo finalizado.
2026-02-23 14:27:22,156 | INFO | extractor_logger | URL vÃ¡lida y dominio permitido.
2026-02-23 14:27:22,159 | INFO | extractor_logger | Proveedor detectado: Amazon
2026-02-23 14:27:22,160 | INFO | extractor_logger | Iniciando extracciÃ³n real Amazon con Playwright.
2026-02-23 14:27:37,323 | INFO | extractor_logger | [PRECIO DETECTADO] US$39.99
2026-02-23 14:27:37,349 | INFO | extractor_logger | [DEBUG BULLETS] Total encontrados: 5
2026-02-23 14:27:37,359 | INFO | extractor_logger | [DEBUG BULLET] DeshumidificaciÃ³n de alta eficiencia: este deshumidificador para el hogar estÃ¡ equipado con semiconductores Peltier termoelÃ©ctricos y un tanque de agua de 25 oz (750 ml), el deshumidificador podrÃ­a absorber hasta 16 oz (450 ml/D) de agua en un ambiente hÃºmedo de 86Â°F y 80% de HR. Ya no necesitas soportar dÃ­as hÃºmedos y simplemente disfruta de un ambiente de vida cÃ³modo
2026-02-23 14:27:37,368 | INFO | extractor_logger | [DEBUG BULLET] Ultra silencioso, apto para dormir: muchos deshumidificadores convencionales funcionan con altos niveles de ruido, lo que dificulta conciliar el sueÃ±o, mientras que este pequeÃ±o deshumidificador con tecnologÃ­a avanzada Peltier reduce el ruido de funcionamiento a menos de 35 dB sin comprometer la eficiencia de deshumidificaciÃ³n, creando un ambiente ideal para dormir. Es importante elegir deshumidificadores eficientes pero silenciosos para el dormitorio
2026-02-23 14:27:37,384 | INFO | extractor_logger | [DEBUG BULLET] Apagado automÃ¡tico, mantÃ©ngase seguro: este pequeÃ±o deshumidificador para habitaciÃ³n cuenta con una funciÃ³n de apagado automÃ¡tico que dejarÃ¡ de funcionar automÃ¡ticamente si el tanque de agua estÃ¡ lleno, y parpadearÃ¡ la luz roja para recordar a los usuarios que vacÃ­en el agua. Este mini deshumidificador es seguro durante 24 horas de funcionamiento continuo
2026-02-23 14:27:37,400 | INFO | extractor_logger | [DEBUG BULLET] Ahorro de energÃ­a asequible: este deshumidificador para recÃ¡mara es eficaz pero ahorra energÃ­a y utiliza solo 0.96 KW de electricidad despuÃ©s de funcionar durante 24 horas. Es amigable y mÃ¡s asequible que los deshumidificadores tradicionales para el baÃ±o, podrÃ­as resolver el mayor problema de humedad por la menor cantidad de dinero
2026-02-23 14:27:37,425 | INFO | extractor_logger | [DEBUG BULLET] Compacto para cada esquina: ningÃºn espacio es demasiado pequeÃ±o para este pequeÃ±o deshumidificador, el tamaÃ±o mini estÃ¡ diseÃ±ado para cada rincÃ³n que necesites, colÃ³calo en tu mesita de noche o armario, no necesitas soportar los edredones y ropa hÃºmedos, tambiÃ©n puedes poner este deshumidificador portÃ¡til en tu cocina, baÃ±o, armario, oficina, casa rodante... donde lo necesites, ahÃ­ estarÃ¡
2026-02-23 14:27:37,464 | INFO | extractor_logger | [DEBUG TECNICO] Marca: SANVINDER
2026-02-23 14:27:37,482 | INFO | extractor_logger | [DEBUG TECNICO] Ãrea de piso: 320 Pies cuadrados
2026-02-23 14:27:37,514 | INFO | extractor_logger | [DEBUG TECNICO] Color: Negro
2026-02-23 14:27:37,542 | INFO | extractor_logger | [DEBUG TECNICO] CaracterÃ­sticas especiales: Apagado automÃ¡tico, Luz nocturna, OperaciÃ³n silenciosa
2026-02-23 14:27:37,562 | INFO | extractor_logger | [DEBUG TECNICO] Capacidad: 25 Onzas lÃ­quidas
2026-02-23 14:27:37,580 | INFO | extractor_logger | [DEBUG TECNICO] Volumen del tanque: 25 Onzas de lÃ­quido
2026-02-23 14:27:37,606 | INFO | extractor_logger | [DEBUG TECNICO] Dimensiones del producto: 5,03"prof. x 5,03"an. x 8,38"al. pulgadas
2026-02-23 14:27:37,630 | INFO | extractor_logger | [DEBUG TECNICO] Cantidad de velocidades: 1
2026-02-23 14:27:37,649 | INFO | extractor_logger | [DEBUG TECNICO] Usos Recomendados Para Producto: Inicio
2026-02-23 14:27:37,672 | INFO | extractor_logger | [DEBUG TECNICO] Componentes incluidos: Adaptador, Deshumidificador, Manual de usuario, Manual del Usuario
2026-02-23 14:27:37,690 | INFO | extractor_logger | [DEBUG TECNICO] Peso del artÃ­culo: 2,2 Libras
2026-02-23 14:27:37,709 | INFO | extractor_logger | [DEBUG TECNICO] Material: PlÃ¡stico ABS
2026-02-23 14:27:37,732 | INFO | extractor_logger | [DEBUG TECNICO] Nombre del modelo: DH-CS03
2026-02-23 14:27:37,752 | INFO | extractor_logger | [DEBUG TECNICO] Potencia: 23 vatios
2026-02-23 14:27:37,781 | INFO | extractor_logger | [DEBUG TECNICO] Modo de operaciÃ³n: EstÃ¡ndar
2026-02-23 14:27:37,813 | INFO | extractor_logger | [DEBUG TECNICO] Capacidad de flujo de aire: 1200 Centilitros por segundo
2026-02-23 14:27:37,851 | INFO | extractor_logger | [DEBUG TECNICO] Fabricante: SANVINDER
2026-02-23 14:27:37,870 | INFO | extractor_logger | [DEBUG TECNICO] UPC: 860011529705
2026-02-23 14:27:37,890 | INFO | extractor_logger | [DEBUG TECNICO] ASIN: B0BGN335KB
2026-02-23 14:27:37,915 | INFO | extractor_logger | [DEBUG TECNICO] NÃºmero de modelo del producto: DH-CS03
2026-02-23 14:27:37,932 | INFO | extractor_logger | [DEBUG TECNICO] OpiniÃ³n media de los clientes: 4.3               4.3 de 5 estrellas         

                         (3,472)      
                    
                    var dpAcrHasRegisteredArcLinkClickAction;
                    P.when('A', 'ready').execute(function(A) {
                        if (dpAcrHasRegisteredArcLinkClickAction !== true) {
                            dpAcrHasRegisteredArcLinkClickAction = true;
                            A.declarative(
                                'acrLink-click-metrics', 'click',
                                { "allowLinkDefault": true },
                                function (event) {
                                    if (window.ue) {
                                        ue.count("acrLinkClickCount", (ue.count("acrLinkClickCount") || 0) + 1);
                                    }
                                }
                            );
                        }
                    });
                
                 
            P.when('A', 'cf').execute(function(A) {
                A.declarative('acrStarsLink-click-metrics', 'click', { "allowLinkDefault" : true },  function(event){
                    if(window.ue) {
                        ue.count("acrStarsLinkWithPopoverClickCount", (ue.count("acrStarsLinkWithPopoverClickCount") || 0) + 1);
                    }
                });
            });
        

           
       4.3 de 5 estrellas
2026-02-23 14:27:37,959 | INFO | extractor_logger | [DEBUG TECNICO] ClasificaciÃ³n en los mÃ¡s vendidos de Amazon: nÂº8,698 en Hogar y Cocina (Ver el Top 100 en Hogar y Cocina)  nÂº19 en Deshumidificadores
2026-02-23 14:27:37,981 | INFO | extractor_logger | [DEBUG TECNICO] Se requiere ensamblaje: No
2026-02-23 14:27:37,999 | INFO | extractor_logger | [DEBUG TECNICO] NÃºmero de piezas: 1
2026-02-23 14:27:38,021 | INFO | extractor_logger | [DEBUG TECNICO] Requiere baterÃ­as: No
2026-02-23 14:27:38,996 | INFO | extractor_logger | ExtracciÃ³n real completada correctamente.
2026-02-23 14:27:38,997 | INFO | extractor_logger | DEBUG RETURN BULLETS: ['DeshumidificaciÃ³n de alta eficiencia: este deshumidificador para el hogar estÃ¡ equipado con semiconductores Peltier termoelÃ©ctricos y un tanque de agua de 25 oz (750 ml), el deshumidificador podrÃ­a absorber hasta 16 oz (450 ml/D) de agua en un ambiente hÃºmedo de 86Â°F y 80% de HR. Ya no necesitas soportar dÃ­as hÃºmedos y simplemente disfruta de un ambiente de vida cÃ³modo', 'Ultra silencioso, apto para dormir: muchos deshumidificadores convencionales funcionan con altos niveles de ruido, lo que dificulta conciliar el sueÃ±o, mientras que este pequeÃ±o deshumidificador con tecnologÃ­a avanzada Peltier reduce el ruido de funcionamiento a menos de 35 dB sin comprometer la eficiencia de deshumidificaciÃ³n, creando un ambiente ideal para dormir. Es importante elegir deshumidificadores eficientes pero silenciosos para el dormitorio', 'Apagado automÃ¡tico, mantÃ©ngase seguro: este pequeÃ±o deshumidificador para habitaciÃ³n cuenta con una funciÃ³n de apagado automÃ¡tico que dejarÃ¡ de funcionar automÃ¡ticamente si el tanque de agua estÃ¡ lleno, y parpadearÃ¡ la luz roja para recordar a los usuarios que vacÃ­en el agua. Este mini deshumidificador es seguro durante 24 horas de funcionamiento continuo', 'Ahorro de energÃ­a asequible: este deshumidificador para recÃ¡mara es eficaz pero ahorra energÃ­a y utiliza solo 0.96 KW de electricidad despuÃ©s de funcionar durante 24 horas. Es amigable y mÃ¡s asequible que los deshumidificadores tradicionales para el baÃ±o, podrÃ­as resolver el mayor problema de humedad por la menor cantidad de dinero', 'Compacto para cada esquina: ningÃºn espacio es demasiado pequeÃ±o para este pequeÃ±o deshumidificador, el tamaÃ±o mini estÃ¡ diseÃ±ado para cada rincÃ³n que necesites, colÃ³calo en tu mesita de noche o armario, no necesitas soportar los edredones y ropa hÃºmedos, tambiÃ©n puedes poner este deshumidificador portÃ¡til en tu cocina, baÃ±o, armario, oficina, casa rodante... donde lo necesites, ahÃ­ estarÃ¡']
2026-02-23 14:27:38,997 | INFO | extractor_logger | Iniciando normalizaciÃ³n estructurada del producto.
2026-02-23 14:27:38,998 | INFO | extractor_logger | Referencia encontrada (modelo): DH-CS03
2026-02-23 14:27:38,998 | INFO | extractor_logger | NormalizaciÃ³n estructurada completada correctamente.
2026-02-23 14:27:38,999 | INFO | extractor_logger | Iniciando capa de traducciÃ³n.
2026-02-23 14:27:40,515 | INFO | extractor_logger | TraducciÃ³n completada.
2026-02-23 14:27:40,530 | INFO | extractor_logger | Validacion exitosa del contrato.
2026-02-23 14:27:40,535 | INFO | extractor_logger | Proceso completo finalizado.
2026-02-23 14:36:23,749 | INFO | extractor_logger | URL vÃ¡lida y dominio permitido.
2026-02-23 14:36:23,753 | INFO | extractor_logger | Proveedor detectado: Amazon
2026-02-23 14:36:23,753 | INFO | extractor_logger | Iniciando extracciÃ³n real Amazon con Playwright.
2026-02-23 14:36:42,471 | INFO | extractor_logger | [PRECIO DETECTADO] US$39.99
2026-02-23 14:36:42,573 | INFO | extractor_logger | [DEBUG BULLETS] Total encontrados: 5
2026-02-23 14:36:42,587 | INFO | extractor_logger | [DEBUG BULLET] DeshumidificaciÃ³n de alta eficiencia: este deshumidificador para el hogar estÃ¡ equipado con semiconductores Peltier termoelÃ©ctricos y un tanque de agua de 25 oz (750 ml), el deshumidificador podrÃ­a absorber hasta 16 oz (450 ml/D) de agua en un ambiente hÃºmedo de 86Â°F y 80% de HR. Ya no necesitas soportar dÃ­as hÃºmedos y simplemente disfruta de un ambiente de vida cÃ³modo
2026-02-23 14:36:42,602 | INFO | extractor_logger | [DEBUG BULLET] Ultra silencioso, apto para dormir: muchos deshumidificadores convencionales funcionan con altos niveles de ruido, lo que dificulta conciliar el sueÃ±o, mientras que este pequeÃ±o deshumidificador con tecnologÃ­a avanzada Peltier reduce el ruido de funcionamiento a menos de 35 dB sin comprometer la eficiencia de deshumidificaciÃ³n, creando un ambiente ideal para dormir. Es importante elegir deshumidificadores eficientes pero silenciosos para el dormitorio
2026-02-23 14:36:42,618 | INFO | extractor_logger | [DEBUG BULLET] Apagado automÃ¡tico, mantÃ©ngase seguro: este pequeÃ±o deshumidificador para habitaciÃ³n cuenta con una funciÃ³n de apagado automÃ¡tico que dejarÃ¡ de funcionar automÃ¡ticamente si el tanque de agua estÃ¡ lleno, y parpadearÃ¡ la luz roja para recordar a los usuarios que vacÃ­en el agua. Este mini deshumidificador es seguro durante 24 horas de funcionamiento continuo
2026-02-23 14:36:42,647 | INFO | extractor_logger | [DEBUG BULLET] Ahorro de energÃ­a asequible: este deshumidificador para recÃ¡mara es eficaz pero ahorra energÃ­a y utiliza solo 0.96 KW de electricidad despuÃ©s de funcionar durante 24 horas. Es amigable y mÃ¡s asequible que los deshumidificadores tradicionales para el baÃ±o, podrÃ­as resolver el mayor problema de humedad por la menor cantidad de dinero
2026-02-23 14:36:42,666 | INFO | extractor_logger | [DEBUG BULLET] Compacto para cada esquina: ningÃºn espacio es demasiado pequeÃ±o para este pequeÃ±o deshumidificador, el tamaÃ±o mini estÃ¡ diseÃ±ado para cada rincÃ³n que necesites, colÃ³calo en tu mesita de noche o armario, no necesitas soportar los edredones y ropa hÃºmedos, tambiÃ©n puedes poner este deshumidificador portÃ¡til en tu cocina, baÃ±o, armario, oficina, casa rodante... donde lo necesites, ahÃ­ estarÃ¡
2026-02-23 14:36:42,737 | INFO | extractor_logger | [DEBUG TECNICO] Marca: SANVINDER
2026-02-23 14:36:42,776 | INFO | extractor_logger | [DEBUG TECNICO] Ãrea de piso: 320 Pies cuadrados
2026-02-23 14:36:42,820 | INFO | extractor_logger | [DEBUG TECNICO] Color: Negro
2026-02-23 14:36:42,856 | INFO | extractor_logger | [DEBUG TECNICO] CaracterÃ­sticas especiales: Apagado automÃ¡tico, Luz nocturna, OperaciÃ³n silenciosa
2026-02-23 14:36:42,892 | INFO | extractor_logger | [DEBUG TECNICO] Capacidad: 25 Onzas lÃ­quidas
2026-02-23 14:36:42,925 | INFO | extractor_logger | [DEBUG TECNICO] Volumen del tanque: 25 Onzas de lÃ­quido
2026-02-23 14:36:42,959 | INFO | extractor_logger | [DEBUG TECNICO] Dimensiones del producto: 5,03"prof. x 5,03"an. x 8,38"al. pulgadas
2026-02-23 14:36:42,990 | INFO | extractor_logger | [DEBUG TECNICO] Cantidad de velocidades: 1
2026-02-23 14:36:43,021 | INFO | extractor_logger | [DEBUG TECNICO] Usos Recomendados Para Producto: Inicio
2026-02-23 14:36:43,058 | INFO | extractor_logger | [DEBUG TECNICO] Componentes incluidos: Adaptador, Deshumidificador, Manual de usuario, Manual del Usuario
2026-02-23 14:36:43,082 | INFO | extractor_logger | [DEBUG TECNICO] Peso del artÃ­culo: 2,2 Libras
2026-02-23 14:36:43,106 | INFO | extractor_logger | [DEBUG TECNICO] Material: PlÃ¡stico ABS
2026-02-23 14:36:43,132 | INFO | extractor_logger | [DEBUG TECNICO] Nombre del modelo: DH-CS03
2026-02-23 14:36:43,159 | INFO | extractor_logger | [DEBUG TECNICO] Potencia: 23 vatios
2026-02-23 14:36:43,184 | INFO | extractor_logger | [DEBUG TECNICO] Modo de operaciÃ³n: EstÃ¡ndar
2026-02-23 14:36:43,205 | INFO | extractor_logger | [DEBUG TECNICO] Capacidad de flujo de aire: 1200 Centilitros por segundo
2026-02-23 14:36:43,224 | INFO | extractor_logger | [DEBUG TECNICO] Fabricante: SANVINDER
2026-02-23 14:36:43,254 | INFO | extractor_logger | [DEBUG TECNICO] UPC: 860011529705
2026-02-23 14:36:43,281 | INFO | extractor_logger | [DEBUG TECNICO] ASIN: B0BGN335KB
2026-02-23 14:36:43,317 | INFO | extractor_logger | [DEBUG TECNICO] NÃºmero de modelo del producto: DH-CS03
2026-02-23 14:36:43,362 | INFO | extractor_logger | [DEBUG TECNICO] OpiniÃ³n media de los clientes: 4.3               4.3 de 5 estrellas         

                         (3,472)      
                    
                    var dpAcrHasRegisteredArcLinkClickAction;
                    P.when('A', 'ready').execute(function(A) {
                        if (dpAcrHasRegisteredArcLinkClickAction !== true) {
                            dpAcrHasRegisteredArcLinkClickAction = true;
                            A.declarative(
                                'acrLink-click-metrics', 'click',
                                { "allowLinkDefault": true },
                                function (event) {
                                    if (window.ue) {
                                        ue.count("acrLinkClickCount", (ue.count("acrLinkClickCount") || 0) + 1);
                                    }
                                }
                            );
                        }
                    });
                
                 
            P.when('A', 'cf').execute(function(A) {
                A.declarative('acrStarsLink-click-metrics', 'click', { "allowLinkDefault" : true },  function(event){
                    if(window.ue) {
                        ue.count("acrStarsLinkWithPopoverClickCount", (ue.count("acrStarsLinkWithPopoverClickCount") || 0) + 1);
                    }
                });
            });
        

           
       4.3 de 5 estrellas
2026-02-23 14:36:43,391 | INFO | extractor_logger | [DEBUG TECNICO] ClasificaciÃ³n en los mÃ¡s vendidos de Amazon: nÂº8,698 en Hogar y Cocina (Ver el Top 100 en Hogar y Cocina)  nÂº19 en Deshumidificadores
2026-02-23 14:36:43,417 | INFO | extractor_logger | [DEBUG TECNICO] Se requiere ensamblaje: No
2026-02-23 14:36:43,439 | INFO | extractor_logger | [DEBUG TECNICO] NÃºmero de piezas: 1
2026-02-23 14:36:43,463 | INFO | extractor_logger | [DEBUG TECNICO] Requiere baterÃ­as: No
2026-02-23 14:36:44,571 | INFO | extractor_logger | ExtracciÃ³n real completada correctamente.
2026-02-23 14:36:44,572 | INFO | extractor_logger | DEBUG RETURN BULLETS: ['DeshumidificaciÃ³n de alta eficiencia: este deshumidificador para el hogar estÃ¡ equipado con semiconductores Peltier termoelÃ©ctricos y un tanque de agua de 25 oz (750 ml), el deshumidificador podrÃ­a absorber hasta 16 oz (450 ml/D) de agua en un ambiente hÃºmedo de 86Â°F y 80% de HR. Ya no necesitas soportar dÃ­as hÃºmedos y simplemente disfruta de un ambiente de vida cÃ³modo', 'Ultra silencioso, apto para dormir: muchos deshumidificadores convencionales funcionan con altos niveles de ruido, lo que dificulta conciliar el sueÃ±o, mientras que este pequeÃ±o deshumidificador con tecnologÃ­a avanzada Peltier reduce el ruido de funcionamiento a menos de 35 dB sin comprometer la eficiencia de deshumidificaciÃ³n, creando un ambiente ideal para dormir. Es importante elegir deshumidificadores eficientes pero silenciosos para el dormitorio', 'Apagado automÃ¡tico, mantÃ©ngase seguro: este pequeÃ±o deshumidificador para habitaciÃ³n cuenta con una funciÃ³n de apagado automÃ¡tico que dejarÃ¡ de funcionar automÃ¡ticamente si el tanque de agua estÃ¡ lleno, y parpadearÃ¡ la luz roja para recordar a los usuarios que vacÃ­en el agua. Este mini deshumidificador es seguro durante 24 horas de funcionamiento continuo', 'Ahorro de energÃ­a asequible: este deshumidificador para recÃ¡mara es eficaz pero ahorra energÃ­a y utiliza solo 0.96 KW de electricidad despuÃ©s de funcionar durante 24 horas. Es amigable y mÃ¡s asequible que los deshumidificadores tradicionales para el baÃ±o, podrÃ­as resolver el mayor problema de humedad por la menor cantidad de dinero', 'Compacto para cada esquina: ningÃºn espacio es demasiado pequeÃ±o para este pequeÃ±o deshumidificador, el tamaÃ±o mini estÃ¡ diseÃ±ado para cada rincÃ³n que necesites, colÃ³calo en tu mesita de noche o armario, no necesitas soportar los edredones y ropa hÃºmedos, tambiÃ©n puedes poner este deshumidificador portÃ¡til en tu cocina, baÃ±o, armario, oficina, casa rodante... donde lo necesites, ahÃ­ estarÃ¡']
2026-02-23 14:36:44,572 | INFO | extractor_logger | Iniciando normalizaciÃ³n estructurada del producto.
2026-02-23 14:36:44,572 | INFO | extractor_logger | Referencia encontrada (modelo): DH-CS03
2026-02-23 14:36:44,573 | INFO | extractor_logger | NormalizaciÃ³n estructurada completada correctamente.
2026-02-23 14:36:44,573 | INFO | extractor_logger | Iniciando capa de traducciÃ³n.
2026-02-23 14:36:46,167 | INFO | extractor_logger | TraducciÃ³n completada.
2026-02-23 14:36:46,180 | INFO | extractor_logger | Validacion exitosa del contrato.
2026-02-23 14:36:46,185 | INFO | extractor_logger | Proceso completo finalizado.
2026-02-23 14:38:41,408 | INFO | extractor_logger | URL vÃ¡lida y dominio permitido.
2026-02-23 14:38:41,411 | INFO | extractor_logger | Proveedor detectado: Amazon
2026-02-23 14:38:41,411 | INFO | extractor_logger | Iniciando extracciÃ³n real Amazon con Playwright.
2026-02-23 14:38:59,441 | INFO | extractor_logger | [PRECIO DETECTADO] US$39.99
2026-02-23 14:38:59,470 | INFO | extractor_logger | [DEBUG BULLETS] Total encontrados: 5
2026-02-23 14:38:59,483 | INFO | extractor_logger | [DEBUG BULLET] DeshumidificaciÃ³n de alta eficiencia: este deshumidificador para el hogar estÃ¡ equipado con semiconductores Peltier termoelÃ©ctricos y un tanque de agua de 25 oz (750 ml), el deshumidificador podrÃ­a absorber hasta 16 oz (450 ml/D) de agua en un ambiente hÃºmedo de 86Â°F y 80% de HR. Ya no necesitas soportar dÃ­as hÃºmedos y simplemente disfruta de un ambiente de vida cÃ³modo
2026-02-23 14:38:59,502 | INFO | extractor_logger | [DEBUG BULLET] Ultra silencioso, apto para dormir: muchos deshumidificadores convencionales funcionan con altos niveles de ruido, lo que dificulta conciliar el sueÃ±o, mientras que este pequeÃ±o deshumidificador con tecnologÃ­a avanzada Peltier reduce el ruido de funcionamiento a menos de 35 dB sin comprometer la eficiencia de deshumidificaciÃ³n, creando un ambiente ideal para dormir. Es importante elegir deshumidificadores eficientes pero silenciosos para el dormitorio
2026-02-23 14:38:59,516 | INFO | extractor_logger | [DEBUG BULLET] Apagado automÃ¡tico, mantÃ©ngase seguro: este pequeÃ±o deshumidificador para habitaciÃ³n cuenta con una funciÃ³n de apagado automÃ¡tico que dejarÃ¡ de funcionar automÃ¡ticamente si el tanque de agua estÃ¡ lleno, y parpadearÃ¡ la luz roja para recordar a los usuarios que vacÃ­en el agua. Este mini deshumidificador es seguro durante 24 horas de funcionamiento continuo
2026-02-23 14:38:59,531 | INFO | extractor_logger | [DEBUG BULLET] Ahorro de energÃ­a asequible: este deshumidificador para recÃ¡mara es eficaz pero ahorra energÃ­a y utiliza solo 0.96 KW de electricidad despuÃ©s de funcionar durante 24 horas. Es amigable y mÃ¡s asequible que los deshumidificadores tradicionales para el baÃ±o, podrÃ­as resolver el mayor problema de humedad por la menor cantidad de dinero
2026-02-23 14:38:59,547 | INFO | extractor_logger | [DEBUG BULLET] Compacto para cada esquina: ningÃºn espacio es demasiado pequeÃ±o para este pequeÃ±o deshumidificador, el tamaÃ±o mini estÃ¡ diseÃ±ado para cada rincÃ³n que necesites, colÃ³calo en tu mesita de noche o armario, no necesitas soportar los edredones y ropa hÃºmedos, tambiÃ©n puedes poner este deshumidificador portÃ¡til en tu cocina, baÃ±o, armario, oficina, casa rodante... donde lo necesites, ahÃ­ estarÃ¡
2026-02-23 14:38:59,596 | INFO | extractor_logger | [DEBUG TECNICO] Marca: SANVINDER
2026-02-23 14:38:59,631 | INFO | extractor_logger | [DEBUG TECNICO] Ãrea de piso: 320 Pies cuadrados
2026-02-23 14:38:59,652 | INFO | extractor_logger | [DEBUG TECNICO] Color: Negro
2026-02-23 14:38:59,681 | INFO | extractor_logger | [DEBUG TECNICO] CaracterÃ­sticas especiales: Apagado automÃ¡tico, Luz nocturna, OperaciÃ³n silenciosa
2026-02-23 14:38:59,721 | INFO | extractor_logger | [DEBUG TECNICO] Capacidad: 25 Onzas lÃ­quidas
2026-02-23 14:38:59,764 | INFO | extractor_logger | [DEBUG TECNICO] Volumen del tanque: 25 Onzas de lÃ­quido
2026-02-23 14:38:59,810 | INFO | extractor_logger | [DEBUG TECNICO] Dimensiones del producto: 5,03"prof. x 5,03"an. x 8,38"al. pulgadas
2026-02-23 14:38:59,869 | INFO | extractor_logger | [DEBUG TECNICO] Cantidad de velocidades: 1
2026-02-23 14:38:59,908 | INFO | extractor_logger | [DEBUG TECNICO] Usos Recomendados Para Producto: Inicio
2026-02-23 14:38:59,941 | INFO | extractor_logger | [DEBUG TECNICO] Componentes incluidos: Adaptador, Deshumidificador, Manual de usuario, Manual del Usuario
2026-02-23 14:38:59,970 | INFO | extractor_logger | [DEBUG TECNICO] Peso del artÃ­culo: 2,2 Libras
2026-02-23 14:38:59,995 | INFO | extractor_logger | [DEBUG TECNICO] Material: PlÃ¡stico ABS
2026-02-23 14:39:00,028 | INFO | extractor_logger | [DEBUG TECNICO] Nombre del modelo: DH-CS03
2026-02-23 14:39:00,063 | INFO | extractor_logger | [DEBUG TECNICO] Potencia: 23 vatios
2026-02-23 14:39:00,116 | INFO | extractor_logger | [DEBUG TECNICO] Modo de operaciÃ³n: EstÃ¡ndar
2026-02-23 14:39:00,183 | INFO | extractor_logger | [DEBUG TECNICO] Capacidad de flujo de aire: 1200 Centilitros por segundo
2026-02-23 14:39:00,221 | INFO | extractor_logger | [DEBUG TECNICO] Fabricante: SANVINDER
2026-02-23 14:39:00,264 | INFO | extractor_logger | [DEBUG TECNICO] UPC: 860011529705
2026-02-23 14:39:00,295 | INFO | extractor_logger | [DEBUG TECNICO] ASIN: B0BGN335KB
2026-02-23 14:39:00,340 | INFO | extractor_logger | [DEBUG TECNICO] NÃºmero de modelo del producto: DH-CS03
2026-02-23 14:39:00,382 | INFO | extractor_logger | [DEBUG TECNICO] OpiniÃ³n media de los clientes: 4.3               4.3 de 5 estrellas         

                         (3,472)      
                    
                    var dpAcrHasRegisteredArcLinkClickAction;
                    P.when('A', 'ready').execute(function(A) {
                        if (dpAcrHasRegisteredArcLinkClickAction !== true) {
                            dpAcrHasRegisteredArcLinkClickAction = true;
                            A.declarative(
                                'acrLink-click-metrics', 'click',
                                { "allowLinkDefault": true },
                                function (event) {
                                    if (window.ue) {
                                        ue.count("acrLinkClickCount", (ue.count("acrLinkClickCount") || 0) + 1);
                                    }
                                }
                            );
                        }
                    });
                
                 
            P.when('A', 'cf').execute(function(A) {
                A.declarative('acrStarsLink-click-metrics', 'click', { "allowLinkDefault" : true },  function(event){
                    if(window.ue) {
                        ue.count("acrStarsLinkWithPopoverClickCount", (ue.count("acrStarsLinkWithPopoverClickCount") || 0) + 1);
                    }
                });
            });
        

           
       4.3 de 5 estrellas
2026-02-23 14:39:00,422 | INFO | extractor_logger | [DEBUG TECNICO] ClasificaciÃ³n en los mÃ¡s vendidos de Amazon: nÂº8,698 en Hogar y Cocina (Ver el Top 100 en Hogar y Cocina)  nÂº19 en Deshumidificadores
2026-02-23 14:39:00,467 | INFO | extractor_logger | [DEBUG TECNICO] Se requiere ensamblaje: No
2026-02-23 14:39:00,519 | INFO | extractor_logger | [DEBUG TECNICO] NÃºmero de piezas: 1
2026-02-23 14:39:00,569 | INFO | extractor_logger | [DEBUG TECNICO] Requiere baterÃ­as: No
2026-02-23 14:39:02,199 | INFO | extractor_logger | ExtracciÃ³n real completada correctamente.
2026-02-23 14:39:02,199 | INFO | extractor_logger | DEBUG RETURN BULLETS: ['DeshumidificaciÃ³n de alta eficiencia: este deshumidificador para el hogar estÃ¡ equipado con semiconductores Peltier termoelÃ©ctricos y un tanque de agua de 25 oz (750 ml), el deshumidificador podrÃ­a absorber hasta 16 oz (450 ml/D) de agua en un ambiente hÃºmedo de 86Â°F y 80% de HR. Ya no necesitas soportar dÃ­as hÃºmedos y simplemente disfruta de un ambiente de vida cÃ³modo', 'Ultra silencioso, apto para dormir: muchos deshumidificadores convencionales funcionan con altos niveles de ruido, lo que dificulta conciliar el sueÃ±o, mientras que este pequeÃ±o deshumidificador con tecnologÃ­a avanzada Peltier reduce el ruido de funcionamiento a menos de 35 dB sin comprometer la eficiencia de deshumidificaciÃ³n, creando un ambiente ideal para dormir. Es importante elegir deshumidificadores eficientes pero silenciosos para el dormitorio', 'Apagado automÃ¡tico, mantÃ©ngase seguro: este pequeÃ±o deshumidificador para habitaciÃ³n cuenta con una funciÃ³n de apagado automÃ¡tico que dejarÃ¡ de funcionar automÃ¡ticamente si el tanque de agua estÃ¡ lleno, y parpadearÃ¡ la luz roja para recordar a los usuarios que vacÃ­en el agua. Este mini deshumidificador es seguro durante 24 horas de funcionamiento continuo', 'Ahorro de energÃ­a asequible: este deshumidificador para recÃ¡mara es eficaz pero ahorra energÃ­a y utiliza solo 0.96 KW de electricidad despuÃ©s de funcionar durante 24 horas. Es amigable y mÃ¡s asequible que los deshumidificadores tradicionales para el baÃ±o, podrÃ­as resolver el mayor problema de humedad por la menor cantidad de dinero', 'Compacto para cada esquina: ningÃºn espacio es demasiado pequeÃ±o para este pequeÃ±o deshumidificador, el tamaÃ±o mini estÃ¡ diseÃ±ado para cada rincÃ³n que necesites, colÃ³calo en tu mesita de noche o armario, no necesitas soportar los edredones y ropa hÃºmedos, tambiÃ©n puedes poner este deshumidificador portÃ¡til en tu cocina, baÃ±o, armario, oficina, casa rodante... donde lo necesites, ahÃ­ estarÃ¡']
2026-02-23 14:39:02,200 | INFO | extractor_logger | Iniciando normalizaciÃ³n estructurada del producto.
2026-02-23 14:39:02,201 | INFO | extractor_logger | Referencia encontrada (modelo): DH-CS03
2026-02-23 14:39:02,202 | INFO | extractor_logger | NormalizaciÃ³n estructurada completada correctamente.
2026-02-23 14:39:02,202 | INFO | extractor_logger | Iniciando capa de traducciÃ³n.
2026-02-23 14:39:04,152 | INFO | extractor_logger | TraducciÃ³n completada.
2026-02-23 14:39:04,174 | INFO | extractor_logger | Validacion exitosa del contrato.
2026-02-23 14:39:04,183 | INFO | extractor_logger | Proceso completo finalizado.
2026-02-23 14:48:40,839 | INFO | extractor_logger | URL vÃ¡lida y dominio permitido.
2026-02-23 14:48:40,857 | INFO | extractor_logger | Proveedor detectado: Amazon
2026-02-23 14:48:40,858 | INFO | extractor_logger | Iniciando extracciÃ³n real Amazon con Playwright.
2026-02-23 14:49:09,194 | INFO | extractor_logger | [PRECIO DETECTADO] US$39.99
2026-02-23 14:49:09,227 | INFO | extractor_logger | [DEBUG BULLETS] Total encontrados: 5
2026-02-23 14:49:09,258 | INFO | extractor_logger | [DEBUG BULLET] DeshumidificaciÃ³n de alta eficiencia: este deshumidificador para el hogar estÃ¡ equipado con semiconductores Peltier termoelÃ©ctricos y un tanque de agua de 25 oz (750 ml), el deshumidificador podrÃ­a absorber hasta 16 oz (450 ml/D) de agua en un ambiente hÃºmedo de 86Â°F y 80% de HR. Ya no necesitas soportar dÃ­as hÃºmedos y simplemente disfruta de un ambiente de vida cÃ³modo
2026-02-23 14:49:09,274 | INFO | extractor_logger | [DEBUG BULLET] Ultra silencioso, apto para dormir: muchos deshumidificadores convencionales funcionan con altos niveles de ruido, lo que dificulta conciliar el sueÃ±o, mientras que este pequeÃ±o deshumidificador con tecnologÃ­a avanzada Peltier reduce el ruido de funcionamiento a menos de 35 dB sin comprometer la eficiencia de deshumidificaciÃ³n, creando un ambiente ideal para dormir. Es importante elegir deshumidificadores eficientes pero silenciosos para el dormitorio
2026-02-23 14:49:09,296 | INFO | extractor_logger | [DEBUG BULLET] Apagado automÃ¡tico, mantÃ©ngase seguro: este pequeÃ±o deshumidificador para habitaciÃ³n cuenta con una funciÃ³n de apagado automÃ¡tico que dejarÃ¡ de funcionar automÃ¡ticamente si el tanque de agua estÃ¡ lleno, y parpadearÃ¡ la luz roja para recordar a los usuarios que vacÃ­en el agua. Este mini deshumidificador es seguro durante 24 horas de funcionamiento continuo
2026-02-23 14:49:09,317 | INFO | extractor_logger | [DEBUG BULLET] Ahorro de energÃ­a asequible: este deshumidificador para recÃ¡mara es eficaz pero ahorra energÃ­a y utiliza solo 0.96 KW de electricidad despuÃ©s de funcionar durante 24 horas. Es amigable y mÃ¡s asequible que los deshumidificadores tradicionales para el baÃ±o, podrÃ­as resolver el mayor problema de humedad por la menor cantidad de dinero
2026-02-23 14:49:09,335 | INFO | extractor_logger | [DEBUG BULLET] Compacto para cada esquina: ningÃºn espacio es demasiado pequeÃ±o para este pequeÃ±o deshumidificador, el tamaÃ±o mini estÃ¡ diseÃ±ado para cada rincÃ³n que necesites, colÃ³calo en tu mesita de noche o armario, no necesitas soportar los edredones y ropa hÃºmedos, tambiÃ©n puedes poner este deshumidificador portÃ¡til en tu cocina, baÃ±o, armario, oficina, casa rodante... donde lo necesites, ahÃ­ estarÃ¡
2026-02-23 14:49:09,409 | INFO | extractor_logger | [DEBUG TECNICO] Marca: SANVINDER
2026-02-23 14:49:09,446 | INFO | extractor_logger | [DEBUG TECNICO] Ãrea de piso: 320 Pies cuadrados
2026-02-23 14:49:09,484 | INFO | extractor_logger | [DEBUG TECNICO] Color: Negro
2026-02-23 14:49:09,514 | INFO | extractor_logger | [DEBUG TECNICO] CaracterÃ­sticas especiales: Apagado automÃ¡tico, Luz nocturna, OperaciÃ³n silenciosa
2026-02-23 14:49:09,537 | INFO | extractor_logger | [DEBUG TECNICO] Capacidad: 25 Onzas lÃ­quidas
2026-02-23 14:49:09,565 | INFO | extractor_logger | [DEBUG TECNICO] Volumen del tanque: 25 Onzas de lÃ­quido
2026-02-23 14:49:09,587 | INFO | extractor_logger | [DEBUG TECNICO] Dimensiones del producto: 5,03"prof. x 5,03"an. x 8,38"al. pulgadas
2026-02-23 14:49:09,605 | INFO | extractor_logger | [DEBUG TECNICO] Cantidad de velocidades: 1
2026-02-23 14:49:09,626 | INFO | extractor_logger | [DEBUG TECNICO] Usos Recomendados Para Producto: Inicio
2026-02-23 14:49:09,656 | INFO | extractor_logger | [DEBUG TECNICO] Componentes incluidos: Adaptador, Deshumidificador, Manual de usuario, Manual del Usuario
2026-02-23 14:49:09,683 | INFO | extractor_logger | [DEBUG TECNICO] Peso del artÃ­culo: 2,2 Libras
2026-02-23 14:49:09,714 | INFO | extractor_logger | [DEBUG TECNICO] Material: PlÃ¡stico ABS
2026-02-23 14:49:09,736 | INFO | extractor_logger | [DEBUG TECNICO] Nombre del modelo: DH-CS03
2026-02-23 14:49:09,755 | INFO | extractor_logger | [DEBUG TECNICO] Potencia: 23 vatios
2026-02-23 14:49:09,774 | INFO | extractor_logger | [DEBUG TECNICO] Modo de operaciÃ³n: EstÃ¡ndar
2026-02-23 14:49:09,822 | INFO | extractor_logger | [DEBUG TECNICO] Capacidad de flujo de aire: 1200 Centilitros por segundo
2026-02-23 14:49:09,869 | INFO | extractor_logger | [DEBUG TECNICO] Fabricante: SANVINDER
2026-02-23 14:49:09,891 | INFO | extractor_logger | [DEBUG TECNICO] UPC: 860011529705
2026-02-23 14:49:09,940 | INFO | extractor_logger | [DEBUG TECNICO] ASIN: B0BGN335KB
2026-02-23 14:49:09,976 | INFO | extractor_logger | [DEBUG TECNICO] NÃºmero de modelo del producto: DH-CS03
2026-02-23 14:49:10,003 | INFO | extractor_logger | [DEBUG TECNICO] OpiniÃ³n media de los clientes: 4.3               4.3 de 5 estrellas         

                         (3,472)      
                    
                    var dpAcrHasRegisteredArcLinkClickAction;
                    P.when('A', 'ready').execute(function(A) {
                        if (dpAcrHasRegisteredArcLinkClickAction !== true) {
                            dpAcrHasRegisteredArcLinkClickAction = true;
                            A.declarative(
                                'acrLink-click-metrics', 'click',
                                { "allowLinkDefault": true },
                                function (event) {
                                    if (window.ue) {
                                        ue.count("acrLinkClickCount", (ue.count("acrLinkClickCount") || 0) + 1);
                                    }
                                }
                            );
                        }
                    });
                
                 
            P.when('A', 'cf').execute(function(A) {
                A.declarative('acrStarsLink-click-metrics', 'click', { "allowLinkDefault" : true },  function(event){
                    if(window.ue) {
                        ue.count("acrStarsLinkWithPopoverClickCount", (ue.count("acrStarsLinkWithPopoverClickCount") || 0) + 1);
                    }
                });
            });
        

           
       4.3 de 5 estrellas
2026-02-23 14:49:10,031 | INFO | extractor_logger | [DEBUG TECNICO] ClasificaciÃ³n en los mÃ¡s vendidos de Amazon: nÂº8,698 en Hogar y Cocina (Ver el Top 100 en Hogar y Cocina)  nÂº19 en Deshumidificadores
2026-02-23 14:49:10,056 | INFO | extractor_logger | [DEBUG TECNICO] Se requiere ensamblaje: No
2026-02-23 14:49:10,089 | INFO | extractor_logger | [DEBUG TECNICO] NÃºmero de piezas: 1
2026-02-23 14:49:10,113 | INFO | extractor_logger | [DEBUG TECNICO] Requiere baterÃ­as: No
2026-02-23 14:49:12,207 | INFO | extractor_logger | ExtracciÃ³n real completada correctamente.
2026-02-23 14:49:12,207 | INFO | extractor_logger | DEBUG RETURN BULLETS: ['DeshumidificaciÃ³n de alta eficiencia: este deshumidificador para el hogar estÃ¡ equipado con semiconductores Peltier termoelÃ©ctricos y un tanque de agua de 25 oz (750 ml), el deshumidificador podrÃ­a absorber hasta 16 oz (450 ml/D) de agua en un ambiente hÃºmedo de 86Â°F y 80% de HR. Ya no necesitas soportar dÃ­as hÃºmedos y simplemente disfruta de un ambiente de vida cÃ³modo', 'Ultra silencioso, apto para dormir: muchos deshumidificadores convencionales funcionan con altos niveles de ruido, lo que dificulta conciliar el sueÃ±o, mientras que este pequeÃ±o deshumidificador con tecnologÃ­a avanzada Peltier reduce el ruido de funcionamiento a menos de 35 dB sin comprometer la eficiencia de deshumidificaciÃ³n, creando un ambiente ideal para dormir. Es importante elegir deshumidificadores eficientes pero silenciosos para el dormitorio', 'Apagado automÃ¡tico, mantÃ©ngase seguro: este pequeÃ±o deshumidificador para habitaciÃ³n cuenta con una funciÃ³n de apagado automÃ¡tico que dejarÃ¡ de funcionar automÃ¡ticamente si el tanque de agua estÃ¡ lleno, y parpadearÃ¡ la luz roja para recordar a los usuarios que vacÃ­en el agua. Este mini deshumidificador es seguro durante 24 horas de funcionamiento continuo', 'Ahorro de energÃ­a asequible: este deshumidificador para recÃ¡mara es eficaz pero ahorra energÃ­a y utiliza solo 0.96 KW de electricidad despuÃ©s de funcionar durante 24 horas. Es amigable y mÃ¡s asequible que los deshumidificadores tradicionales para el baÃ±o, podrÃ­as resolver el mayor problema de humedad por la menor cantidad de dinero', 'Compacto para cada esquina: ningÃºn espacio es demasiado pequeÃ±o para este pequeÃ±o deshumidificador, el tamaÃ±o mini estÃ¡ diseÃ±ado para cada rincÃ³n que necesites, colÃ³calo en tu mesita de noche o armario, no necesitas soportar los edredones y ropa hÃºmedos, tambiÃ©n puedes poner este deshumidificador portÃ¡til en tu cocina, baÃ±o, armario, oficina, casa rodante... donde lo necesites, ahÃ­ estarÃ¡']
2026-02-23 14:49:12,209 | INFO | extractor_logger | Iniciando normalizaciÃ³n estructurada del producto.
2026-02-23 14:49:12,211 | INFO | extractor_logger | Referencia encontrada (modelo): DH-CS03
2026-02-23 14:49:12,212 | INFO | extractor_logger | NormalizaciÃ³n estructurada completada correctamente.
2026-02-23 14:49:12,212 | INFO | extractor_logger | Iniciando capa de traducciÃ³n.
2026-02-23 14:49:13,947 | INFO | extractor_logger | TraducciÃ³n completada.
2026-02-23 14:49:13,973 | INFO | extractor_logger | Validacion exitosa del contrato.
2026-02-23 14:49:13,981 | INFO | extractor_logger | Proceso completo finalizado.
2026-02-23 15:04:52,221 | INFO | extractor_logger | URL vÃ¡lida y dominio permitido.
2026-02-23 15:04:52,369 | INFO | extractor_logger | Proveedor detectado: Amazon
2026-02-23 15:04:52,372 | INFO | extractor_logger | Iniciando extracciÃ³n real Amazon con Playwright.
2026-02-23 15:05:11,302 | INFO | extractor_logger | [PRECIO DETECTADO] US$39.99
2026-02-23 15:05:12,401 | INFO | extractor_logger | [DEBUG BULLETS] Total encontrados: 5
2026-02-23 15:05:12,589 | INFO | extractor_logger | [DEBUG BULLET] DeshumidificaciÃ³n de alta eficiencia: este deshumidificador para el hogar estÃ¡ equipado con semiconductores Peltier termoelÃ©ctricos y un tanque de agua de 25 oz (750 ml), el deshumidificador podrÃ­a absorber hasta 16 oz (450 ml/D) de agua en un ambiente hÃºmedo de 86Â°F y 80% de HR. Ya no necesitas soportar dÃ­as hÃºmedos y simplemente disfruta de un ambiente de vida cÃ³modo
2026-02-23 15:05:12,745 | INFO | extractor_logger | [DEBUG BULLET] Ultra silencioso, apto para dormir: muchos deshumidificadores convencionales funcionan con altos niveles de ruido, lo que dificulta conciliar el sueÃ±o, mientras que este pequeÃ±o deshumidificador con tecnologÃ­a avanzada Peltier reduce el ruido de funcionamiento a menos de 35 dB sin comprometer la eficiencia de deshumidificaciÃ³n, creando un ambiente ideal para dormir. Es importante elegir deshumidificadores eficientes pero silenciosos para el dormitorio
2026-02-23 15:05:13,256 | INFO | extractor_logger | [DEBUG BULLET] Apagado automÃ¡tico, mantÃ©ngase seguro: este pequeÃ±o deshumidificador para habitaciÃ³n cuenta con una funciÃ³n de apagado automÃ¡tico que dejarÃ¡ de funcionar automÃ¡ticamente si el tanque de agua estÃ¡ lleno, y parpadearÃ¡ la luz roja para recordar a los usuarios que vacÃ­en el agua. Este mini deshumidificador es seguro durante 24 horas de funcionamiento continuo
2026-02-23 15:05:13,299 | INFO | extractor_logger | [DEBUG BULLET] Ahorro de energÃ­a asequible: este deshumidificador para recÃ¡mara es eficaz pero ahorra energÃ­a y utiliza solo 0.96 KW de electricidad despuÃ©s de funcionar durante 24 horas. Es amigable y mÃ¡s asequible que los deshumidificadores tradicionales para el baÃ±o, podrÃ­as resolver el mayor problema de humedad por la menor cantidad de dinero
2026-02-23 15:05:13,319 | INFO | extractor_logger | [DEBUG BULLET] Compacto para cada esquina: ningÃºn espacio es demasiado pequeÃ±o para este pequeÃ±o deshumidificador, el tamaÃ±o mini estÃ¡ diseÃ±ado para cada rincÃ³n que necesites, colÃ³calo en tu mesita de noche o armario, no necesitas soportar los edredones y ropa hÃºmedos, tambiÃ©n puedes poner este deshumidificador portÃ¡til en tu cocina, baÃ±o, armario, oficina, casa rodante... donde lo necesites, ahÃ­ estarÃ¡
2026-02-23 15:05:13,395 | INFO | extractor_logger | [DEBUG TECNICO] Marca: SANVINDER
2026-02-23 15:05:13,494 | INFO | extractor_logger | [DEBUG TECNICO] Ãrea de piso: 320 Pies cuadrados
2026-02-23 15:05:13,583 | INFO | extractor_logger | [DEBUG TECNICO] Color: Negro
2026-02-23 15:05:13,643 | INFO | extractor_logger | [DEBUG TECNICO] CaracterÃ­sticas especiales: Apagado automÃ¡tico, Luz nocturna, OperaciÃ³n silenciosa
2026-02-23 15:05:13,722 | INFO | extractor_logger | [DEBUG TECNICO] Capacidad: 25 Onzas lÃ­quidas
2026-02-23 15:05:13,804 | INFO | extractor_logger | [DEBUG TECNICO] Volumen del tanque: 25 Onzas de lÃ­quido
2026-02-23 15:05:13,869 | INFO | extractor_logger | [DEBUG TECNICO] Dimensiones del producto: 5,03"prof. x 5,03"an. x 8,38"al. pulgadas
2026-02-23 15:05:13,904 | INFO | extractor_logger | [DEBUG TECNICO] Cantidad de velocidades: 1
2026-02-23 15:05:13,940 | INFO | extractor_logger | [DEBUG TECNICO] Usos Recomendados Para Producto: Inicio
2026-02-23 15:05:13,985 | INFO | extractor_logger | [DEBUG TECNICO] Componentes incluidos: Adaptador, Deshumidificador, Manual de usuario, Manual del Usuario
2026-02-23 15:05:14,031 | INFO | extractor_logger | [DEBUG TECNICO] Peso del artÃ­culo: 2,2 Libras
2026-02-23 15:05:14,076 | INFO | extractor_logger | [DEBUG TECNICO] Material: PlÃ¡stico ABS
2026-02-23 15:05:14,104 | INFO | extractor_logger | [DEBUG TECNICO] Nombre del modelo: DH-CS03
2026-02-23 15:05:14,195 | INFO | extractor_logger | [DEBUG TECNICO] Potencia: 23 vatios
2026-02-23 15:05:14,246 | INFO | extractor_logger | [DEBUG TECNICO] Modo de operaciÃ³n: EstÃ¡ndar
2026-02-23 15:05:14,278 | INFO | extractor_logger | [DEBUG TECNICO] Capacidad de flujo de aire: 1200 Centilitros por segundo
2026-02-23 15:05:14,312 | INFO | extractor_logger | [DEBUG TECNICO] Fabricante: SANVINDER
2026-02-23 15:05:14,345 | INFO | extractor_logger | [DEBUG TECNICO] UPC: 860011529705
2026-02-23 15:05:14,370 | INFO | extractor_logger | [DEBUG TECNICO] ASIN: B0BGN335KB
2026-02-23 15:05:14,396 | INFO | extractor_logger | [DEBUG TECNICO] NÃºmero de modelo del producto: DH-CS03
2026-02-23 15:05:14,426 | INFO | extractor_logger | [DEBUG TECNICO] OpiniÃ³n media de los clientes: 4.3               4.3 de 5 estrellas         

                         (3,472)      
                    
                    var dpAcrHasRegisteredArcLinkClickAction;
                    P.when('A', 'ready').execute(function(A) {
                        if (dpAcrHasRegisteredArcLinkClickAction !== true) {
                            dpAcrHasRegisteredArcLinkClickAction = true;
                            A.declarative(
                                'acrLink-click-metrics', 'click',
                                { "allowLinkDefault": true },
                                function (event) {
                                    if (window.ue) {
                                        ue.count("acrLinkClickCount", (ue.count("acrLinkClickCount") || 0) + 1);
                                    }
                                }
                            );
                        }
                    });
                
                 
            P.when('A', 'cf').execute(function(A) {
                A.declarative('acrStarsLink-click-metrics', 'click', { "allowLinkDefault" : true },  function(event){
                    if(window.ue) {
                        ue.count("acrStarsLinkWithPopoverClickCount", (ue.count("acrStarsLinkWithPopoverClickCount") || 0) + 1);
                    }
                });
            });
        

           
       4.3 de 5 estrellas
2026-02-23 15:05:14,451 | INFO | extractor_logger | [DEBUG TECNICO] ClasificaciÃ³n en los mÃ¡s vendidos de Amazon: nÂº8,697 en Hogar y Cocina (Ver el Top 100 en Hogar y Cocina)  nÂº19 en Deshumidificadores
2026-02-23 15:05:14,476 | INFO | extractor_logger | [DEBUG TECNICO] Se requiere ensamblaje: No
2026-02-23 15:05:14,498 | INFO | extractor_logger | [DEBUG TECNICO] NÃºmero de piezas: 1
2026-02-23 15:05:14,521 | INFO | extractor_logger | [DEBUG TECNICO] Requiere baterÃ­as: No
2026-02-23 15:05:17,126 | INFO | extractor_logger | ExtracciÃ³n real completada correctamente.
2026-02-23 15:05:17,126 | INFO | extractor_logger | DEBUG RETURN BULLETS: ['DeshumidificaciÃ³n de alta eficiencia: este deshumidificador para el hogar estÃ¡ equipado con semiconductores Peltier termoelÃ©ctricos y un tanque de agua de 25 oz (750 ml), el deshumidificador podrÃ­a absorber hasta 16 oz (450 ml/D) de agua en un ambiente hÃºmedo de 86Â°F y 80% de HR. Ya no necesitas soportar dÃ­as hÃºmedos y simplemente disfruta de un ambiente de vida cÃ³modo', 'Ultra silencioso, apto para dormir: muchos deshumidificadores convencionales funcionan con altos niveles de ruido, lo que dificulta conciliar el sueÃ±o, mientras que este pequeÃ±o deshumidificador con tecnologÃ­a avanzada Peltier reduce el ruido de funcionamiento a menos de 35 dB sin comprometer la eficiencia de deshumidificaciÃ³n, creando un ambiente ideal para dormir. Es importante elegir deshumidificadores eficientes pero silenciosos para el dormitorio', 'Apagado automÃ¡tico, mantÃ©ngase seguro: este pequeÃ±o deshumidificador para habitaciÃ³n cuenta con una funciÃ³n de apagado automÃ¡tico que dejarÃ¡ de funcionar automÃ¡ticamente si el tanque de agua estÃ¡ lleno, y parpadearÃ¡ la luz roja para recordar a los usuarios que vacÃ­en el agua. Este mini deshumidificador es seguro durante 24 horas de funcionamiento continuo', 'Ahorro de energÃ­a asequible: este deshumidificador para recÃ¡mara es eficaz pero ahorra energÃ­a y utiliza solo 0.96 KW de electricidad despuÃ©s de funcionar durante 24 horas. Es amigable y mÃ¡s asequible que los deshumidificadores tradicionales para el baÃ±o, podrÃ­as resolver el mayor problema de humedad por la menor cantidad de dinero', 'Compacto para cada esquina: ningÃºn espacio es demasiado pequeÃ±o para este pequeÃ±o deshumidificador, el tamaÃ±o mini estÃ¡ diseÃ±ado para cada rincÃ³n que necesites, colÃ³calo en tu mesita de noche o armario, no necesitas soportar los edredones y ropa hÃºmedos, tambiÃ©n puedes poner este deshumidificador portÃ¡til en tu cocina, baÃ±o, armario, oficina, casa rodante... donde lo necesites, ahÃ­ estarÃ¡']
2026-02-23 15:05:17,127 | INFO | extractor_logger | Iniciando normalizaciÃ³n estructurada del producto.
2026-02-23 15:05:17,127 | INFO | extractor_logger | Referencia encontrada (modelo): DH-CS03
2026-02-23 15:05:17,129 | INFO | extractor_logger | NormalizaciÃ³n estructurada completada correctamente.
2026-02-23 15:05:17,129 | INFO | extractor_logger | Iniciando capa de traducciÃ³n.
2026-02-23 15:05:18,943 | INFO | extractor_logger | TraducciÃ³n completada.
2026-02-23 15:05:18,963 | INFO | extractor_logger | Validacion exitosa del contrato.
2026-02-23 15:05:18,972 | INFO | extractor_logger | Proceso completo finalizado.
2026-02-23 15:20:13,749 | INFO | extractor_logger | URL vÃ¡lida y dominio permitido.
2026-02-23 15:20:13,754 | INFO | extractor_logger | Proveedor detectado: Amazon
2026-02-23 15:20:13,754 | INFO | extractor_logger | Iniciando extracciÃ³n real Amazon con Playwright.
2026-02-23 15:20:30,443 | INFO | extractor_logger | [PRECIO DETECTADO] US$39.99
2026-02-23 15:20:30,681 | INFO | extractor_logger | [DEBUG BULLETS] Total encontrados: 5
2026-02-23 15:20:30,849 | INFO | extractor_logger | [DEBUG BULLET] DeshumidificaciÃ³n de alta eficiencia: este deshumidificador para el hogar estÃ¡ equipado con semiconductores Peltier termoelÃ©ctricos y un tanque de agua de 25 oz (750 ml), el deshumidificador podrÃ­a absorber hasta 16 oz (450 ml/D) de agua en un ambiente hÃºmedo de 86Â°F y 80% de HR. Ya no necesitas soportar dÃ­as hÃºmedos y simplemente disfruta de un ambiente de vida cÃ³modo
2026-02-23 15:20:30,870 | INFO | extractor_logger | [DEBUG BULLET] Ultra silencioso, apto para dormir: muchos deshumidificadores convencionales funcionan con altos niveles de ruido, lo que dificulta conciliar el sueÃ±o, mientras que este pequeÃ±o deshumidificador con tecnologÃ­a avanzada Peltier reduce el ruido de funcionamiento a menos de 35 dB sin comprometer la eficiencia de deshumidificaciÃ³n, creando un ambiente ideal para dormir. Es importante elegir deshumidificadores eficientes pero silenciosos para el dormitorio
2026-02-23 15:20:30,896 | INFO | extractor_logger | [DEBUG BULLET] Apagado automÃ¡tico, mantÃ©ngase seguro: este pequeÃ±o deshumidificador para habitaciÃ³n cuenta con una funciÃ³n de apagado automÃ¡tico que dejarÃ¡ de funcionar automÃ¡ticamente si el tanque de agua estÃ¡ lleno, y parpadearÃ¡ la luz roja para recordar a los usuarios que vacÃ­en el agua. Este mini deshumidificador es seguro durante 24 horas de funcionamiento continuo
2026-02-23 15:20:30,930 | INFO | extractor_logger | [DEBUG BULLET] Ahorro de energÃ­a asequible: este deshumidificador para recÃ¡mara es eficaz pero ahorra energÃ­a y utiliza solo 0.96 KW de electricidad despuÃ©s de funcionar durante 24 horas. Es amigable y mÃ¡s asequible que los deshumidificadores tradicionales para el baÃ±o, podrÃ­as resolver el mayor problema de humedad por la menor cantidad de dinero
2026-02-23 15:20:30,953 | INFO | extractor_logger | [DEBUG BULLET] Compacto para cada esquina: ningÃºn espacio es demasiado pequeÃ±o para este pequeÃ±o deshumidificador, el tamaÃ±o mini estÃ¡ diseÃ±ado para cada rincÃ³n que necesites, colÃ³calo en tu mesita de noche o armario, no necesitas soportar los edredones y ropa hÃºmedos, tambiÃ©n puedes poner este deshumidificador portÃ¡til en tu cocina, baÃ±o, armario, oficina, casa rodante... donde lo necesites, ahÃ­ estarÃ¡
2026-02-23 15:20:31,142 | INFO | extractor_logger | [DEBUG TECNICO] Marca: SANVINDER
2026-02-23 15:20:31,174 | INFO | extractor_logger | [DEBUG TECNICO] Ãrea de piso: 320 Pies cuadrados
2026-02-23 15:20:31,202 | INFO | extractor_logger | [DEBUG TECNICO] Color: Negro
2026-02-23 15:20:31,312 | INFO | extractor_logger | [DEBUG TECNICO] CaracterÃ­sticas especiales: Apagado automÃ¡tico, Luz nocturna, OperaciÃ³n silenciosa
2026-02-23 15:20:31,427 | INFO | extractor_logger | [DEBUG TECNICO] Capacidad: 25 Onzas lÃ­quidas
2026-02-23 15:20:31,452 | INFO | extractor_logger | [DEBUG TECNICO] Volumen del tanque: 25 Onzas de lÃ­quido
2026-02-23 15:20:31,472 | INFO | extractor_logger | [DEBUG TECNICO] Dimensiones del producto: 5,03"prof. x 5,03"an. x 8,38"al. pulgadas
2026-02-23 15:20:31,494 | INFO | extractor_logger | [DEBUG TECNICO] Cantidad de velocidades: 1
2026-02-23 15:20:31,520 | INFO | extractor_logger | [DEBUG TECNICO] Usos Recomendados Para Producto: Inicio
2026-02-23 15:20:31,552 | INFO | extractor_logger | [DEBUG TECNICO] Componentes incluidos: Adaptador, Deshumidificador, Manual de usuario, Manual del Usuario
2026-02-23 15:20:31,577 | INFO | extractor_logger | [DEBUG TECNICO] Peso del artÃ­culo: 2,2 Libras
2026-02-23 15:20:31,605 | INFO | extractor_logger | [DEBUG TECNICO] Material: PlÃ¡stico ABS
2026-02-23 15:20:31,659 | INFO | extractor_logger | [DEBUG TECNICO] Nombre del modelo: DH-CS03
2026-02-23 15:20:31,693 | INFO | extractor_logger | [DEBUG TECNICO] Potencia: 23 vatios
2026-02-23 15:20:31,715 | INFO | extractor_logger | [DEBUG TECNICO] Modo de operaciÃ³n: EstÃ¡ndar
2026-02-23 15:20:31,756 | INFO | extractor_logger | [DEBUG TECNICO] Capacidad de flujo de aire: 1200 Centilitros por segundo
2026-02-23 15:20:31,780 | INFO | extractor_logger | [DEBUG TECNICO] Fabricante: SANVINDER
2026-02-23 15:20:31,800 | INFO | extractor_logger | [DEBUG TECNICO] UPC: 860011529705
2026-02-23 15:20:31,820 | INFO | extractor_logger | [DEBUG TECNICO] ASIN: B0BGN335KB
2026-02-23 15:20:31,842 | INFO | extractor_logger | [DEBUG TECNICO] NÃºmero de modelo del producto: DH-CS03
2026-02-23 15:20:31,859 | INFO | extractor_logger | [DEBUG TECNICO] OpiniÃ³n media de los clientes: 4.3               4.3 de 5 estrellas         

                         (3,472)      
                    
                    var dpAcrHasRegisteredArcLinkClickAction;
                    P.when('A', 'ready').execute(function(A) {
                        if (dpAcrHasRegisteredArcLinkClickAction !== true) {
                            dpAcrHasRegisteredArcLinkClickAction = true;
                            A.declarative(
                                'acrLink-click-metrics', 'click',
                                { "allowLinkDefault": true },
                                function (event) {
                                    if (window.ue) {
                                        ue.count("acrLinkClickCount", (ue.count("acrLinkClickCount") || 0) + 1);
                                    }
                                }
                            );
                        }
                    });
                
                 
            P.when('A', 'cf').execute(function(A) {
                A.declarative('acrStarsLink-click-metrics', 'click', { "allowLinkDefault" : true },  function(event){
                    if(window.ue) {
                        ue.count("acrStarsLinkWithPopoverClickCount", (ue.count("acrStarsLinkWithPopoverClickCount") || 0) + 1);
                    }
                });
            });
        

           
       4.3 de 5 estrellas
2026-02-23 15:20:31,876 | INFO | extractor_logger | [DEBUG TECNICO] ClasificaciÃ³n en los mÃ¡s vendidos de Amazon: nÂº8,697 en Hogar y Cocina (Ver el Top 100 en Hogar y Cocina)  nÂº19 en Deshumidificadores
2026-02-23 15:20:31,893 | INFO | extractor_logger | [DEBUG TECNICO] Se requiere ensamblaje: No
2026-02-23 15:20:31,912 | INFO | extractor_logger | [DEBUG TECNICO] NÃºmero de piezas: 1
2026-02-23 15:20:31,933 | INFO | extractor_logger | [DEBUG TECNICO] Requiere baterÃ­as: No
2026-02-23 15:20:33,067 | INFO | extractor_logger | ExtracciÃ³n real completada correctamente.
2026-02-23 15:20:33,068 | INFO | extractor_logger | DEBUG RETURN BULLETS: ['DeshumidificaciÃ³n de alta eficiencia: este deshumidificador para el hogar estÃ¡ equipado con semiconductores Peltier termoelÃ©ctricos y un tanque de agua de 25 oz (750 ml), el deshumidificador podrÃ­a absorber hasta 16 oz (450 ml/D) de agua en un ambiente hÃºmedo de 86Â°F y 80% de HR. Ya no necesitas soportar dÃ­as hÃºmedos y simplemente disfruta de un ambiente de vida cÃ³modo', 'Ultra silencioso, apto para dormir: muchos deshumidificadores convencionales funcionan con altos niveles de ruido, lo que dificulta conciliar el sueÃ±o, mientras que este pequeÃ±o deshumidificador con tecnologÃ­a avanzada Peltier reduce el ruido de funcionamiento a menos de 35 dB sin comprometer la eficiencia de deshumidificaciÃ³n, creando un ambiente ideal para dormir. Es importante elegir deshumidificadores eficientes pero silenciosos para el dormitorio', 'Apagado automÃ¡tico, mantÃ©ngase seguro: este pequeÃ±o deshumidificador para habitaciÃ³n cuenta con una funciÃ³n de apagado automÃ¡tico que dejarÃ¡ de funcionar automÃ¡ticamente si el tanque de agua estÃ¡ lleno, y parpadearÃ¡ la luz roja para recordar a los usuarios que vacÃ­en el agua. Este mini deshumidificador es seguro durante 24 horas de funcionamiento continuo', 'Ahorro de energÃ­a asequible: este deshumidificador para recÃ¡mara es eficaz pero ahorra energÃ­a y utiliza solo 0.96 KW de electricidad despuÃ©s de funcionar durante 24 horas. Es amigable y mÃ¡s asequible que los deshumidificadores tradicionales para el baÃ±o, podrÃ­as resolver el mayor problema de humedad por la menor cantidad de dinero', 'Compacto para cada esquina: ningÃºn espacio es demasiado pequeÃ±o para este pequeÃ±o deshumidificador, el tamaÃ±o mini estÃ¡ diseÃ±ado para cada rincÃ³n que necesites, colÃ³calo en tu mesita de noche o armario, no necesitas soportar los edredones y ropa hÃºmedos, tambiÃ©n puedes poner este deshumidificador portÃ¡til en tu cocina, baÃ±o, armario, oficina, casa rodante... donde lo necesites, ahÃ­ estarÃ¡']
2026-02-23 15:20:33,068 | INFO | extractor_logger | Iniciando normalizaciÃ³n estructurada del producto.
2026-02-23 15:20:33,069 | INFO | extractor_logger | Referencia encontrada (modelo): DH-CS03
2026-02-23 15:20:33,069 | INFO | extractor_logger | NormalizaciÃ³n estructurada completada correctamente.
2026-02-23 15:20:33,069 | INFO | extractor_logger | Iniciando capa de traducciÃ³n.
2026-02-23 15:20:34,651 | INFO | extractor_logger | TraducciÃ³n completada.
2026-02-23 15:20:34,683 | INFO | extractor_logger | Validacion exitosa del contrato.
2026-02-23 15:20:34,693 | INFO | extractor_logger | Proceso completo finalizado.
2026-02-23 15:28:08,043 | INFO | extractor_logger | URL vÃ¡lida y dominio permitido.
2026-02-23 15:28:08,047 | INFO | extractor_logger | Proveedor detectado: Amazon
2026-02-23 15:28:08,047 | INFO | extractor_logger | Iniciando extracciÃ³n real Amazon con Playwright.
2026-02-23 15:28:30,618 | INFO | extractor_logger | [PRECIO DETECTADO] US$629.99
2026-02-23 15:28:30,652 | INFO | extractor_logger | [DEBUG BULLETS] Total encontrados: 10
2026-02-23 15:28:30,670 | INFO | extractor_logger | [DEBUG BULLET] DJI Autorizado en EE. UU. - ProtecciÃ³n completa en EE. UU | OSMO Pocket 3 - Impresionante video de 4K/120fps y sensor CMOS de 1 pulgada â€“ Captura detalles impresionantes con un gran sensor CMOS de 1 pulgada que ofrece imÃ¡genes nÃ­tidas y vibrantes incluso en condiciones de poca luz. Graba en 4K/120fps a cÃ¡mara lenta para obtener momentos cinematogrÃ¡ficos ultra suaves.
2026-02-23 15:28:30,689 | INFO | extractor_logger | [DEBUG BULLET] EstabilizaciÃ³n sÃ³lida como una roca de tres ejes: graba imÃ¡genes estables y sin sacudidas en cualquier lugar. El avanzado cardÃ¡n de 3 ejes garantiza una estabilidad a nivel profesional ya sea que estÃ©s caminando, corriendo o filmando tomas de acciÃ³n dinÃ¡mica.
2026-02-23 15:28:30,878 | INFO | extractor_logger | [DEBUG BULLET] Pantalla tÃ¡ctil OLED giratoria de 2 pulgadas: cambia sin problemas entre tomas horizontales y verticales con la pantalla OLED grande y giratoria. Ajuste sin esfuerzo la configuraciÃ³n, realice un seguimiento de los sujetos y obtenga una vista previa de las tomas con imÃ¡genes nÃ­tidas.
2026-02-23 15:28:30,888 | INFO | extractor_logger | [DEBUG BULLET] Enfoque rÃ¡pido de pÃ­xel completo + Modo de presentaciÃ³n de productos: fija el enfoque en sujetos en movimiento con precisiÃ³n ultrarrÃ¡pida. Perfecto para vlogs y transmisiÃ³n en vivo, el modo Product Showcase cambia suavemente el enfoque hacia el primer plano para presentaciones claras y atractivas.
2026-02-23 15:28:30,900 | INFO | extractor_logger | [DEBUG BULLET] Seguimiento mÃ¡s inteligente con ActiveTrack 6.0 â€“ Mantente en el encuadre sin usar las manos. Los modos inteligentes como la detecciÃ³n automÃ¡tica de cara y el encuadre dinÃ¡mico te mantienen perfectamente centrado mientras te mueves, ofreciendo imÃ¡genes de calidad profesional con facilidad.
2026-02-23 15:28:30,995 | INFO | extractor_logger | [DEBUG BULLET] Color de nivel profesional con 10 bits D-Log M y HLG â€“ Desbloquea la libertad creativa con un color rico y realista. Graba hasta mil millones de colores con soporte HDR para una impresionante flexibilidad de posproducciÃ³n e impresionantes imÃ¡genes cinematogrÃ¡ficas.
2026-02-23 15:28:31,006 | INFO | extractor_logger | [DEBUG BULLET] Audio nÃ­tido en cualquier lugar: captura sonido envolvente con una matriz integrada de 3 micrÃ³fonos que reduce el ruido del viento. ConÃ©ctate sin problemas a dos transmisores DJI Mic 2 para vlogs de dos personas, entrevistas o eventos en vivo.
2026-02-23 15:28:31,015 | INFO | extractor_logger | [DEBUG BULLET] Compacto, de carga rÃ¡pida y listo para viajar: el diseÃ±o de tamaÃ±o de bolsillo cabe en tu mano o bolso, listo para cualquier aventura. Graba durante mÃ¡s tiempo con hasta 166 minutos de duraciÃ³n de la baterÃ­a, y recarga un 80% en solo 16 minutos para no perderte ni un momento.
2026-02-23 15:28:31,024 | INFO | extractor_logger | [DEBUG BULLET] EN LA CAJA: Osmo Pocket 3 | Cable PD de Type-C a Type-C | Funda Protectora Osmo Pocket 3 | Correa de MuÃ±eca DJI | Mango Osmo Pocket 3 con Rosca de 1/4"
2026-02-23 15:28:31,033 | INFO | extractor_logger | [DEBUG BULLET] PAQUETE INCLUYE: GuÃ­a maestra no oficial Deco Gear para el DJI Osmo Pocket 3 | MicrÃ³fono de solapa mini de 3.5mm Deco Essentials con clip para computadora, negro | Tarjeta de memoria microSDHC/microSDXC UHS-I de alto rendimiento Lexar 633x de 128GB | PaÃ±o de limpieza de microfibra Deco Gear de 6 x 6 pulgadas
2026-02-23 15:28:31,242 | INFO | extractor_logger | [DEBUG TECNICO] Dimensiones del producto: 1,3 x 1,7 x 5,5 pulgadas
2026-02-23 15:28:31,265 | INFO | extractor_logger | [DEBUG TECNICO] ASIN: B0FTGR7ZDZ
2026-02-23 15:28:31,283 | INFO | extractor_logger | [DEBUG TECNICO] NÃºmero de modelo del producto: E4DJIOSMOPOCK3
2026-02-23 15:28:31,305 | INFO | extractor_logger | [DEBUG TECNICO] Pilas: 1 CR5 necesaria(s), incluida(s)
2026-02-23 15:28:31,327 | INFO | extractor_logger | [DEBUG TECNICO] OpiniÃ³n media de los clientes: 3.9               3.9 de 5 estrellas         

                         (183)      
                    
                    var dpAcrHasRegisteredArcLinkClickAction;
                    P.when('A', 'ready').execute(function(A) {
                        if (dpAcrHasRegisteredArcLinkClickAction !== true) {
                            dpAcrHasRegisteredArcLinkClickAction = true;
                            A.declarative(
                                'acrLink-click-metrics', 'click',
                                { "allowLinkDefault": true },
                                function (event) {
                                    if (window.ue) {
                                        ue.count("acrLinkClickCount", (ue.count("acrLinkClickCount") || 0) + 1);
                                    }
                                }
                            );
                        }
                    });
                
                 
            P.when('A', 'cf').execute(function(A) {
                A.declarative('acrStarsLink-click-metrics', 'click', { "allowLinkDefault" : true },  function(event){
                    if(window.ue) {
                        ue.count("acrStarsLinkWithPopoverClickCount", (ue.count("acrStarsLinkWithPopoverClickCount") || 0) + 1);
                    }
                });
            });
        

           
       3.9 de 5 estrellas
2026-02-23 15:28:31,370 | INFO | extractor_logger | [DEBUG TECNICO] ClasificaciÃ³n en los mÃ¡s vendidos de Amazon: nÂº29,439 en ElectrÃ³nica (Ver el Top 100 en ElectrÃ³nica)  nÂº147 en VideocÃ¡maras para Deportes y AcciÃ³n
2026-02-23 15:28:31,401 | INFO | extractor_logger | [DEBUG TECNICO] Producto en amazon.com desde: octubre 1, 2025
2026-02-23 15:28:31,421 | INFO | extractor_logger | [DEBUG TECNICO] Fabricante: DJI
2026-02-23 15:28:33,088 | INFO | extractor_logger | ExtracciÃ³n real completada correctamente.
2026-02-23 15:28:33,090 | INFO | extractor_logger | DEBUG RETURN BULLETS: ['DJI Autorizado en EE. UU. - ProtecciÃ³n completa en EE. UU | OSMO Pocket 3 - Impresionante video de 4K/120fps y sensor CMOS de 1 pulgada â€“ Captura detalles impresionantes con un gran sensor CMOS de 1 pulgada que ofrece imÃ¡genes nÃ­tidas y vibrantes incluso en condiciones de poca luz. Graba en 4K/120fps a cÃ¡mara lenta para obtener momentos cinematogrÃ¡ficos ultra suaves.', 'EstabilizaciÃ³n sÃ³lida como una roca de tres ejes: graba imÃ¡genes estables y sin sacudidas en cualquier lugar. El avanzado cardÃ¡n de 3 ejes garantiza una estabilidad a nivel profesional ya sea que estÃ©s caminando, corriendo o filmando tomas de acciÃ³n dinÃ¡mica.', 'Pantalla tÃ¡ctil OLED giratoria de 2 pulgadas: cambia sin problemas entre tomas horizontales y verticales con la pantalla OLED grande y giratoria. Ajuste sin esfuerzo la configuraciÃ³n, realice un seguimiento de los sujetos y obtenga una vista previa de las tomas con imÃ¡genes nÃ­tidas.', 'Enfoque rÃ¡pido de pÃ­xel completo + Modo de presentaciÃ³n de productos: fija el enfoque en sujetos en movimiento con precisiÃ³n ultrarrÃ¡pida. Perfecto para vlogs y transmisiÃ³n en vivo, el modo Product Showcase cambia suavemente el enfoque hacia el primer plano para presentaciones claras y atractivas.', 'Seguimiento mÃ¡s inteligente con ActiveTrack 6.0 â€“ Mantente en el encuadre sin usar las manos. Los modos inteligentes como la detecciÃ³n automÃ¡tica de cara y el encuadre dinÃ¡mico te mantienen perfectamente centrado mientras te mueves, ofreciendo imÃ¡genes de calidad profesional con facilidad.', 'Color de nivel profesional con 10 bits D-Log M y HLG â€“ Desbloquea la libertad creativa con un color rico y realista. Graba hasta mil millones de colores con soporte HDR para una impresionante flexibilidad de posproducciÃ³n e impresionantes imÃ¡genes cinematogrÃ¡ficas.', 'Audio nÃ­tido en cualquier lugar: captura sonido envolvente con una matriz integrada de 3 micrÃ³fonos que reduce el ruido del viento. ConÃ©ctate sin problemas a dos transmisores DJI Mic 2 para vlogs de dos personas, entrevistas o eventos en vivo.', 'Compacto, de carga rÃ¡pida y listo para viajar: el diseÃ±o de tamaÃ±o de bolsillo cabe en tu mano o bolso, listo para cualquier aventura. Graba durante mÃ¡s tiempo con hasta 166 minutos de duraciÃ³n de la baterÃ­a, y recarga un 80% en solo 16 minutos para no perderte ni un momento.', 'EN LA CAJA: Osmo Pocket 3 | Cable PD de Type-C a Type-C | Funda Protectora Osmo Pocket 3 | Correa de MuÃ±eca DJI | Mango Osmo Pocket 3 con Rosca de 1/4"', 'PAQUETE INCLUYE: GuÃ­a maestra no oficial Deco Gear para el DJI Osmo Pocket 3 | MicrÃ³fono de solapa mini de 3.5mm Deco Essentials con clip para computadora, negro | Tarjeta de memoria microSDHC/microSDXC UHS-I de alto rendimiento Lexar 633x de 128GB | PaÃ±o de limpieza de microfibra Deco Gear de 6 x 6 pulgadas']
2026-02-23 15:28:33,092 | INFO | extractor_logger | Iniciando normalizaciÃ³n estructurada del producto.
2026-02-23 15:28:33,094 | INFO | extractor_logger | Referencia encontrada (modelo): E4DJIOSMOPOCK3
2026-02-23 15:28:33,095 | INFO | extractor_logger | NormalizaciÃ³n estructurada completada correctamente.
2026-02-23 15:28:33,096 | INFO | extractor_logger | Iniciando capa de traducciÃ³n.
2026-02-23 15:28:34,754 | INFO | extractor_logger | TraducciÃ³n completada.
2026-02-23 15:28:34,777 | INFO | extractor_logger | Validacion exitosa del contrato.
2026-02-23 15:28:34,787 | INFO | extractor_logger | Proceso completo finalizado.
2026-02-23 15:46:28,858 | INFO | extractor_logger | URL vÃ¡lida y dominio permitido.
2026-02-23 15:46:28,863 | INFO | extractor_logger | Proveedor detectado: Amazon
2026-02-23 15:46:28,864 | INFO | extractor_logger | Iniciando extracciÃ³n real Amazon con Playwright.
2026-02-23 15:46:46,263 | INFO | extractor_logger | [PRECIO DETECTADO] US$629.99
2026-02-23 15:46:46,375 | INFO | extractor_logger | [DEBUG BULLETS] Total encontrados: 10
2026-02-23 15:46:46,382 | INFO | extractor_logger | [DEBUG BULLET] DJI Autorizado en EE. UU. - ProtecciÃ³n completa en EE. UU | OSMO Pocket 3 - Impresionante video de 4K/120fps y sensor CMOS de 1 pulgada â€“ Captura detalles impresionantes con un gran sensor CMOS de 1 pulgada que ofrece imÃ¡genes nÃ­tidas y vibrantes incluso en condiciones de poca luz. Graba en 4K/120fps a cÃ¡mara lenta para obtener momentos cinematogrÃ¡ficos ultra suaves.
2026-02-23 15:46:46,393 | INFO | extractor_logger | [DEBUG BULLET] EstabilizaciÃ³n sÃ³lida como una roca de tres ejes: graba imÃ¡genes estables y sin sacudidas en cualquier lugar. El avanzado cardÃ¡n de 3 ejes garantiza una estabilidad a nivel profesional ya sea que estÃ©s caminando, corriendo o filmando tomas de acciÃ³n dinÃ¡mica.
2026-02-23 15:46:46,408 | INFO | extractor_logger | [DEBUG BULLET] Pantalla tÃ¡ctil OLED giratoria de 2 pulgadas: cambia sin problemas entre tomas horizontales y verticales con la pantalla OLED grande y giratoria. Ajuste sin esfuerzo la configuraciÃ³n, realice un seguimiento de los sujetos y obtenga una vista previa de las tomas con imÃ¡genes nÃ­tidas.
2026-02-23 15:46:46,422 | INFO | extractor_logger | [DEBUG BULLET] Enfoque rÃ¡pido de pÃ­xel completo + Modo de presentaciÃ³n de productos: fija el enfoque en sujetos en movimiento con precisiÃ³n ultrarrÃ¡pida. Perfecto para vlogs y transmisiÃ³n en vivo, el modo Product Showcase cambia suavemente el enfoque hacia el primer plano para presentaciones claras y atractivas.
2026-02-23 15:46:46,439 | INFO | extractor_logger | [DEBUG BULLET] Seguimiento mÃ¡s inteligente con ActiveTrack 6.0 â€“ Mantente en el encuadre sin usar las manos. Los modos inteligentes como la detecciÃ³n automÃ¡tica de cara y el encuadre dinÃ¡mico te mantienen perfectamente centrado mientras te mueves, ofreciendo imÃ¡genes de calidad profesional con facilidad.
2026-02-23 15:46:46,451 | INFO | extractor_logger | [DEBUG BULLET] Color de nivel profesional con 10 bits D-Log M y HLG â€“ Desbloquea la libertad creativa con un color rico y realista. Graba hasta mil millones de colores con soporte HDR para una impresionante flexibilidad de posproducciÃ³n e impresionantes imÃ¡genes cinematogrÃ¡ficas.
2026-02-23 15:46:46,463 | INFO | extractor_logger | [DEBUG BULLET] Audio nÃ­tido en cualquier lugar: captura sonido envolvente con una matriz integrada de 3 micrÃ³fonos que reduce el ruido del viento. ConÃ©ctate sin problemas a dos transmisores DJI Mic 2 para vlogs de dos personas, entrevistas o eventos en vivo.
2026-02-23 15:46:46,476 | INFO | extractor_logger | [DEBUG BULLET] Compacto, de carga rÃ¡pida y listo para viajar: el diseÃ±o de tamaÃ±o de bolsillo cabe en tu mano o bolso, listo para cualquier aventura. Graba durante mÃ¡s tiempo con hasta 166 minutos de duraciÃ³n de la baterÃ­a, y recarga un 80% en solo 16 minutos para no perderte ni un momento.
2026-02-23 15:46:46,492 | INFO | extractor_logger | [DEBUG BULLET] EN LA CAJA: Osmo Pocket 3 | Cable PD de Type-C a Type-C | Funda Protectora Osmo Pocket 3 | Correa de MuÃ±eca DJI | Mango Osmo Pocket 3 con Rosca de 1/4"
2026-02-23 15:46:46,507 | INFO | extractor_logger | [DEBUG BULLET] PAQUETE INCLUYE: GuÃ­a maestra no oficial Deco Gear para el DJI Osmo Pocket 3 | MicrÃ³fono de solapa mini de 3.5mm Deco Essentials con clip para computadora, negro | Tarjeta de memoria microSDHC/microSDXC UHS-I de alto rendimiento Lexar 633x de 128GB | PaÃ±o de limpieza de microfibra Deco Gear de 6 x 6 pulgadas
2026-02-23 15:46:46,562 | INFO | extractor_logger | [DEBUG TECNICO] Dimensiones del producto: 1,3 x 1,7 x 5,5 pulgadas
2026-02-23 15:46:46,584 | INFO | extractor_logger | [DEBUG TECNICO] ASIN: B0FTGR7ZDZ
2026-02-23 15:46:46,621 | INFO | extractor_logger | [DEBUG TECNICO] NÃºmero de modelo del producto: E4DJIOSMOPOCK3
2026-02-23 15:46:46,652 | INFO | extractor_logger | [DEBUG TECNICO] Pilas: 1 CR5 necesaria(s), incluida(s)
2026-02-23 15:46:46,679 | INFO | extractor_logger | [DEBUG TECNICO] OpiniÃ³n media de los clientes: 3.9               3.9 de 5 estrellas         

                         (183)      
                    
                    var dpAcrHasRegisteredArcLinkClickAction;
                    P.when('A', 'ready').execute(function(A) {
                        if (dpAcrHasRegisteredArcLinkClickAction !== true) {
                            dpAcrHasRegisteredArcLinkClickAction = true;
                            A.declarative(
                                'acrLink-click-metrics', 'click',
                                { "allowLinkDefault": true },
                                function (event) {
                                    if (window.ue) {
                                        ue.count("acrLinkClickCount", (ue.count("acrLinkClickCount") || 0) + 1);
                                    }
                                }
                            );
                        }
                    });
                
                 
            P.when('A', 'cf').execute(function(A) {
                A.declarative('acrStarsLink-click-metrics', 'click', { "allowLinkDefault" : true },  function(event){
                    if(window.ue) {
                        ue.count("acrStarsLinkWithPopoverClickCount", (ue.count("acrStarsLinkWithPopoverClickCount") || 0) + 1);
                    }
                });
            });
        

           
       3.9 de 5 estrellas
2026-02-23 15:46:46,708 | INFO | extractor_logger | [DEBUG TECNICO] ClasificaciÃ³n en los mÃ¡s vendidos de Amazon: nÂº29,439 en ElectrÃ³nica (Ver el Top 100 en ElectrÃ³nica)  nÂº147 en VideocÃ¡maras para Deportes y AcciÃ³n
2026-02-23 15:46:46,734 | INFO | extractor_logger | [DEBUG TECNICO] Producto en amazon.com desde: octubre 1, 2025
2026-02-23 15:46:46,766 | INFO | extractor_logger | [DEBUG TECNICO] Fabricante: DJI
2026-02-23 15:46:48,130 | INFO | extractor_logger | ExtracciÃ³n real completada correctamente.
2026-02-23 15:46:48,130 | INFO | extractor_logger | DEBUG RETURN BULLETS: ['DJI Autorizado en EE. UU. - ProtecciÃ³n completa en EE. UU | OSMO Pocket 3 - Impresionante video de 4K/120fps y sensor CMOS de 1 pulgada â€“ Captura detalles impresionantes con un gran sensor CMOS de 1 pulgada que ofrece imÃ¡genes nÃ­tidas y vibrantes incluso en condiciones de poca luz. Graba en 4K/120fps a cÃ¡mara lenta para obtener momentos cinematogrÃ¡ficos ultra suaves.', 'EstabilizaciÃ³n sÃ³lida como una roca de tres ejes: graba imÃ¡genes estables y sin sacudidas en cualquier lugar. El avanzado cardÃ¡n de 3 ejes garantiza una estabilidad a nivel profesional ya sea que estÃ©s caminando, corriendo o filmando tomas de acciÃ³n dinÃ¡mica.', 'Pantalla tÃ¡ctil OLED giratoria de 2 pulgadas: cambia sin problemas entre tomas horizontales y verticales con la pantalla OLED grande y giratoria. Ajuste sin esfuerzo la configuraciÃ³n, realice un seguimiento de los sujetos y obtenga una vista previa de las tomas con imÃ¡genes nÃ­tidas.', 'Enfoque rÃ¡pido de pÃ­xel completo + Modo de presentaciÃ³n de productos: fija el enfoque en sujetos en movimiento con precisiÃ³n ultrarrÃ¡pida. Perfecto para vlogs y transmisiÃ³n en vivo, el modo Product Showcase cambia suavemente el enfoque hacia el primer plano para presentaciones claras y atractivas.', 'Seguimiento mÃ¡s inteligente con ActiveTrack 6.0 â€“ Mantente en el encuadre sin usar las manos. Los modos inteligentes como la detecciÃ³n automÃ¡tica de cara y el encuadre dinÃ¡mico te mantienen perfectamente centrado mientras te mueves, ofreciendo imÃ¡genes de calidad profesional con facilidad.', 'Color de nivel profesional con 10 bits D-Log M y HLG â€“ Desbloquea la libertad creativa con un color rico y realista. Graba hasta mil millones de colores con soporte HDR para una impresionante flexibilidad de posproducciÃ³n e impresionantes imÃ¡genes cinematogrÃ¡ficas.', 'Audio nÃ­tido en cualquier lugar: captura sonido envolvente con una matriz integrada de 3 micrÃ³fonos que reduce el ruido del viento. ConÃ©ctate sin problemas a dos transmisores DJI Mic 2 para vlogs de dos personas, entrevistas o eventos en vivo.', 'Compacto, de carga rÃ¡pida y listo para viajar: el diseÃ±o de tamaÃ±o de bolsillo cabe en tu mano o bolso, listo para cualquier aventura. Graba durante mÃ¡s tiempo con hasta 166 minutos de duraciÃ³n de la baterÃ­a, y recarga un 80% en solo 16 minutos para no perderte ni un momento.', 'EN LA CAJA: Osmo Pocket 3 | Cable PD de Type-C a Type-C | Funda Protectora Osmo Pocket 3 | Correa de MuÃ±eca DJI | Mango Osmo Pocket 3 con Rosca de 1/4"', 'PAQUETE INCLUYE: GuÃ­a maestra no oficial Deco Gear para el DJI Osmo Pocket 3 | MicrÃ³fono de solapa mini de 3.5mm Deco Essentials con clip para computadora, negro | Tarjeta de memoria microSDHC/microSDXC UHS-I de alto rendimiento Lexar 633x de 128GB | PaÃ±o de limpieza de microfibra Deco Gear de 6 x 6 pulgadas']
2026-02-23 15:46:48,131 | INFO | extractor_logger | Iniciando normalizaciÃ³n estructurada del producto.
2026-02-23 15:46:48,131 | INFO | extractor_logger | Referencia encontrada (modelo): E4DJIOSMOPOCK3
2026-02-23 15:46:48,132 | INFO | extractor_logger | NormalizaciÃ³n estructurada completada correctamente.
2026-02-23 15:46:48,132 | INFO | extractor_logger | Iniciando capa de traducciÃ³n.
2026-02-23 15:46:49,734 | INFO | extractor_logger | TraducciÃ³n completada.
2026-02-23 15:46:49,749 | INFO | extractor_logger | Validacion exitosa del contrato.
2026-02-23 15:46:49,754 | INFO | extractor_logger | Proceso completo finalizado.
2026-02-23 16:11:59,519 | INFO | extractor_logger | URL vÃ¡lida y dominio permitido.
2026-02-23 16:11:59,530 | INFO | extractor_logger | Proveedor detectado: Amazon
2026-02-23 16:11:59,531 | INFO | extractor_logger | Iniciando extracciÃ³n real Amazon con Playwright.
2026-02-23 16:12:19,521 | INFO | extractor_logger | [PRECIO DETECTADO] US$39.99
2026-02-23 16:12:19,557 | INFO | extractor_logger | [DEBUG BULLETS] Total encontrados: 5
2026-02-23 16:12:19,581 | INFO | extractor_logger | [DEBUG BULLET] DeshumidificaciÃ³n de alta eficiencia: este deshumidificador para el hogar estÃ¡ equipado con semiconductores Peltier termoelÃ©ctricos y un tanque de agua de 25 oz (750 ml), el deshumidificador podrÃ­a absorber hasta 16 oz (450 ml/D) de agua en un ambiente hÃºmedo de 86Â°F y 80% de HR. Ya no necesitas soportar dÃ­as hÃºmedos y simplemente disfruta de un ambiente de vida cÃ³modo
2026-02-23 16:12:19,610 | INFO | extractor_logger | [DEBUG BULLET] Ultra silencioso, apto para dormir: muchos deshumidificadores convencionales funcionan con altos niveles de ruido, lo que dificulta conciliar el sueÃ±o, mientras que este pequeÃ±o deshumidificador con tecnologÃ­a avanzada Peltier reduce el ruido de funcionamiento a menos de 35 dB sin comprometer la eficiencia de deshumidificaciÃ³n, creando un ambiente ideal para dormir. Es importante elegir deshumidificadores eficientes pero silenciosos para el dormitorio
2026-02-23 16:12:19,663 | INFO | extractor_logger | [DEBUG BULLET] Apagado automÃ¡tico, mantÃ©ngase seguro: este pequeÃ±o deshumidificador para habitaciÃ³n cuenta con una funciÃ³n de apagado automÃ¡tico que dejarÃ¡ de funcionar automÃ¡ticamente si el tanque de agua estÃ¡ lleno, y parpadearÃ¡ la luz roja para recordar a los usuarios que vacÃ­en el agua. Este mini deshumidificador es seguro durante 24 horas de funcionamiento continuo
2026-02-23 16:12:19,696 | INFO | extractor_logger | [DEBUG BULLET] Ahorro de energÃ­a asequible: este deshumidificador para recÃ¡mara es eficaz pero ahorra energÃ­a y utiliza solo 0.96 KW de electricidad despuÃ©s de funcionar durante 24 horas. Es amigable y mÃ¡s asequible que los deshumidificadores tradicionales para el baÃ±o, podrÃ­as resolver el mayor problema de humedad por la menor cantidad de dinero
2026-02-23 16:12:19,724 | INFO | extractor_logger | [DEBUG BULLET] Compacto para cada esquina: ningÃºn espacio es demasiado pequeÃ±o para este pequeÃ±o deshumidificador, el tamaÃ±o mini estÃ¡ diseÃ±ado para cada rincÃ³n que necesites, colÃ³calo en tu mesita de noche o armario, no necesitas soportar los edredones y ropa hÃºmedos, tambiÃ©n puedes poner este deshumidificador portÃ¡til en tu cocina, baÃ±o, armario, oficina, casa rodante... donde lo necesites, ahÃ­ estarÃ¡
2026-02-23 16:12:19,797 | INFO | extractor_logger | [DEBUG TECNICO] Marca: SANVINDER
2026-02-23 16:12:19,820 | INFO | extractor_logger | [DEBUG TECNICO] Ãrea de piso: 320 Pies cuadrados
2026-02-23 16:12:19,840 | INFO | extractor_logger | [DEBUG TECNICO] Color: Negro
2026-02-23 16:12:19,868 | INFO | extractor_logger | [DEBUG TECNICO] CaracterÃ­sticas especiales: Apagado automÃ¡tico, Luz nocturna, OperaciÃ³n silenciosa
2026-02-23 16:12:19,894 | INFO | extractor_logger | [DEBUG TECNICO] Capacidad: 25 Onzas lÃ­quidas
2026-02-23 16:12:19,922 | INFO | extractor_logger | [DEBUG TECNICO] Volumen del tanque: 25 Onzas de lÃ­quido
2026-02-23 16:12:19,958 | INFO | extractor_logger | [DEBUG TECNICO] Dimensiones del producto: 5,03"prof. x 5,03"an. x 8,38"al. pulgadas
2026-02-23 16:12:19,984 | INFO | extractor_logger | [DEBUG TECNICO] Cantidad de velocidades: 1
2026-02-23 16:12:20,008 | INFO | extractor_logger | [DEBUG TECNICO] Usos Recomendados Para Producto: Inicio
2026-02-23 16:12:20,038 | INFO | extractor_logger | [DEBUG TECNICO] Componentes incluidos: Adaptador, Deshumidificador, Manual de usuario, Manual del Usuario
2026-02-23 16:12:20,080 | INFO | extractor_logger | [DEBUG TECNICO] Peso del artÃ­culo: 2,2 Libras
2026-02-23 16:12:20,122 | INFO | extractor_logger | [DEBUG TECNICO] Material: PlÃ¡stico ABS
2026-02-23 16:12:20,154 | INFO | extractor_logger | [DEBUG TECNICO] Nombre del modelo: DH-CS03
2026-02-23 16:12:20,186 | INFO | extractor_logger | [DEBUG TECNICO] Potencia: 23 vatios
2026-02-23 16:12:20,228 | INFO | extractor_logger | [DEBUG TECNICO] Modo de operaciÃ³n: EstÃ¡ndar
2026-02-23 16:12:20,268 | INFO | extractor_logger | [DEBUG TECNICO] Capacidad de flujo de aire: 1200 Centilitros por segundo
2026-02-23 16:12:20,305 | INFO | extractor_logger | [DEBUG TECNICO] Fabricante: SANVINDER
2026-02-23 16:12:20,354 | INFO | extractor_logger | [DEBUG TECNICO] UPC: 860011529705
2026-02-23 16:12:20,451 | INFO | extractor_logger | [DEBUG TECNICO] ASIN: B0BGN335KB
2026-02-23 16:12:20,506 | INFO | extractor_logger | [DEBUG TECNICO] NÃºmero de modelo del producto: DH-CS03
2026-02-23 16:12:20,539 | INFO | extractor_logger | [DEBUG TECNICO] OpiniÃ³n media de los clientes: 4.3               4.3 de 5 estrellas         

                         (3,472)      
                    
                    var dpAcrHasRegisteredArcLinkClickAction;
                    P.when('A', 'ready').execute(function(A) {
                        if (dpAcrHasRegisteredArcLinkClickAction !== true) {
                            dpAcrHasRegisteredArcLinkClickAction = true;
                            A.declarative(
                                'acrLink-click-metrics', 'click',
                                { "allowLinkDefault": true },
                                function (event) {
                                    if (window.ue) {
                                        ue.count("acrLinkClickCount", (ue.count("acrLinkClickCount") || 0) + 1);
                                    }
                                }
                            );
                        }
                    });
                
                 
            P.when('A', 'cf').execute(function(A) {
                A.declarative('acrStarsLink-click-metrics', 'click', { "allowLinkDefault" : true },  function(event){
                    if(window.ue) {
                        ue.count("acrStarsLinkWithPopoverClickCount", (ue.count("acrStarsLinkWithPopoverClickCount") || 0) + 1);
                    }
                });
            });
        

           
       4.3 de 5 estrellas
2026-02-23 16:12:20,576 | INFO | extractor_logger | [DEBUG TECNICO] ClasificaciÃ³n en los mÃ¡s vendidos de Amazon: nÂº8,697 en Hogar y Cocina (Ver el Top 100 en Hogar y Cocina)  nÂº19 en Deshumidificadores
2026-02-23 16:12:20,621 | INFO | extractor_logger | [DEBUG TECNICO] Se requiere ensamblaje: No
2026-02-23 16:12:20,651 | INFO | extractor_logger | [DEBUG TECNICO] NÃºmero de piezas: 1
2026-02-23 16:12:20,686 | INFO | extractor_logger | [DEBUG TECNICO] Requiere baterÃ­as: No
2026-02-23 16:12:22,861 | INFO | extractor_logger | ExtracciÃ³n real completada correctamente.
2026-02-23 16:12:22,862 | INFO | extractor_logger | DEBUG RETURN BULLETS: ['DeshumidificaciÃ³n de alta eficiencia: este deshumidificador para el hogar estÃ¡ equipado con semiconductores Peltier termoelÃ©ctricos y un tanque de agua de 25 oz (750 ml), el deshumidificador podrÃ­a absorber hasta 16 oz (450 ml/D) de agua en un ambiente hÃºmedo de 86Â°F y 80% de HR. Ya no necesitas soportar dÃ­as hÃºmedos y simplemente disfruta de un ambiente de vida cÃ³modo', 'Ultra silencioso, apto para dormir: muchos deshumidificadores convencionales funcionan con altos niveles de ruido, lo que dificulta conciliar el sueÃ±o, mientras que este pequeÃ±o deshumidificador con tecnologÃ­a avanzada Peltier reduce el ruido de funcionamiento a menos de 35 dB sin comprometer la eficiencia de deshumidificaciÃ³n, creando un ambiente ideal para dormir. Es importante elegir deshumidificadores eficientes pero silenciosos para el dormitorio', 'Apagado automÃ¡tico, mantÃ©ngase seguro: este pequeÃ±o deshumidificador para habitaciÃ³n cuenta con una funciÃ³n de apagado automÃ¡tico que dejarÃ¡ de funcionar automÃ¡ticamente si el tanque de agua estÃ¡ lleno, y parpadearÃ¡ la luz roja para recordar a los usuarios que vacÃ­en el agua. Este mini deshumidificador es seguro durante 24 horas de funcionamiento continuo', 'Ahorro de energÃ­a asequible: este deshumidificador para recÃ¡mara es eficaz pero ahorra energÃ­a y utiliza solo 0.96 KW de electricidad despuÃ©s de funcionar durante 24 horas. Es amigable y mÃ¡s asequible que los deshumidificadores tradicionales para el baÃ±o, podrÃ­as resolver el mayor problema de humedad por la menor cantidad de dinero', 'Compacto para cada esquina: ningÃºn espacio es demasiado pequeÃ±o para este pequeÃ±o deshumidificador, el tamaÃ±o mini estÃ¡ diseÃ±ado para cada rincÃ³n que necesites, colÃ³calo en tu mesita de noche o armario, no necesitas soportar los edredones y ropa hÃºmedos, tambiÃ©n puedes poner este deshumidificador portÃ¡til en tu cocina, baÃ±o, armario, oficina, casa rodante... donde lo necesites, ahÃ­ estarÃ¡']
2026-02-23 16:12:22,864 | INFO | extractor_logger | Iniciando normalizaciÃ³n estructurada del producto.
2026-02-23 16:12:22,865 | INFO | extractor_logger | Referencia encontrada (modelo): DH-CS03
2026-02-23 16:12:22,867 | INFO | extractor_logger | NormalizaciÃ³n estructurada completada correctamente.
2026-02-23 16:12:22,868 | INFO | extractor_logger | Iniciando capa de traducciÃ³n.
2026-02-23 16:12:24,568 | INFO | extractor_logger | TraducciÃ³n completada.
2026-02-23 16:12:24,602 | INFO | extractor_logger | Validacion exitosa del contrato.
2026-02-23 16:12:24,610 | INFO | extractor_logger | Proceso completo finalizado.
2026-02-23 16:53:29,063 | INFO | extractor_logger | URL vÃ¡lida y dominio permitido.
2026-02-23 16:53:29,076 | INFO | extractor_logger | Proveedor detectado: Amazon
2026-02-23 16:53:29,077 | INFO | extractor_logger | Iniciando extracciÃ³n real Amazon con Playwright.
2026-02-23 16:53:49,411 | INFO | extractor_logger | [PRECIO DETECTADO] US$39.99
2026-02-23 16:53:49,434 | INFO | extractor_logger | [DEBUG BULLETS] Total encontrados: 5
2026-02-23 16:53:49,450 | INFO | extractor_logger | [DEBUG BULLET] DeshumidificaciÃ³n de alta eficiencia: este deshumidificador para el hogar estÃ¡ equipado con semiconductores Peltier termoelÃ©ctricos y un tanque de agua de 25 oz (750 ml), el deshumidificador podrÃ­a absorber hasta 16 oz (450 ml/D) de agua en un ambiente hÃºmedo de 86Â°F y 80% de HR. Ya no necesitas soportar dÃ­as hÃºmedos y simplemente disfruta de un ambiente de vida cÃ³modo
2026-02-23 16:53:49,469 | INFO | extractor_logger | [DEBUG BULLET] Ultra silencioso, apto para dormir: muchos deshumidificadores convencionales funcionan con altos niveles de ruido, lo que dificulta conciliar el sueÃ±o, mientras que este pequeÃ±o deshumidificador con tecnologÃ­a avanzada Peltier reduce el ruido de funcionamiento a menos de 35 dB sin comprometer la eficiencia de deshumidificaciÃ³n, creando un ambiente ideal para dormir. Es importante elegir deshumidificadores eficientes pero silenciosos para el dormitorio
2026-02-23 16:53:49,480 | INFO | extractor_logger | [DEBUG BULLET] Apagado automÃ¡tico, mantÃ©ngase seguro: este pequeÃ±o deshumidificador para habitaciÃ³n cuenta con una funciÃ³n de apagado automÃ¡tico que dejarÃ¡ de funcionar automÃ¡ticamente si el tanque de agua estÃ¡ lleno, y parpadearÃ¡ la luz roja para recordar a los usuarios que vacÃ­en el agua. Este mini deshumidificador es seguro durante 24 horas de funcionamiento continuo
2026-02-23 16:53:49,499 | INFO | extractor_logger | [DEBUG BULLET] Ahorro de energÃ­a asequible: este deshumidificador para recÃ¡mara es eficaz pero ahorra energÃ­a y utiliza solo 0.96 KW de electricidad despuÃ©s de funcionar durante 24 horas. Es amigable y mÃ¡s asequible que los deshumidificadores tradicionales para el baÃ±o, podrÃ­as resolver el mayor problema de humedad por la menor cantidad de dinero
2026-02-23 16:53:49,514 | INFO | extractor_logger | [DEBUG BULLET] Compacto para cada esquina: ningÃºn espacio es demasiado pequeÃ±o para este pequeÃ±o deshumidificador, el tamaÃ±o mini estÃ¡ diseÃ±ado para cada rincÃ³n que necesites, colÃ³calo en tu mesita de noche o armario, no necesitas soportar los edredones y ropa hÃºmedos, tambiÃ©n puedes poner este deshumidificador portÃ¡til en tu cocina, baÃ±o, armario, oficina, casa rodante... donde lo necesites, ahÃ­ estarÃ¡
2026-02-23 16:53:49,565 | INFO | extractor_logger | [DEBUG TECNICO] Marca: SANVINDER
2026-02-23 16:53:49,591 | INFO | extractor_logger | [DEBUG TECNICO] Ãrea de piso: 320 Pies cuadrados
2026-02-23 16:53:49,611 | INFO | extractor_logger | [DEBUG TECNICO] Color: Negro
2026-02-23 16:53:49,637 | INFO | extractor_logger | [DEBUG TECNICO] CaracterÃ­sticas especiales: Apagado automÃ¡tico, Luz nocturna, OperaciÃ³n silenciosa
2026-02-23 16:53:49,661 | INFO | extractor_logger | [DEBUG TECNICO] Capacidad: 25 Onzas lÃ­quidas
2026-02-23 16:53:49,686 | INFO | extractor_logger | [DEBUG TECNICO] Volumen del tanque: 25 Onzas de lÃ­quido
2026-02-23 16:53:49,708 | INFO | extractor_logger | [DEBUG TECNICO] Dimensiones del producto: 5,03"prof. x 5,03"an. x 8,38"al. pulgadas
2026-02-23 16:53:49,737 | INFO | extractor_logger | [DEBUG TECNICO] Cantidad de velocidades: 1
2026-02-23 16:53:49,769 | INFO | extractor_logger | [DEBUG TECNICO] Usos Recomendados Para Producto: Inicio
2026-02-23 16:53:49,805 | INFO | extractor_logger | [DEBUG TECNICO] Componentes incluidos: Adaptador, Deshumidificador, Manual de usuario, Manual del Usuario
2026-02-23 16:53:49,836 | INFO | extractor_logger | [DEBUG TECNICO] Peso del artÃ­culo: 2,2 Libras
2026-02-23 16:53:49,865 | INFO | extractor_logger | [DEBUG TECNICO] Material: PlÃ¡stico ABS
2026-02-23 16:53:49,914 | INFO | extractor_logger | [DEBUG TECNICO] Nombre del modelo: DH-CS03
2026-02-23 16:53:49,959 | INFO | extractor_logger | [DEBUG TECNICO] Potencia: 23 vatios
2026-02-23 16:53:49,980 | INFO | extractor_logger | [DEBUG TECNICO] Modo de operaciÃ³n: EstÃ¡ndar
2026-02-23 16:53:50,001 | INFO | extractor_logger | [DEBUG TECNICO] Capacidad de flujo de aire: 1200 Centilitros por segundo
2026-02-23 16:53:50,024 | INFO | extractor_logger | [DEBUG TECNICO] Fabricante: SANVINDER
2026-02-23 16:53:50,049 | INFO | extractor_logger | [DEBUG TECNICO] UPC: 860011529705
2026-02-23 16:53:50,078 | INFO | extractor_logger | [DEBUG TECNICO] ASIN: B0BGN335KB
2026-02-23 16:53:50,098 | INFO | extractor_logger | [DEBUG TECNICO] NÃºmero de modelo del producto: DH-CS03
2026-02-23 16:53:50,131 | INFO | extractor_logger | [DEBUG TECNICO] OpiniÃ³n media de los clientes: 4.3               4.3 de 5 estrellas         

                         (3,472)      
                    
                    var dpAcrHasRegisteredArcLinkClickAction;
                    P.when('A', 'ready').execute(function(A) {
                        if (dpAcrHasRegisteredArcLinkClickAction !== true) {
                            dpAcrHasRegisteredArcLinkClickAction = true;
                            A.declarative(
                                'acrLink-click-metrics', 'click',
                                { "allowLinkDefault": true },
                                function (event) {
                                    if (window.ue) {
                                        ue.count("acrLinkClickCount", (ue.count("acrLinkClickCount") || 0) + 1);
                                    }
                                }
                            );
                        }
                    });
                
                 
            P.when('A', 'cf').execute(function(A) {
                A.declarative('acrStarsLink-click-metrics', 'click', { "allowLinkDefault" : true },  function(event){
                    if(window.ue) {
                        ue.count("acrStarsLinkWithPopoverClickCount", (ue.count("acrStarsLinkWithPopoverClickCount") || 0) + 1);
                    }
                });
            });
        

           
       4.3 de 5 estrellas
2026-02-23 16:53:50,167 | INFO | extractor_logger | [DEBUG TECNICO] ClasificaciÃ³n en los mÃ¡s vendidos de Amazon: nÂº8,697 en Hogar y Cocina (Ver el Top 100 en Hogar y Cocina)  nÂº19 en Deshumidificadores
2026-02-23 16:53:50,194 | INFO | extractor_logger | [DEBUG TECNICO] Se requiere ensamblaje: No
2026-02-23 16:53:50,221 | INFO | extractor_logger | [DEBUG TECNICO] NÃºmero de piezas: 1
2026-02-23 16:53:50,247 | INFO | extractor_logger | [DEBUG TECNICO] Requiere baterÃ­as: No
2026-02-23 16:53:51,743 | INFO | extractor_logger | ExtracciÃ³n real completada correctamente.
2026-02-23 16:53:51,744 | INFO | extractor_logger | DEBUG RETURN BULLETS: ['DeshumidificaciÃ³n de alta eficiencia: este deshumidificador para el hogar estÃ¡ equipado con semiconductores Peltier termoelÃ©ctricos y un tanque de agua de 25 oz (750 ml), el deshumidificador podrÃ­a absorber hasta 16 oz (450 ml/D) de agua en un ambiente hÃºmedo de 86Â°F y 80% de HR. Ya no necesitas soportar dÃ­as hÃºmedos y simplemente disfruta de un ambiente de vida cÃ³modo', 'Ultra silencioso, apto para dormir: muchos deshumidificadores convencionales funcionan con altos niveles de ruido, lo que dificulta conciliar el sueÃ±o, mientras que este pequeÃ±o deshumidificador con tecnologÃ­a avanzada Peltier reduce el ruido de funcionamiento a menos de 35 dB sin comprometer la eficiencia de deshumidificaciÃ³n, creando un ambiente ideal para dormir. Es importante elegir deshumidificadores eficientes pero silenciosos para el dormitorio', 'Apagado automÃ¡tico, mantÃ©ngase seguro: este pequeÃ±o deshumidificador para habitaciÃ³n cuenta con una funciÃ³n de apagado automÃ¡tico que dejarÃ¡ de funcionar automÃ¡ticamente si el tanque de agua estÃ¡ lleno, y parpadearÃ¡ la luz roja para recordar a los usuarios que vacÃ­en el agua. Este mini deshumidificador es seguro durante 24 horas de funcionamiento continuo', 'Ahorro de energÃ­a asequible: este deshumidificador para recÃ¡mara es eficaz pero ahorra energÃ­a y utiliza solo 0.96 KW de electricidad despuÃ©s de funcionar durante 24 horas. Es amigable y mÃ¡s asequible que los deshumidificadores tradicionales para el baÃ±o, podrÃ­as resolver el mayor problema de humedad por la menor cantidad de dinero', 'Compacto para cada esquina: ningÃºn espacio es demasiado pequeÃ±o para este pequeÃ±o deshumidificador, el tamaÃ±o mini estÃ¡ diseÃ±ado para cada rincÃ³n que necesites, colÃ³calo en tu mesita de noche o armario, no necesitas soportar los edredones y ropa hÃºmedos, tambiÃ©n puedes poner este deshumidificador portÃ¡til en tu cocina, baÃ±o, armario, oficina, casa rodante... donde lo necesites, ahÃ­ estarÃ¡']
2026-02-23 16:53:51,745 | INFO | extractor_logger | Iniciando normalizaciÃ³n estructurada del producto.
2026-02-23 16:53:51,745 | INFO | extractor_logger | Referencia encontrada (modelo): DH-CS03
2026-02-23 16:53:51,746 | INFO | extractor_logger | NormalizaciÃ³n estructurada completada correctamente.
2026-02-23 16:53:51,746 | INFO | extractor_logger | Iniciando capa de traducciÃ³n.
2026-02-23 16:53:53,512 | INFO | extractor_logger | TraducciÃ³n completada.
2026-02-23 16:53:53,539 | INFO | extractor_logger | Validacion exitosa del contrato.
2026-02-23 16:53:53,550 | INFO | extractor_logger | Proceso completo finalizado.
2026-02-23 16:55:37,486 | INFO | extractor_logger | URL vÃ¡lida y dominio permitido.
2026-02-23 16:55:37,489 | INFO | extractor_logger | Proveedor detectado: Amazon
2026-02-23 16:55:37,490 | INFO | extractor_logger | Iniciando extracciÃ³n real Amazon con Playwright.
2026-02-23 16:55:54,251 | INFO | extractor_logger | [PRECIO DETECTADO] US$69.99
2026-02-23 16:55:54,308 | INFO | extractor_logger | [DEBUG BULLETS] Total encontrados: 5
2026-02-23 16:55:54,318 | INFO | extractor_logger | [DEBUG BULLET] ã€Largo tiempo de esperaã€‘Mini impresora Bluetooth con baterÃ­a recargable de iones de litio de 1500 mAh, el tiempo de espera puede alcanzar de 5 a 6 dÃ­as, con funciÃ³n de apagado automÃ¡tico, funciÃ³n de encendido automÃ¡tico y recordatorio de volumen de baterÃ­a.
2026-02-23 16:55:54,333 | INFO | extractor_logger | [DEBUG BULLET] Compatible con software: la impresora tÃ©rmica mÃ³vil es compatible con Loyverse, iREAP, CasierStock, Kyte, Pozool, ExpressExpense (creador de recibos personalizados, mÃ¡s de 50 estilos de recibos) solo para dispositivos Android.
2026-02-23 16:55:54,350 | INFO | extractor_logger | [DEBUG BULLET] Amplia aplicaciÃ³n: esta impresora Bluetooth se puede utilizar con Android 4.0 IR, acuerdo IRCOMM o acuerdo POS SPP, etc. Cumple con facturas de taxi, recibos de tarifas administrativas, recibos de correos, pedidos de restaurantes e impresiÃ³n de pagos en lÃ­nea.
2026-02-23 16:55:54,362 | INFO | extractor_logger | [DEBUG BULLET] Uso cÃ³modo: la impresora inalÃ¡mbrica de recibos es compatible con dispositivos Android con comandos ESC/POS/STAR, viene con una funda y un cordÃ³n, es fÃ¡cil de transportar y manejar. AdemÃ¡s, se puede utilizar con papel tÃ©rmico de 2.283 in, no necesita tinta o cinta, limpio y ordenado. Por lo tanto, es ideal para negocios de larga distancia o al aire libre.
2026-02-23 16:55:54,377 | INFO | extractor_logger | [DEBUG BULLET] Consejos: no funciona con dispositivos iOS como iPad, iPhones. No es compatible con Square, Gloriafood, Doordash, Grubhub, TabShop lite, Clover, Open Table, O3POS, MobiPOS Lite y Kasse Speedy/PayPal/Intuit Gopayment/Shopify/Lector de tarjetas de crÃ©dito/settle/FileMaker. Confirme con nosotros si es compatible con su solicitud antes de realizar el pedido.
2026-02-23 16:55:54,447 | INFO | extractor_logger | [DEBUG TECNICO] TamaÃ±o mÃ¡ximo del medio de impresiÃ³n: 58mm
2026-02-23 16:55:54,492 | INFO | extractor_logger | [DEBUG TECNICO] Componentes incluidos: Estuche, cordÃ³n
2026-02-23 16:55:54,562 | INFO | extractor_logger | [DEBUG TECNICO] Medios impresos: Papel tÃ©rmico
2026-02-23 16:55:54,614 | INFO | extractor_logger | [DEBUG TECNICO] Tipo de escÃ¡ner: PortÃ¡til
2026-02-23 16:55:54,667 | INFO | extractor_logger | [DEBUG TECNICO] Capacidad mÃ¡xima de hoja de entrada: 384
2026-02-23 16:55:54,711 | INFO | extractor_logger | [DEBUG TECNICO] Velocidad mÃ¡xima de copia (blanco y negro): 1 PÃ¡ginas por minuto
2026-02-23 16:55:54,771 | INFO | extractor_logger | [DEBUG TECNICO] Dispositivos compatibles: Tabletas
2026-02-23 16:55:54,793 | INFO | extractor_logger | [DEBUG TECNICO] MÃ¡xima resoluciÃ³n de impresiÃ³n a color: 203 DPI
2026-02-23 16:55:54,808 | INFO | extractor_logger | [DEBUG TECNICO] TamaÃ±o de la lÃ¡mina: 58 millimeters
2026-02-23 16:55:54,917 | INFO | extractor_logger | [DEBUG TECNICO] ResoluciÃ³n mÃ¡xima de impresiÃ³n en blanco y negro: 203 x 203 DPI
2026-02-23 16:55:54,934 | INFO | extractor_logger | [DEBUG TECNICO] Tipo de garantÃ­a: GarantÃ­a limitada
2026-02-23 16:55:54,962 | INFO | extractor_logger | [DEBUG TECNICO] Profundidad de color: 24 BPP
2026-02-23 16:55:54,981 | INFO | extractor_logger | [DEBUG TECNICO] ImpresiÃ³n a doble cara: No
2026-02-23 16:55:55,011 | INFO | extractor_logger | [DEBUG TECNICO] Potencia: 1500 milliamp_hours
2026-02-23 16:55:55,098 | INFO | extractor_logger | [DEBUG TECNICO] Negro-blanco de resoluciÃ³n mÃ¡xima de copia: 203 x 203 DPI
2026-02-23 16:55:55,160 | INFO | extractor_logger | [DEBUG TECNICO] DÃºplex: Simplex
2026-02-23 16:55:55,226 | INFO | extractor_logger | [DEBUG TECNICO] Interfaz de hardware: Bluetooth
2026-02-23 16:55:55,264 | INFO | extractor_logger | [DEBUG TECNICO] Funciones Adicionales de la Impresora: Solo imprimir
2026-02-23 16:55:55,292 | INFO | extractor_logger | [DEBUG TECNICO] MÃ©todo de control: AplicaciÃ³n
2026-02-23 16:55:55,317 | INFO | extractor_logger | [DEBUG TECNICO] Cantidad de procesadores: 1
2026-02-23 16:55:55,343 | INFO | extractor_logger | [DEBUG TECNICO] Serie de modelos: MU-IMP
2026-02-23 16:55:55,369 | INFO | extractor_logger | [DEBUG TECNICO] Usos especÃ­ficos del producto: Negocios
2026-02-23 16:55:55,391 | INFO | extractor_logger | [DEBUG TECNICO] UPC: 613310859857
2026-02-23 16:55:55,421 | INFO | extractor_logger | [DEBUG TECNICO] Tipo de tinta de impresora: TÃ©rmico
2026-02-23 16:55:55,441 | INFO | extractor_logger | [DEBUG TECNICO] Capacidad de almacenamiento de memoria: 64 MB
2026-02-23 16:55:55,470 | INFO | extractor_logger | [DEBUG TECNICO] Dimensiones del producto: 4 x 2,8 x 2 pulgadas
2026-02-23 16:55:55,485 | INFO | extractor_logger | [DEBUG TECNICO] ASIN: B07PT5WGSH
2026-02-23 16:55:55,506 | INFO | extractor_logger | [DEBUG TECNICO] NÃºmero de modelo del producto: MU-IMP006-US
2026-02-23 16:55:55,541 | INFO | extractor_logger | [DEBUG TECNICO] OpiniÃ³n media de los clientes: 3.7               3.7 de 5 estrellas         

                         (40)      
                    
                    var dpAcrHasRegisteredArcLinkClickAction;
                    P.when('A', 'ready').execute(function(A) {
                        if (dpAcrHasRegisteredArcLinkClickAction !== true) {
                            dpAcrHasRegisteredArcLinkClickAction = true;
                            A.declarative(
                                'acrLink-click-metrics', 'click',
                                { "allowLinkDefault": true },
                                function (event) {
                                    if (window.ue) {
                                        ue.count("acrLinkClickCount", (ue.count("acrLinkClickCount") || 0) + 1);
                                    }
                                }
                            );
                        }
                    });
                
                 
            P.when('A', 'cf').execute(function(A) {
                A.declarative('acrStarsLink-click-metrics', 'click', { "allowLinkDefault" : true },  function(event){
                    if(window.ue) {
                        ue.count("acrStarsLinkWithPopoverClickCount", (ue.count("acrStarsLinkWithPopoverClickCount") || 0) + 1);
                    }
                });
            });
        

           
       3.7 de 5 estrellas
2026-02-23 16:55:55,566 | INFO | extractor_logger | [DEBUG TECNICO] ClasificaciÃ³n en los mÃ¡s vendidos de Amazon: nÂº309,003 en Productos de Oficina (Ver el Top 100 en Productos de Oficina)  nÂº287 en Impresoras de Recibos
2026-02-23 16:55:55,591 | INFO | extractor_logger | [DEBUG TECNICO] Descatalogado por el fabricante: No
2026-02-23 16:55:55,626 | INFO | extractor_logger | [DEBUG TECNICO] Producto en amazon.com desde: diciembre 28, 2017
2026-02-23 16:55:55,652 | INFO | extractor_logger | [DEBUG TECNICO] Fabricante: MUNBYN
2026-02-23 16:55:56,627 | INFO | extractor_logger | ExtracciÃ³n real completada correctamente.
2026-02-23 16:55:56,628 | INFO | extractor_logger | DEBUG RETURN BULLETS: ['ã€Largo tiempo de esperaã€‘Mini impresora Bluetooth con baterÃ­a recargable de iones de litio de 1500 mAh, el tiempo de espera puede alcanzar de 5 a 6 dÃ­as, con funciÃ³n de apagado automÃ¡tico, funciÃ³n de encendido automÃ¡tico y recordatorio de volumen de baterÃ­a.', 'Compatible con software: la impresora tÃ©rmica mÃ³vil es compatible con Loyverse, iREAP, CasierStock, Kyte, Pozool, ExpressExpense (creador de recibos personalizados, mÃ¡s de 50 estilos de recibos) solo para dispositivos Android.', 'Amplia aplicaciÃ³n: esta impresora Bluetooth se puede utilizar con Android 4.0 IR, acuerdo IRCOMM o acuerdo POS SPP, etc. Cumple con facturas de taxi, recibos de tarifas administrativas, recibos de correos, pedidos de restaurantes e impresiÃ³n de pagos en lÃ­nea.', 'Uso cÃ³modo: la impresora inalÃ¡mbrica de recibos es compatible con dispositivos Android con comandos ESC/POS/STAR, viene con una funda y un cordÃ³n, es fÃ¡cil de transportar y manejar. AdemÃ¡s, se puede utilizar con papel tÃ©rmico de 2.283 in, no necesita tinta o cinta, limpio y ordenado. Por lo tanto, es ideal para negocios de larga distancia o al aire libre.', 'Consejos: no funciona con dispositivos iOS como iPad, iPhones. No es compatible con Square, Gloriafood, Doordash, Grubhub, TabShop lite, Clover, Open Table, O3POS, MobiPOS Lite y Kasse Speedy/PayPal/Intuit Gopayment/Shopify/Lector de tarjetas de crÃ©dito/settle/FileMaker. Confirme con nosotros si es compatible con su solicitud antes de realizar el pedido.']
2026-02-23 16:55:56,628 | INFO | extractor_logger | Iniciando normalizaciÃ³n estructurada del producto.
2026-02-23 16:55:56,628 | INFO | extractor_logger | Referencia encontrada (modelo): MU-IMP006-US
2026-02-23 16:55:56,629 | INFO | extractor_logger | NormalizaciÃ³n estructurada completada correctamente.
2026-02-23 16:55:56,629 | INFO | extractor_logger | Iniciando capa de traducciÃ³n.
2026-02-23 16:55:58,082 | INFO | extractor_logger | TraducciÃ³n completada.
2026-02-23 16:55:58,097 | INFO | extractor_logger | Validacion exitosa del contrato.
2026-02-23 16:55:58,101 | INFO | extractor_logger | Proceso completo finalizado.
2026-02-24 08:03:03,372 | INFO | extractor_logger | URL vÃ¡lida y dominio permitido.
2026-02-24 08:03:03,396 | INFO | extractor_logger | Proveedor detectado: Amazon
2026-02-24 08:03:03,398 | INFO | extractor_logger | Iniciando extracciÃ³n real Amazon con Playwright.
2026-02-24 08:03:37,959 | INFO | extractor_logger | [PRECIO DETECTADO] US$69.99
2026-02-24 08:03:38,003 | INFO | extractor_logger | [DEBUG BULLETS] Total encontrados: 5
2026-02-24 08:03:38,019 | INFO | extractor_logger | [DEBUG BULLET] ã€Largo tiempo de esperaã€‘Mini impresora Bluetooth con baterÃ­a recargable de iones de litio de 1500 mAh, el tiempo de espera puede alcanzar de 5 a 6 dÃ­as, con funciÃ³n de apagado automÃ¡tico, funciÃ³n de encendido automÃ¡tico y recordatorio de volumen de baterÃ­a.
2026-02-24 08:03:38,041 | INFO | extractor_logger | [DEBUG BULLET] Compatible con software: la impresora tÃ©rmica mÃ³vil es compatible con Loyverse, iREAP, CasierStock, Kyte, Pozool, ExpressExpense (creador de recibos personalizados, mÃ¡s de 50 estilos de recibos) solo para dispositivos Android.
2026-02-24 08:03:38,055 | INFO | extractor_logger | [DEBUG BULLET] Amplia aplicaciÃ³n: esta impresora Bluetooth se puede utilizar con Android 4.0 IR, acuerdo IRCOMM o acuerdo POS SPP, etc. Cumple con facturas de taxi, recibos de tarifas administrativas, recibos de correos, pedidos de restaurantes e impresiÃ³n de pagos en lÃ­nea.
2026-02-24 08:03:38,069 | INFO | extractor_logger | [DEBUG BULLET] Uso cÃ³modo: la impresora inalÃ¡mbrica de recibos es compatible con dispositivos Android con comandos ESC/POS/STAR, viene con una funda y un cordÃ³n, es fÃ¡cil de transportar y manejar. AdemÃ¡s, se puede utilizar con papel tÃ©rmico de 2.283 in, no necesita tinta o cinta, limpio y ordenado. Por lo tanto, es ideal para negocios de larga distancia o al aire libre.
2026-02-24 08:03:38,081 | INFO | extractor_logger | [DEBUG BULLET] Consejos: no funciona con dispositivos iOS como iPad, iPhones. No es compatible con Square, Gloriafood, Doordash, Grubhub, TabShop lite, Clover, Open Table, O3POS, MobiPOS Lite y Kasse Speedy/PayPal/Intuit Gopayment/Shopify/Lector de tarjetas de crÃ©dito/settle/FileMaker. Confirme con nosotros si es compatible con su solicitud antes de realizar el pedido.
2026-02-24 08:03:38,127 | INFO | extractor_logger | [DEBUG TECNICO] TamaÃ±o mÃ¡ximo del medio de impresiÃ³n: 58mm
2026-02-24 08:03:38,169 | INFO | extractor_logger | [DEBUG TECNICO] Componentes incluidos: Estuche, cordÃ³n
2026-02-24 08:03:38,200 | INFO | extractor_logger | [DEBUG TECNICO] Medios impresos: Papel tÃ©rmico
2026-02-24 08:03:38,250 | INFO | extractor_logger | [DEBUG TECNICO] Tipo de escÃ¡ner: PortÃ¡til
2026-02-24 08:03:38,288 | INFO | extractor_logger | [DEBUG TECNICO] Capacidad mÃ¡xima de hoja de entrada: 384
2026-02-24 08:03:38,340 | INFO | extractor_logger | [DEBUG TECNICO] Velocidad mÃ¡xima de copia (blanco y negro): 1 PÃ¡ginas por minuto
2026-02-24 08:03:38,366 | INFO | extractor_logger | [DEBUG TECNICO] Dispositivos compatibles: Tabletas
2026-02-24 08:03:38,393 | INFO | extractor_logger | [DEBUG TECNICO] MÃ¡xima resoluciÃ³n de impresiÃ³n a color: 203 DPI
2026-02-24 08:03:38,432 | INFO | extractor_logger | [DEBUG TECNICO] TamaÃ±o de la lÃ¡mina: 58 millimeters
2026-02-24 08:03:38,483 | INFO | extractor_logger | [DEBUG TECNICO] ResoluciÃ³n mÃ¡xima de impresiÃ³n en blanco y negro: 203 x 203 DPI
2026-02-24 08:03:38,511 | INFO | extractor_logger | [DEBUG TECNICO] Tipo de garantÃ­a: GarantÃ­a limitada
2026-02-24 08:03:38,540 | INFO | extractor_logger | [DEBUG TECNICO] Profundidad de color: 24 BPP
2026-02-24 08:03:38,569 | INFO | extractor_logger | [DEBUG TECNICO] ImpresiÃ³n a doble cara: No
2026-02-24 08:03:38,596 | INFO | extractor_logger | [DEBUG TECNICO] Potencia: 1500 milliamp_hours
2026-02-24 08:03:38,624 | INFO | extractor_logger | [DEBUG TECNICO] Negro-blanco de resoluciÃ³n mÃ¡xima de copia: 203 x 203 DPI
2026-02-24 08:03:38,652 | INFO | extractor_logger | [DEBUG TECNICO] DÃºplex: Simplex
2026-02-24 08:03:38,679 | INFO | extractor_logger | [DEBUG TECNICO] Interfaz de hardware: Bluetooth
2026-02-24 08:03:38,709 | INFO | extractor_logger | [DEBUG TECNICO] Funciones Adicionales de la Impresora: Solo imprimir
2026-02-24 08:03:38,734 | INFO | extractor_logger | [DEBUG TECNICO] MÃ©todo de control: AplicaciÃ³n
2026-02-24 08:03:38,768 | INFO | extractor_logger | [DEBUG TECNICO] Cantidad de procesadores: 1
2026-02-24 08:03:38,800 | INFO | extractor_logger | [DEBUG TECNICO] Serie de modelos: MU-IMP
2026-02-24 08:03:38,827 | INFO | extractor_logger | [DEBUG TECNICO] Usos especÃ­ficos del producto: Negocios
2026-02-24 08:03:38,861 | INFO | extractor_logger | [DEBUG TECNICO] UPC: 613310859857
2026-02-24 08:03:38,889 | INFO | extractor_logger | [DEBUG TECNICO] Tipo de tinta de impresora: TÃ©rmico
2026-02-24 08:03:38,918 | INFO | extractor_logger | [DEBUG TECNICO] Capacidad de almacenamiento de memoria: 64 MB
2026-02-24 08:03:38,949 | INFO | extractor_logger | [DEBUG TECNICO] Dimensiones del producto: 4 x 2,8 x 2 pulgadas
2026-02-24 08:03:38,974 | INFO | extractor_logger | [DEBUG TECNICO] ASIN: B07PT5WGSH
2026-02-24 08:03:39,000 | INFO | extractor_logger | [DEBUG TECNICO] NÃºmero de modelo del producto: MU-IMP006-US
2026-02-24 08:03:39,042 | INFO | extractor_logger | [DEBUG TECNICO] OpiniÃ³n media de los clientes: 3.7               3.7 de 5 estrellas         

                         (40)      
                    
                    var dpAcrHasRegisteredArcLinkClickAction;
                    P.when('A', 'ready').execute(function(A) {
                        if (dpAcrHasRegisteredArcLinkClickAction !== true) {
                            dpAcrHasRegisteredArcLinkClickAction = true;
                            A.declarative(
                                'acrLink-click-metrics', 'click',
                                { "allowLinkDefault": true },
                                function (event) {
                                    if (window.ue) {
                                        ue.count("acrLinkClickCount", (ue.count("acrLinkClickCount") || 0) + 1);
                                    }
                                }
                            );
                        }
                    });
                
                 
            P.when('A', 'cf').execute(function(A) {
                A.declarative('acrStarsLink-click-metrics', 'click', { "allowLinkDefault" : true },  function(event){
                    if(window.ue) {
                        ue.count("acrStarsLinkWithPopoverClickCount", (ue.count("acrStarsLinkWithPopoverClickCount") || 0) + 1);
                    }
                });
            });
        

           
       3.7 de 5 estrellas
2026-02-24 08:03:39,078 | INFO | extractor_logger | [DEBUG TECNICO] ClasificaciÃ³n en los mÃ¡s vendidos de Amazon: nÂº327,193 en Productos de Oficina (Ver el Top 100 en Productos de Oficina)  nÂº297 en Impresoras de Recibos
2026-02-24 08:03:39,115 | INFO | extractor_logger | [DEBUG TECNICO] Descatalogado por el fabricante: No
2026-02-24 08:03:39,149 | INFO | extractor_logger | [DEBUG TECNICO] Producto en amazon.com desde: diciembre 28, 2017
2026-02-24 08:03:39,183 | INFO | extractor_logger | [DEBUG TECNICO] Fabricante: MUNBYN
2026-02-24 08:03:40,543 | INFO | extractor_logger | ExtracciÃ³n real completada correctamente.
2026-02-24 08:03:40,544 | INFO | extractor_logger | DEBUG RETURN BULLETS: ['ã€Largo tiempo de esperaã€‘Mini impresora Bluetooth con baterÃ­a recargable de iones de litio de 1500 mAh, el tiempo de espera puede alcanzar de 5 a 6 dÃ­as, con funciÃ³n de apagado automÃ¡tico, funciÃ³n de encendido automÃ¡tico y recordatorio de volumen de baterÃ­a.', 'Compatible con software: la impresora tÃ©rmica mÃ³vil es compatible con Loyverse, iREAP, CasierStock, Kyte, Pozool, ExpressExpense (creador de recibos personalizados, mÃ¡s de 50 estilos de recibos) solo para dispositivos Android.', 'Amplia aplicaciÃ³n: esta impresora Bluetooth se puede utilizar con Android 4.0 IR, acuerdo IRCOMM o acuerdo POS SPP, etc. Cumple con facturas de taxi, recibos de tarifas administrativas, recibos de correos, pedidos de restaurantes e impresiÃ³n de pagos en lÃ­nea.', 'Uso cÃ³modo: la impresora inalÃ¡mbrica de recibos es compatible con dispositivos Android con comandos ESC/POS/STAR, viene con una funda y un cordÃ³n, es fÃ¡cil de transportar y manejar. AdemÃ¡s, se puede utilizar con papel tÃ©rmico de 2.283 in, no necesita tinta o cinta, limpio y ordenado. Por lo tanto, es ideal para negocios de larga distancia o al aire libre.', 'Consejos: no funciona con dispositivos iOS como iPad, iPhones. No es compatible con Square, Gloriafood, Doordash, Grubhub, TabShop lite, Clover, Open Table, O3POS, MobiPOS Lite y Kasse Speedy/PayPal/Intuit Gopayment/Shopify/Lector de tarjetas de crÃ©dito/settle/FileMaker. Confirme con nosotros si es compatible con su solicitud antes de realizar el pedido.']
2026-02-24 08:03:40,545 | INFO | extractor_logger | Iniciando normalizaciÃ³n estructurada del producto.
2026-02-24 08:03:40,545 | INFO | extractor_logger | Referencia encontrada (modelo): MU-IMP006-US
2026-02-24 08:03:40,547 | INFO | extractor_logger | NormalizaciÃ³n estructurada completada correctamente.
2026-02-24 08:03:40,548 | INFO | extractor_logger | Iniciando capa de traducciÃ³n.
2026-02-24 08:03:42,456 | INFO | extractor_logger | TraducciÃ³n completada.
2026-02-24 08:03:42,477 | INFO | extractor_logger | Validacion exitosa del contrato.
2026-02-24 08:03:42,485 | INFO | extractor_logger | Proceso completo finalizado.
2026-02-24 08:40:59,664 | INFO | extractor_logger | URL vÃ¡lida y dominio permitido.
2026-02-24 08:40:59,707 | INFO | extractor_logger | Proveedor detectado: Amazon
2026-02-24 08:40:59,709 | INFO | extractor_logger | Iniciando extracciÃ³n real Amazon con Playwright.
2026-02-24 08:41:27,406 | INFO | extractor_logger | [PRECIO DETECTADO] US$69.99
2026-02-24 08:41:27,632 | INFO | extractor_logger | [DEBUG BULLETS] Total encontrados: 5
2026-02-24 08:41:27,645 | INFO | extractor_logger | [DEBUG BULLET] ã€Largo tiempo de esperaã€‘Mini impresora Bluetooth con baterÃ­a recargable de iones de litio de 1500 mAh, el tiempo de espera puede alcanzar de 5 a 6 dÃ­as, con funciÃ³n de apagado automÃ¡tico, funciÃ³n de encendido automÃ¡tico y recordatorio de volumen de baterÃ­a.
2026-02-24 08:41:27,756 | INFO | extractor_logger | [DEBUG BULLET] Compatible con software: la impresora tÃ©rmica mÃ³vil es compatible con Loyverse, iREAP, CasierStock, Kyte, Pozool, ExpressExpense (creador de recibos personalizados, mÃ¡s de 50 estilos de recibos) solo para dispositivos Android.
2026-02-24 08:41:27,825 | INFO | extractor_logger | [DEBUG BULLET] Amplia aplicaciÃ³n: esta impresora Bluetooth se puede utilizar con Android 4.0 IR, acuerdo IRCOMM o acuerdo POS SPP, etc. Cumple con facturas de taxi, recibos de tarifas administrativas, recibos de correos, pedidos de restaurantes e impresiÃ³n de pagos en lÃ­nea.
2026-02-24 08:41:27,856 | INFO | extractor_logger | [DEBUG BULLET] Uso cÃ³modo: la impresora inalÃ¡mbrica de recibos es compatible con dispositivos Android con comandos ESC/POS/STAR, viene con una funda y un cordÃ³n, es fÃ¡cil de transportar y manejar. AdemÃ¡s, se puede utilizar con papel tÃ©rmico de 2.283 in, no necesita tinta o cinta, limpio y ordenado. Por lo tanto, es ideal para negocios de larga distancia o al aire libre.
2026-02-24 08:41:27,923 | INFO | extractor_logger | [DEBUG BULLET] Consejos: no funciona con dispositivos iOS como iPad, iPhones. No es compatible con Square, Gloriafood, Doordash, Grubhub, TabShop lite, Clover, Open Table, O3POS, MobiPOS Lite y Kasse Speedy/PayPal/Intuit Gopayment/Shopify/Lector de tarjetas de crÃ©dito/settle/FileMaker. Confirme con nosotros si es compatible con su solicitud antes de realizar el pedido.
2026-02-24 08:41:27,976 | INFO | extractor_logger | [DEBUG TECNICO] TamaÃ±o mÃ¡ximo del medio de impresiÃ³n: 58mm
2026-02-24 08:41:28,095 | INFO | extractor_logger | [DEBUG TECNICO] Componentes incluidos: Estuche, cordÃ³n
2026-02-24 08:41:28,123 | INFO | extractor_logger | [DEBUG TECNICO] Medios impresos: Papel tÃ©rmico
2026-02-24 08:41:28,576 | INFO | extractor_logger | [DEBUG TECNICO] Tipo de escÃ¡ner: PortÃ¡til
2026-02-24 08:41:28,721 | INFO | extractor_logger | [DEBUG TECNICO] Capacidad mÃ¡xima de hoja de entrada: 384
2026-02-24 08:41:28,928 | INFO | extractor_logger | [DEBUG TECNICO] Velocidad mÃ¡xima de copia (blanco y negro): 1 PÃ¡ginas por minuto
2026-02-24 08:41:29,001 | INFO | extractor_logger | [DEBUG TECNICO] Dispositivos compatibles: Tabletas
2026-02-24 08:41:29,063 | INFO | extractor_logger | [DEBUG TECNICO] MÃ¡xima resoluciÃ³n de impresiÃ³n a color: 203 DPI
2026-02-24 08:41:29,104 | INFO | extractor_logger | [DEBUG TECNICO] TamaÃ±o de la lÃ¡mina: 58 millimeters
2026-02-24 08:41:29,155 | INFO | extractor_logger | [DEBUG TECNICO] ResoluciÃ³n mÃ¡xima de impresiÃ³n en blanco y negro: 203 x 203 DPI
2026-02-24 08:41:29,202 | INFO | extractor_logger | [DEBUG TECNICO] Tipo de garantÃ­a: GarantÃ­a limitada
2026-02-24 08:41:29,322 | INFO | extractor_logger | [DEBUG TECNICO] Profundidad de color: 24 BPP
2026-02-24 08:41:29,455 | INFO | extractor_logger | [DEBUG TECNICO] ImpresiÃ³n a doble cara: No
2026-02-24 08:41:29,512 | INFO | extractor_logger | [DEBUG TECNICO] Potencia: 1500 milliamp_hours
2026-02-24 08:41:29,555 | INFO | extractor_logger | [DEBUG TECNICO] Negro-blanco de resoluciÃ³n mÃ¡xima de copia: 203 x 203 DPI
2026-02-24 08:41:29,593 | INFO | extractor_logger | [DEBUG TECNICO] DÃºplex: Simplex
2026-02-24 08:41:29,615 | INFO | extractor_logger | [DEBUG TECNICO] Interfaz de hardware: Bluetooth
2026-02-24 08:41:29,637 | INFO | extractor_logger | [DEBUG TECNICO] Funciones Adicionales de la Impresora: Solo imprimir
2026-02-24 08:41:29,712 | INFO | extractor_logger | [DEBUG TECNICO] MÃ©todo de control: AplicaciÃ³n
2026-02-24 08:41:29,819 | INFO | extractor_logger | [DEBUG TECNICO] Cantidad de procesadores: 1
2026-02-24 08:41:29,881 | INFO | extractor_logger | [DEBUG TECNICO] Serie de modelos: MU-IMP
2026-02-24 08:41:29,930 | INFO | extractor_logger | [DEBUG TECNICO] Usos especÃ­ficos del producto: Negocios
2026-02-24 08:41:29,999 | INFO | extractor_logger | [DEBUG TECNICO] UPC: 613310859857
2026-02-24 08:41:30,072 | INFO | extractor_logger | [DEBUG TECNICO] Tipo de tinta de impresora: TÃ©rmico
2026-02-24 08:41:30,119 | INFO | extractor_logger | [DEBUG TECNICO] Capacidad de almacenamiento de memoria: 64 MB
2026-02-24 08:41:30,170 | INFO | extractor_logger | [DEBUG TECNICO] Dimensiones del producto: 4 x 2,8 x 2 pulgadas
2026-02-24 08:41:30,203 | INFO | extractor_logger | [DEBUG TECNICO] ASIN: B07PT5WGSH
2026-02-24 08:41:30,231 | INFO | extractor_logger | [DEBUG TECNICO] NÃºmero de modelo del producto: MU-IMP006-US
2026-02-24 08:41:30,255 | INFO | extractor_logger | [DEBUG TECNICO] OpiniÃ³n media de los clientes: 3.7               3.7 de 5 estrellas         

                         (40)      
                    
                    var dpAcrHasRegisteredArcLinkClickAction;
                    P.when('A', 'ready').execute(function(A) {
                        if (dpAcrHasRegisteredArcLinkClickAction !== true) {
                            dpAcrHasRegisteredArcLinkClickAction = true;
                            A.declarative(
                                'acrLink-click-metrics', 'click',
                                { "allowLinkDefault": true },
                                function (event) {
                                    if (window.ue) {
                                        ue.count("acrLinkClickCount", (ue.count("acrLinkClickCount") || 0) + 1);
                                    }
                                }
                            );
                        }
                    });
                
                 
            P.when('A', 'cf').execute(function(A) {
                A.declarative('acrStarsLink-click-metrics', 'click', { "allowLinkDefault" : true },  function(event){
                    if(window.ue) {
                        ue.count("acrStarsLinkWithPopoverClickCount", (ue.count("acrStarsLinkWithPopoverClickCount") || 0) + 1);
                    }
                });
            });
        

           
       3.7 de 5 estrellas
2026-02-24 08:41:30,308 | INFO | extractor_logger | [DEBUG TECNICO] ClasificaciÃ³n en los mÃ¡s vendidos de Amazon: nÂº327,193 en Productos de Oficina (Ver el Top 100 en Productos de Oficina)  nÂº297 en Impresoras de Recibos
2026-02-24 08:41:30,332 | INFO | extractor_logger | [DEBUG TECNICO] Descatalogado por el fabricante: No
2026-02-24 08:41:30,367 | INFO | extractor_logger | [DEBUG TECNICO] Producto en amazon.com desde: diciembre 28, 2017
2026-02-24 08:41:30,395 | INFO | extractor_logger | [DEBUG TECNICO] Fabricante: MUNBYN
2026-02-24 08:41:39,413 | INFO | extractor_logger | ExtracciÃ³n real completada correctamente.
2026-02-24 08:41:39,416 | INFO | extractor_logger | DEBUG RETURN BULLETS: ['ã€Largo tiempo de esperaã€‘Mini impresora Bluetooth con baterÃ­a recargable de iones de litio de 1500 mAh, el tiempo de espera puede alcanzar de 5 a 6 dÃ­as, con funciÃ³n de apagado automÃ¡tico, funciÃ³n de encendido automÃ¡tico y recordatorio de volumen de baterÃ­a.', 'Compatible con software: la impresora tÃ©rmica mÃ³vil es compatible con Loyverse, iREAP, CasierStock, Kyte, Pozool, ExpressExpense (creador de recibos personalizados, mÃ¡s de 50 estilos de recibos) solo para dispositivos Android.', 'Amplia aplicaciÃ³n: esta impresora Bluetooth se puede utilizar con Android 4.0 IR, acuerdo IRCOMM o acuerdo POS SPP, etc. Cumple con facturas de taxi, recibos de tarifas administrativas, recibos de correos, pedidos de restaurantes e impresiÃ³n de pagos en lÃ­nea.', 'Uso cÃ³modo: la impresora inalÃ¡mbrica de recibos es compatible con dispositivos Android con comandos ESC/POS/STAR, viene con una funda y un cordÃ³n, es fÃ¡cil de transportar y manejar. AdemÃ¡s, se puede utilizar con papel tÃ©rmico de 2.283 in, no necesita tinta o cinta, limpio y ordenado. Por lo tanto, es ideal para negocios de larga distancia o al aire libre.', 'Consejos: no funciona con dispositivos iOS como iPad, iPhones. No es compatible con Square, Gloriafood, Doordash, Grubhub, TabShop lite, Clover, Open Table, O3POS, MobiPOS Lite y Kasse Speedy/PayPal/Intuit Gopayment/Shopify/Lector de tarjetas de crÃ©dito/settle/FileMaker. Confirme con nosotros si es compatible con su solicitud antes de realizar el pedido.']
2026-02-24 08:41:39,417 | INFO | extractor_logger | Iniciando normalizaciÃ³n estructurada del producto.
2026-02-24 08:41:39,418 | INFO | extractor_logger | Referencia encontrada (modelo): MU-IMP006-US
2026-02-24 08:41:39,421 | INFO | extractor_logger | NormalizaciÃ³n estructurada completada correctamente.
2026-02-24 08:41:39,421 | INFO | extractor_logger | Iniciando capa de traducciÃ³n.
2026-02-24 08:41:41,434 | INFO | extractor_logger | TraducciÃ³n completada.
2026-02-24 08:41:41,463 | INFO | extractor_logger | Validacion exitosa del contrato.
2026-02-24 08:41:41,470 | INFO | extractor_logger | Proceso completo finalizado.
2026-02-24 08:57:35,335 | INFO | extractor_logger | URL vÃ¡lida y dominio permitido.
2026-02-24 08:57:35,340 | INFO | extractor_logger | Proveedor detectado: Amazon
2026-02-24 08:57:35,340 | INFO | extractor_logger | Iniciando extracciÃ³n real Amazon con Playwright.
2026-02-24 08:57:54,291 | INFO | extractor_logger | [PRECIO DETECTADO] US$69.99
2026-02-24 08:57:54,324 | INFO | extractor_logger | [DEBUG BULLETS] Total encontrados: 5
2026-02-24 08:57:54,333 | INFO | extractor_logger | [DEBUG BULLET] ã€Largo tiempo de esperaã€‘Mini impresora Bluetooth con baterÃ­a recargable de iones de litio de 1500 mAh, el tiempo de espera puede alcanzar de 5 a 6 dÃ­as, con funciÃ³n de apagado automÃ¡tico, funciÃ³n de encendido automÃ¡tico y recordatorio de volumen de baterÃ­a.
2026-02-24 08:57:54,352 | INFO | extractor_logger | [DEBUG BULLET] Compatible con software: la impresora tÃ©rmica mÃ³vil es compatible con Loyverse, iREAP, CasierStock, Kyte, Pozool, ExpressExpense (creador de recibos personalizados, mÃ¡s de 50 estilos de recibos) solo para dispositivos Android.
2026-02-24 08:57:54,363 | INFO | extractor_logger | [DEBUG BULLET] Amplia aplicaciÃ³n: esta impresora Bluetooth se puede utilizar con Android 4.0 IR, acuerdo IRCOMM o acuerdo POS SPP, etc. Cumple con facturas de taxi, recibos de tarifas administrativas, recibos de correos, pedidos de restaurantes e impresiÃ³n de pagos en lÃ­nea.
2026-02-24 08:57:54,372 | INFO | extractor_logger | [DEBUG BULLET] Uso cÃ³modo: la impresora inalÃ¡mbrica de recibos es compatible con dispositivos Android con comandos ESC/POS/STAR, viene con una funda y un cordÃ³n, es fÃ¡cil de transportar y manejar. AdemÃ¡s, se puede utilizar con papel tÃ©rmico de 2.283 in, no necesita tinta o cinta, limpio y ordenado. Por lo tanto, es ideal para negocios de larga distancia o al aire libre.
2026-02-24 08:57:54,382 | INFO | extractor_logger | [DEBUG BULLET] Consejos: no funciona con dispositivos iOS como iPad, iPhones. No es compatible con Square, Gloriafood, Doordash, Grubhub, TabShop lite, Clover, Open Table, O3POS, MobiPOS Lite y Kasse Speedy/PayPal/Intuit Gopayment/Shopify/Lector de tarjetas de crÃ©dito/settle/FileMaker. Confirme con nosotros si es compatible con su solicitud antes de realizar el pedido.
2026-02-24 08:57:54,425 | INFO | extractor_logger | [DEBUG TECNICO] TamaÃ±o mÃ¡ximo del medio de impresiÃ³n: 58mm
2026-02-24 08:57:54,445 | INFO | extractor_logger | [DEBUG TECNICO] Componentes incluidos: Estuche, cordÃ³n
2026-02-24 08:57:54,462 | INFO | extractor_logger | [DEBUG TECNICO] Medios impresos: Papel tÃ©rmico
2026-02-24 08:57:54,478 | INFO | extractor_logger | [DEBUG TECNICO] Tipo de escÃ¡ner: PortÃ¡til
2026-02-24 08:57:54,497 | INFO | extractor_logger | [DEBUG TECNICO] Capacidad mÃ¡xima de hoja de entrada: 384
2026-02-24 08:57:54,520 | INFO | extractor_logger | [DEBUG TECNICO] Velocidad mÃ¡xima de copia (blanco y negro): 1 PÃ¡ginas por minuto
2026-02-24 08:57:54,545 | INFO | extractor_logger | [DEBUG TECNICO] Dispositivos compatibles: Tabletas
2026-02-24 08:57:54,566 | INFO | extractor_logger | [DEBUG TECNICO] MÃ¡xima resoluciÃ³n de impresiÃ³n a color: 203 DPI
2026-02-24 08:57:54,588 | INFO | extractor_logger | [DEBUG TECNICO] TamaÃ±o de la lÃ¡mina: 58 millimeters
2026-02-24 08:57:54,613 | INFO | extractor_logger | [DEBUG TECNICO] ResoluciÃ³n mÃ¡xima de impresiÃ³n en blanco y negro: 203 x 203 DPI
2026-02-24 08:57:54,632 | INFO | extractor_logger | [DEBUG TECNICO] Tipo de garantÃ­a: GarantÃ­a limitada
2026-02-24 08:57:54,654 | INFO | extractor_logger | [DEBUG TECNICO] Profundidad de color: 24 BPP
2026-02-24 08:57:54,679 | INFO | extractor_logger | [DEBUG TECNICO] ImpresiÃ³n a doble cara: No
2026-02-24 08:57:54,699 | INFO | extractor_logger | [DEBUG TECNICO] Potencia: 1500 milliamp_hours
2026-02-24 08:57:54,716 | INFO | extractor_logger | [DEBUG TECNICO] Negro-blanco de resoluciÃ³n mÃ¡xima de copia: 203 x 203 DPI
2026-02-24 08:57:54,745 | INFO | extractor_logger | [DEBUG TECNICO] DÃºplex: Simplex
2026-02-24 08:57:54,790 | INFO | extractor_logger | [DEBUG TECNICO] Interfaz de hardware: Bluetooth
2026-02-24 08:57:54,832 | INFO | extractor_logger | [DEBUG TECNICO] Funciones Adicionales de la Impresora: Solo imprimir
2026-02-24 08:57:54,908 | INFO | extractor_logger | [DEBUG TECNICO] MÃ©todo de control: AplicaciÃ³n
2026-02-24 08:57:54,988 | INFO | extractor_logger | [DEBUG TECNICO] Cantidad de procesadores: 1
2026-02-24 08:57:55,052 | INFO | extractor_logger | [DEBUG TECNICO] Serie de modelos: MU-IMP
2026-02-24 08:57:55,099 | INFO | extractor_logger | [DEBUG TECNICO] Usos especÃ­ficos del producto: Negocios
2026-02-24 08:57:55,144 | INFO | extractor_logger | [DEBUG TECNICO] UPC: 613310859857
2026-02-24 08:57:55,228 | INFO | extractor_logger | [DEBUG TECNICO] Tipo de tinta de impresora: TÃ©rmico
2026-02-24 08:57:55,264 | INFO | extractor_logger | [DEBUG TECNICO] Capacidad de almacenamiento de memoria: 64 MB
2026-02-24 08:57:55,318 | INFO | extractor_logger | [DEBUG TECNICO] Dimensiones del producto: 4 x 2,8 x 2 pulgadas
2026-02-24 08:57:55,351 | INFO | extractor_logger | [DEBUG TECNICO] ASIN: B07PT5WGSH
2026-02-24 08:57:55,389 | INFO | extractor_logger | [DEBUG TECNICO] NÃºmero de modelo del producto: MU-IMP006-US
2026-02-24 08:57:55,421 | INFO | extractor_logger | [DEBUG TECNICO] OpiniÃ³n media de los clientes: 3.7               3.7 de 5 estrellas         

                         (40)      
                    
                    var dpAcrHasRegisteredArcLinkClickAction;
                    P.when('A', 'ready').execute(function(A) {
                        if (dpAcrHasRegisteredArcLinkClickAction !== true) {
                            dpAcrHasRegisteredArcLinkClickAction = true;
                            A.declarative(
                                'acrLink-click-metrics', 'click',
                                { "allowLinkDefault": true },
                                function (event) {
                                    if (window.ue) {
                                        ue.count("acrLinkClickCount", (ue.count("acrLinkClickCount") || 0) + 1);
                                    }
                                }
                            );
                        }
                    });
                
                 
            P.when('A', 'cf').execute(function(A) {
                A.declarative('acrStarsLink-click-metrics', 'click', { "allowLinkDefault" : true },  function(event){
                    if(window.ue) {
                        ue.count("acrStarsLinkWithPopoverClickCount", (ue.count("acrStarsLinkWithPopoverClickCount") || 0) + 1);
                    }
                });
            });
        

           
       3.7 de 5 estrellas
2026-02-24 08:57:55,454 | INFO | extractor_logger | [DEBUG TECNICO] ClasificaciÃ³n en los mÃ¡s vendidos de Amazon: nÂº327,193 en Productos de Oficina (Ver el Top 100 en Productos de Oficina)  nÂº297 en Impresoras de Recibos
2026-02-24 08:57:55,487 | INFO | extractor_logger | [DEBUG TECNICO] Descatalogado por el fabricante: No
2026-02-24 08:57:55,521 | INFO | extractor_logger | [DEBUG TECNICO] Producto en amazon.com desde: diciembre 28, 2017
2026-02-24 08:57:55,554 | INFO | extractor_logger | [DEBUG TECNICO] Fabricante: MUNBYN
2026-02-24 08:57:56,899 | INFO | extractor_logger | ExtracciÃ³n real completada correctamente.
2026-02-24 08:57:56,900 | INFO | extractor_logger | DEBUG RETURN BULLETS: ['ã€Largo tiempo de esperaã€‘Mini impresora Bluetooth con baterÃ­a recargable de iones de litio de 1500 mAh, el tiempo de espera puede alcanzar de 5 a 6 dÃ­as, con funciÃ³n de apagado automÃ¡tico, funciÃ³n de encendido automÃ¡tico y recordatorio de volumen de baterÃ­a.', 'Compatible con software: la impresora tÃ©rmica mÃ³vil es compatible con Loyverse, iREAP, CasierStock, Kyte, Pozool, ExpressExpense (creador de recibos personalizados, mÃ¡s de 50 estilos de recibos) solo para dispositivos Android.', 'Amplia aplicaciÃ³n: esta impresora Bluetooth se puede utilizar con Android 4.0 IR, acuerdo IRCOMM o acuerdo POS SPP, etc. Cumple con facturas de taxi, recibos de tarifas administrativas, recibos de correos, pedidos de restaurantes e impresiÃ³n de pagos en lÃ­nea.', 'Uso cÃ³modo: la impresora inalÃ¡mbrica de recibos es compatible con dispositivos Android con comandos ESC/POS/STAR, viene con una funda y un cordÃ³n, es fÃ¡cil de transportar y manejar. AdemÃ¡s, se puede utilizar con papel tÃ©rmico de 2.283 in, no necesita tinta o cinta, limpio y ordenado. Por lo tanto, es ideal para negocios de larga distancia o al aire libre.', 'Consejos: no funciona con dispositivos iOS como iPad, iPhones. No es compatible con Square, Gloriafood, Doordash, Grubhub, TabShop lite, Clover, Open Table, O3POS, MobiPOS Lite y Kasse Speedy/PayPal/Intuit Gopayment/Shopify/Lector de tarjetas de crÃ©dito/settle/FileMaker. Confirme con nosotros si es compatible con su solicitud antes de realizar el pedido.']
2026-02-24 08:57:56,901 | INFO | extractor_logger | Iniciando normalizaciÃ³n estructurada del producto.
2026-02-24 08:57:56,901 | INFO | extractor_logger | Referencia encontrada (modelo): MU-IMP006-US
2026-02-24 08:57:56,902 | INFO | extractor_logger | NormalizaciÃ³n estructurada completada correctamente.
2026-02-24 08:57:56,903 | INFO | extractor_logger | Iniciando capa de traducciÃ³n.
2026-02-24 08:57:58,414 | INFO | extractor_logger | TraducciÃ³n completada.
2026-02-24 08:57:58,441 | INFO | extractor_logger | Validacion exitosa del contrato.
2026-02-24 08:57:58,451 | INFO | extractor_logger | Proceso completo finalizado.
2026-02-24 09:18:54,890 | INFO | extractor_logger | URL vÃ¡lida y dominio permitido.
2026-02-24 09:18:54,966 | INFO | extractor_logger | Proveedor detectado: Amazon
2026-02-24 09:18:54,974 | INFO | extractor_logger | Iniciando extracciÃ³n real Amazon con Playwright.
2026-02-24 09:19:21,951 | INFO | extractor_logger | [PRECIO DETECTADO] US$69.99
2026-02-24 09:19:22,030 | INFO | extractor_logger | [DEBUG BULLETS] Total encontrados: 5
2026-02-24 09:19:22,544 | INFO | extractor_logger | [DEBUG BULLET] ã€Largo tiempo de esperaã€‘Mini impresora Bluetooth con baterÃ­a recargable de iones de litio de 1500 mAh, el tiempo de espera puede alcanzar de 5 a 6 dÃ­as, con funciÃ³n de apagado automÃ¡tico, funciÃ³n de encendido automÃ¡tico y recordatorio de volumen de baterÃ­a.
2026-02-24 09:19:22,582 | INFO | extractor_logger | [DEBUG BULLET] Compatible con software: la impresora tÃ©rmica mÃ³vil es compatible con Loyverse, iREAP, CasierStock, Kyte, Pozool, ExpressExpense (creador de recibos personalizados, mÃ¡s de 50 estilos de recibos) solo para dispositivos Android.
2026-02-24 09:19:22,598 | INFO | extractor_logger | [DEBUG BULLET] Amplia aplicaciÃ³n: esta impresora Bluetooth se puede utilizar con Android 4.0 IR, acuerdo IRCOMM o acuerdo POS SPP, etc. Cumple con facturas de taxi, recibos de tarifas administrativas, recibos de correos, pedidos de restaurantes e impresiÃ³n de pagos en lÃ­nea.
2026-02-24 09:19:22,612 | INFO | extractor_logger | [DEBUG BULLET] Uso cÃ³modo: la impresora inalÃ¡mbrica de recibos es compatible con dispositivos Android con comandos ESC/POS/STAR, viene con una funda y un cordÃ³n, es fÃ¡cil de transportar y manejar. AdemÃ¡s, se puede utilizar con papel tÃ©rmico de 2.283 in, no necesita tinta o cinta, limpio y ordenado. Por lo tanto, es ideal para negocios de larga distancia o al aire libre.
2026-02-24 09:19:22,627 | INFO | extractor_logger | [DEBUG BULLET] Consejos: no funciona con dispositivos iOS como iPad, iPhones. No es compatible con Square, Gloriafood, Doordash, Grubhub, TabShop lite, Clover, Open Table, O3POS, MobiPOS Lite y Kasse Speedy/PayPal/Intuit Gopayment/Shopify/Lector de tarjetas de crÃ©dito/settle/FileMaker. Confirme con nosotros si es compatible con su solicitud antes de realizar el pedido.
2026-02-24 09:19:22,688 | INFO | extractor_logger | [DEBUG TECNICO] TamaÃ±o mÃ¡ximo del medio de impresiÃ³n: 58mm
2026-02-24 09:19:22,728 | INFO | extractor_logger | [DEBUG TECNICO] Componentes incluidos: Estuche, cordÃ³n
2026-02-24 09:19:22,765 | INFO | extractor_logger | [DEBUG TECNICO] Medios impresos: Papel tÃ©rmico
2026-02-24 09:19:22,826 | INFO | extractor_logger | [DEBUG TECNICO] Tipo de escÃ¡ner: PortÃ¡til
2026-02-24 09:19:22,873 | INFO | extractor_logger | [DEBUG TECNICO] Capacidad mÃ¡xima de hoja de entrada: 384
2026-02-24 09:19:22,909 | INFO | extractor_logger | [DEBUG TECNICO] Velocidad mÃ¡xima de copia (blanco y negro): 1 PÃ¡ginas por minuto
2026-02-24 09:19:22,950 | INFO | extractor_logger | [DEBUG TECNICO] Dispositivos compatibles: Tabletas
2026-02-24 09:19:23,011 | INFO | extractor_logger | [DEBUG TECNICO] MÃ¡xima resoluciÃ³n de impresiÃ³n a color: 203 DPI
2026-02-24 09:19:23,064 | INFO | extractor_logger | [DEBUG TECNICO] TamaÃ±o de la lÃ¡mina: 58 millimeters
2026-02-24 09:19:23,110 | INFO | extractor_logger | [DEBUG TECNICO] ResoluciÃ³n mÃ¡xima de impresiÃ³n en blanco y negro: 203 x 203 DPI
2026-02-24 09:19:23,144 | INFO | extractor_logger | [DEBUG TECNICO] Tipo de garantÃ­a: GarantÃ­a limitada
2026-02-24 09:19:23,188 | INFO | extractor_logger | [DEBUG TECNICO] Profundidad de color: 24 BPP
2026-02-24 09:19:23,244 | INFO | extractor_logger | [DEBUG TECNICO] ImpresiÃ³n a doble cara: No
2026-02-24 09:19:23,272 | INFO | extractor_logger | [DEBUG TECNICO] Potencia: 1500 milliamp_hours
2026-02-24 09:19:23,305 | INFO | extractor_logger | [DEBUG TECNICO] Negro-blanco de resoluciÃ³n mÃ¡xima de copia: 203 x 203 DPI
2026-02-24 09:19:23,336 | INFO | extractor_logger | [DEBUG TECNICO] DÃºplex: Simplex
2026-02-24 09:19:23,376 | INFO | extractor_logger | [DEBUG TECNICO] Interfaz de hardware: Bluetooth
2026-02-24 09:19:23,433 | INFO | extractor_logger | [DEBUG TECNICO] Funciones Adicionales de la Impresora: Solo imprimir
2026-02-24 09:19:23,486 | INFO | extractor_logger | [DEBUG TECNICO] MÃ©todo de control: AplicaciÃ³n
2026-02-24 09:19:23,554 | INFO | extractor_logger | [DEBUG TECNICO] Cantidad de procesadores: 1
2026-02-24 09:19:23,588 | INFO | extractor_logger | [DEBUG TECNICO] Serie de modelos: MU-IMP
2026-02-24 09:19:23,612 | INFO | extractor_logger | [DEBUG TECNICO] Usos especÃ­ficos del producto: Negocios
2026-02-24 09:19:23,635 | INFO | extractor_logger | [DEBUG TECNICO] UPC: 613310859857
2026-02-24 09:19:23,660 | INFO | extractor_logger | [DEBUG TECNICO] Tipo de tinta de impresora: TÃ©rmico
2026-02-24 09:19:23,687 | INFO | extractor_logger | [DEBUG TECNICO] Capacidad de almacenamiento de memoria: 64 MB
2026-02-24 09:19:23,714 | INFO | extractor_logger | [DEBUG TECNICO] Dimensiones del producto: 4 x 2,8 x 2 pulgadas
2026-02-24 09:19:23,744 | INFO | extractor_logger | [DEBUG TECNICO] ASIN: B07PT5WGSH
2026-02-24 09:19:23,779 | INFO | extractor_logger | [DEBUG TECNICO] NÃºmero de modelo del producto: MU-IMP006-US
2026-02-24 09:19:23,813 | INFO | extractor_logger | [DEBUG TECNICO] OpiniÃ³n media de los clientes: 3.7               3.7 de 5 estrellas         

                         (40)      
                    
                    var dpAcrHasRegisteredArcLinkClickAction;
                    P.when('A', 'ready').execute(function(A) {
                        if (dpAcrHasRegisteredArcLinkClickAction !== true) {
                            dpAcrHasRegisteredArcLinkClickAction = true;
                            A.declarative(
                                'acrLink-click-metrics', 'click',
                                { "allowLinkDefault": true },
                                function (event) {
                                    if (window.ue) {
                                        ue.count("acrLinkClickCount", (ue.count("acrLinkClickCount") || 0) + 1);
                                    }
                                }
                            );
                        }
                    });
                
                 
            P.when('A', 'cf').execute(function(A) {
                A.declarative('acrStarsLink-click-metrics', 'click', { "allowLinkDefault" : true },  function(event){
                    if(window.ue) {
                        ue.count("acrStarsLinkWithPopoverClickCount", (ue.count("acrStarsLinkWithPopoverClickCount") || 0) + 1);
                    }
                });
            });
        

           
       3.7 de 5 estrellas
2026-02-24 09:19:23,848 | INFO | extractor_logger | [DEBUG TECNICO] ClasificaciÃ³n en los mÃ¡s vendidos de Amazon: nÂº327,287 en Productos de Oficina (Ver el Top 100 en Productos de Oficina)  nÂº298 en Impresoras de Recibos
2026-02-24 09:19:23,879 | INFO | extractor_logger | [DEBUG TECNICO] Descatalogado por el fabricante: No
2026-02-24 09:19:23,913 | INFO | extractor_logger | [DEBUG TECNICO] Producto en amazon.com desde: diciembre 28, 2017
2026-02-24 09:19:23,943 | INFO | extractor_logger | [DEBUG TECNICO] Fabricante: MUNBYN
2026-02-24 09:19:27,997 | INFO | extractor_logger | ExtracciÃ³n real completada correctamente.
2026-02-24 09:19:27,998 | INFO | extractor_logger | DEBUG RETURN BULLETS: ['ã€Largo tiempo de esperaã€‘Mini impresora Bluetooth con baterÃ­a recargable de iones de litio de 1500 mAh, el tiempo de espera puede alcanzar de 5 a 6 dÃ­as, con funciÃ³n de apagado automÃ¡tico, funciÃ³n de encendido automÃ¡tico y recordatorio de volumen de baterÃ­a.', 'Compatible con software: la impresora tÃ©rmica mÃ³vil es compatible con Loyverse, iREAP, CasierStock, Kyte, Pozool, ExpressExpense (creador de recibos personalizados, mÃ¡s de 50 estilos de recibos) solo para dispositivos Android.', 'Amplia aplicaciÃ³n: esta impresora Bluetooth se puede utilizar con Android 4.0 IR, acuerdo IRCOMM o acuerdo POS SPP, etc. Cumple con facturas de taxi, recibos de tarifas administrativas, recibos de correos, pedidos de restaurantes e impresiÃ³n de pagos en lÃ­nea.', 'Uso cÃ³modo: la impresora inalÃ¡mbrica de recibos es compatible con dispositivos Android con comandos ESC/POS/STAR, viene con una funda y un cordÃ³n, es fÃ¡cil de transportar y manejar. AdemÃ¡s, se puede utilizar con papel tÃ©rmico de 2.283 in, no necesita tinta o cinta, limpio y ordenado. Por lo tanto, es ideal para negocios de larga distancia o al aire libre.', 'Consejos: no funciona con dispositivos iOS como iPad, iPhones. No es compatible con Square, Gloriafood, Doordash, Grubhub, TabShop lite, Clover, Open Table, O3POS, MobiPOS Lite y Kasse Speedy/PayPal/Intuit Gopayment/Shopify/Lector de tarjetas de crÃ©dito/settle/FileMaker. Confirme con nosotros si es compatible con su solicitud antes de realizar el pedido.']
2026-02-24 09:19:27,999 | INFO | extractor_logger | Iniciando normalizaciÃ³n estructurada del producto.
2026-02-24 09:19:27,999 | INFO | extractor_logger | Referencia encontrada (modelo): MU-IMP006-US
2026-02-24 09:19:28,001 | INFO | extractor_logger | NormalizaciÃ³n estructurada completada correctamente.
2026-02-24 09:19:28,001 | INFO | extractor_logger | Iniciando capa de traducciÃ³n.
2026-02-24 09:19:29,740 | INFO | extractor_logger | TraducciÃ³n completada.
2026-02-24 09:19:29,771 | INFO | extractor_logger | Validacion exitosa del contrato.
2026-02-24 09:19:29,781 | INFO | extractor_logger | Proceso completo finalizado.
2026-02-24 09:46:25,700 | INFO | extractor_logger | URL vÃ¡lida y dominio permitido.
2026-02-24 09:46:25,736 | INFO | extractor_logger | Proveedor detectado: Amazon
2026-02-24 09:46:25,740 | INFO | extractor_logger | Iniciando extracciÃ³n real Amazon con Playwright.
2026-02-24 09:46:55,804 | INFO | extractor_logger | [PRECIO DETECTADO] US$69.99
2026-02-24 09:46:55,850 | INFO | extractor_logger | [DEBUG BULLETS] Total encontrados: 5
2026-02-24 09:46:55,938 | INFO | extractor_logger | [DEBUG BULLET] ã€Largo tiempo de esperaã€‘Mini impresora Bluetooth con baterÃ­a recargable de iones de litio de 1500 mAh, el tiempo de espera puede alcanzar de 5 a 6 dÃ­as, con funciÃ³n de apagado automÃ¡tico, funciÃ³n de encendido automÃ¡tico y recordatorio de volumen de baterÃ­a.
2026-02-24 09:46:55,965 | INFO | extractor_logger | [DEBUG BULLET] Compatible con software: la impresora tÃ©rmica mÃ³vil es compatible con Loyverse, iREAP, CasierStock, Kyte, Pozool, ExpressExpense (creador de recibos personalizados, mÃ¡s de 50 estilos de recibos) solo para dispositivos Android.
2026-02-24 09:46:55,981 | INFO | extractor_logger | [DEBUG BULLET] Amplia aplicaciÃ³n: esta impresora Bluetooth se puede utilizar con Android 4.0 IR, acuerdo IRCOMM o acuerdo POS SPP, etc. Cumple con facturas de taxi, recibos de tarifas administrativas, recibos de correos, pedidos de restaurantes e impresiÃ³n de pagos en lÃ­nea.
2026-02-24 09:46:55,996 | INFO | extractor_logger | [DEBUG BULLET] Uso cÃ³modo: la impresora inalÃ¡mbrica de recibos es compatible con dispositivos Android con comandos ESC/POS/STAR, viene con una funda y un cordÃ³n, es fÃ¡cil de transportar y manejar. AdemÃ¡s, se puede utilizar con papel tÃ©rmico de 2.283 in, no necesita tinta o cinta, limpio y ordenado. Por lo tanto, es ideal para negocios de larga distancia o al aire libre.
2026-02-24 09:46:56,008 | INFO | extractor_logger | [DEBUG BULLET] Consejos: no funciona con dispositivos iOS como iPad, iPhones. No es compatible con Square, Gloriafood, Doordash, Grubhub, TabShop lite, Clover, Open Table, O3POS, MobiPOS Lite y Kasse Speedy/PayPal/Intuit Gopayment/Shopify/Lector de tarjetas de crÃ©dito/settle/FileMaker. Confirme con nosotros si es compatible con su solicitud antes de realizar el pedido.
2026-02-24 09:46:56,047 | INFO | extractor_logger | [DEBUG TECNICO] TamaÃ±o mÃ¡ximo del medio de impresiÃ³n: 58mm
2026-02-24 09:46:56,075 | INFO | extractor_logger | [DEBUG TECNICO] Componentes incluidos: Estuche, cordÃ³n
2026-02-24 09:46:56,104 | INFO | extractor_logger | [DEBUG TECNICO] Medios impresos: Papel tÃ©rmico
2026-02-24 09:46:56,127 | INFO | extractor_logger | [DEBUG TECNICO] Tipo de escÃ¡ner: PortÃ¡til
2026-02-24 09:46:56,154 | INFO | extractor_logger | [DEBUG TECNICO] Capacidad mÃ¡xima de hoja de entrada: 384
2026-02-24 09:46:56,180 | INFO | extractor_logger | [DEBUG TECNICO] Velocidad mÃ¡xima de copia (blanco y negro): 1 PÃ¡ginas por minuto
2026-02-24 09:46:56,205 | INFO | extractor_logger | [DEBUG TECNICO] Dispositivos compatibles: Tabletas
2026-02-24 09:46:56,227 | INFO | extractor_logger | [DEBUG TECNICO] MÃ¡xima resoluciÃ³n de impresiÃ³n a color: 203 DPI
2026-02-24 09:46:56,257 | INFO | extractor_logger | [DEBUG TECNICO] TamaÃ±o de la lÃ¡mina: 58 millimeters
2026-02-24 09:46:56,279 | INFO | extractor_logger | [DEBUG TECNICO] ResoluciÃ³n mÃ¡xima de impresiÃ³n en blanco y negro: 203 x 203 DPI
2026-02-24 09:46:56,295 | INFO | extractor_logger | [DEBUG TECNICO] Tipo de garantÃ­a: GarantÃ­a limitada
2026-02-24 09:46:56,314 | INFO | extractor_logger | [DEBUG TECNICO] Profundidad de color: 24 BPP
2026-02-24 09:46:56,338 | INFO | extractor_logger | [DEBUG TECNICO] ImpresiÃ³n a doble cara: No
2026-02-24 09:46:56,356 | INFO | extractor_logger | [DEBUG TECNICO] Potencia: 1500 milliamp_hours
2026-02-24 09:46:56,375 | INFO | extractor_logger | [DEBUG TECNICO] Negro-blanco de resoluciÃ³n mÃ¡xima de copia: 203 x 203 DPI
2026-02-24 09:46:56,395 | INFO | extractor_logger | [DEBUG TECNICO] DÃºplex: Simplex
2026-02-24 09:46:56,421 | INFO | extractor_logger | [DEBUG TECNICO] Interfaz de hardware: Bluetooth
2026-02-24 09:46:56,450 | INFO | extractor_logger | [DEBUG TECNICO] Funciones Adicionales de la Impresora: Solo imprimir
2026-02-24 09:46:56,507 | INFO | extractor_logger | [DEBUG TECNICO] MÃ©todo de control: AplicaciÃ³n
2026-02-24 09:46:56,558 | INFO | extractor_logger | [DEBUG TECNICO] Cantidad de procesadores: 1
2026-02-24 09:46:56,597 | INFO | extractor_logger | [DEBUG TECNICO] Serie de modelos: MU-IMP
2026-02-24 09:46:56,634 | INFO | extractor_logger | [DEBUG TECNICO] Usos especÃ­ficos del producto: Negocios
2026-02-24 09:46:56,680 | INFO | extractor_logger | [DEBUG TECNICO] UPC: 613310859857
2026-02-24 09:46:56,709 | INFO | extractor_logger | [DEBUG TECNICO] Tipo de tinta de impresora: TÃ©rmico
2026-02-24 09:46:56,745 | INFO | extractor_logger | [DEBUG TECNICO] Capacidad de almacenamiento de memoria: 64 MB
2026-02-24 09:46:56,774 | INFO | extractor_logger | [DEBUG TECNICO] Dimensiones del producto: 4 x 2,8 x 2 pulgadas
2026-02-24 09:46:56,808 | INFO | extractor_logger | [DEBUG TECNICO] ASIN: B07PT5WGSH
2026-02-24 09:46:56,839 | INFO | extractor_logger | [DEBUG TECNICO] NÃºmero de modelo del producto: MU-IMP006-US
2026-02-24 09:46:56,864 | INFO | extractor_logger | [DEBUG TECNICO] OpiniÃ³n media de los clientes: 3.7               3.7 de 5 estrellas         

                         (40)      
                    
                    var dpAcrHasRegisteredArcLinkClickAction;
                    P.when('A', 'ready').execute(function(A) {
                        if (dpAcrHasRegisteredArcLinkClickAction !== true) {
                            dpAcrHasRegisteredArcLinkClickAction = true;
                            A.declarative(
                                'acrLink-click-metrics', 'click',
                                { "allowLinkDefault": true },
                                function (event) {
                                    if (window.ue) {
                                        ue.count("acrLinkClickCount", (ue.count("acrLinkClickCount") || 0) + 1);
                                    }
                                }
                            );
                        }
                    });
                
                 
            P.when('A', 'cf').execute(function(A) {
                A.declarative('acrStarsLink-click-metrics', 'click', { "allowLinkDefault" : true },  function(event){
                    if(window.ue) {
                        ue.count("acrStarsLinkWithPopoverClickCount", (ue.count("acrStarsLinkWithPopoverClickCount") || 0) + 1);
                    }
                });
            });
        

           
       3.7 de 5 estrellas
2026-02-24 09:46:56,898 | INFO | extractor_logger | [DEBUG TECNICO] ClasificaciÃ³n en los mÃ¡s vendidos de Amazon: nÂº327,287 en Productos de Oficina (Ver el Top 100 en Productos de Oficina)  nÂº298 en Impresoras de Recibos
2026-02-24 09:46:56,933 | INFO | extractor_logger | [DEBUG TECNICO] Descatalogado por el fabricante: No
2026-02-24 09:46:56,963 | INFO | extractor_logger | [DEBUG TECNICO] Producto en amazon.com desde: diciembre 28, 2017
2026-02-24 09:46:56,989 | INFO | extractor_logger | [DEBUG TECNICO] Fabricante: MUNBYN
2026-02-24 09:46:58,582 | INFO | extractor_logger | ExtracciÃ³n real completada correctamente.
2026-02-24 09:46:58,583 | INFO | extractor_logger | DEBUG RETURN BULLETS: ['ã€Largo tiempo de esperaã€‘Mini impresora Bluetooth con baterÃ­a recargable de iones de litio de 1500 mAh, el tiempo de espera puede alcanzar de 5 a 6 dÃ­as, con funciÃ³n de apagado automÃ¡tico, funciÃ³n de encendido automÃ¡tico y recordatorio de volumen de baterÃ­a.', 'Compatible con software: la impresora tÃ©rmica mÃ³vil es compatible con Loyverse, iREAP, CasierStock, Kyte, Pozool, ExpressExpense (creador de recibos personalizados, mÃ¡s de 50 estilos de recibos) solo para dispositivos Android.', 'Amplia aplicaciÃ³n: esta impresora Bluetooth se puede utilizar con Android 4.0 IR, acuerdo IRCOMM o acuerdo POS SPP, etc. Cumple con facturas de taxi, recibos de tarifas administrativas, recibos de correos, pedidos de restaurantes e impresiÃ³n de pagos en lÃ­nea.', 'Uso cÃ³modo: la impresora inalÃ¡mbrica de recibos es compatible con dispositivos Android con comandos ESC/POS/STAR, viene con una funda y un cordÃ³n, es fÃ¡cil de transportar y manejar. AdemÃ¡s, se puede utilizar con papel tÃ©rmico de 2.283 in, no necesita tinta o cinta, limpio y ordenado. Por lo tanto, es ideal para negocios de larga distancia o al aire libre.', 'Consejos: no funciona con dispositivos iOS como iPad, iPhones. No es compatible con Square, Gloriafood, Doordash, Grubhub, TabShop lite, Clover, Open Table, O3POS, MobiPOS Lite y Kasse Speedy/PayPal/Intuit Gopayment/Shopify/Lector de tarjetas de crÃ©dito/settle/FileMaker. Confirme con nosotros si es compatible con su solicitud antes de realizar el pedido.']
2026-02-24 09:46:58,584 | INFO | extractor_logger | Iniciando normalizaciÃ³n estructurada del producto.
2026-02-24 09:46:58,584 | INFO | extractor_logger | Referencia encontrada (modelo): MU-IMP006-US
2026-02-24 09:46:58,587 | INFO | extractor_logger | NormalizaciÃ³n estructurada completada correctamente.
2026-02-24 09:46:58,587 | INFO | extractor_logger | Iniciando capa de traducciÃ³n.
2026-02-24 09:47:00,648 | INFO | extractor_logger | TraducciÃ³n completada.
2026-02-24 09:47:00,679 | INFO | extractor_logger | Validacion exitosa del contrato.
2026-02-24 09:47:00,690 | INFO | extractor_logger | Proceso completo finalizado.
2026-02-24 10:02:45,102 | INFO | extractor_logger | URL vÃ¡lida y dominio permitido.
2026-02-24 10:02:45,106 | INFO | extractor_logger | Proveedor detectado: Amazon
2026-02-24 10:02:45,106 | INFO | extractor_logger | Iniciando extracciÃ³n real Amazon con Playwright.
2026-02-24 10:03:05,935 | INFO | extractor_logger | [PRECIO DETECTADO] US$69.99
2026-02-24 10:03:06,004 | INFO | extractor_logger | [DEBUG BULLETS] Total encontrados: 5
2026-02-24 10:03:06,023 | INFO | extractor_logger | [DEBUG BULLET] ã€Largo tiempo de esperaã€‘Mini impresora Bluetooth con baterÃ­a recargable de iones de litio de 1500 mAh, el tiempo de espera puede alcanzar de 5 a 6 dÃ­as, con funciÃ³n de apagado automÃ¡tico, funciÃ³n de encendido automÃ¡tico y recordatorio de volumen de baterÃ­a.
2026-02-24 10:03:06,042 | INFO | extractor_logger | [DEBUG BULLET] Compatible con software: la impresora tÃ©rmica mÃ³vil es compatible con Loyverse, iREAP, CasierStock, Kyte, Pozool, ExpressExpense (creador de recibos personalizados, mÃ¡s de 50 estilos de recibos) solo para dispositivos Android.
2026-02-24 10:03:06,060 | INFO | extractor_logger | [DEBUG BULLET] Amplia aplicaciÃ³n: esta impresora Bluetooth se puede utilizar con Android 4.0 IR, acuerdo IRCOMM o acuerdo POS SPP, etc. Cumple con facturas de taxi, recibos de tarifas administrativas, recibos de correos, pedidos de restaurantes e impresiÃ³n de pagos en lÃ­nea.
2026-02-24 10:03:06,075 | INFO | extractor_logger | [DEBUG BULLET] Uso cÃ³modo: la impresora inalÃ¡mbrica de recibos es compatible con dispositivos Android con comandos ESC/POS/STAR, viene con una funda y un cordÃ³n, es fÃ¡cil de transportar y manejar. AdemÃ¡s, se puede utilizar con papel tÃ©rmico de 2.283 in, no necesita tinta o cinta, limpio y ordenado. Por lo tanto, es ideal para negocios de larga distancia o al aire libre.
2026-02-24 10:03:06,090 | INFO | extractor_logger | [DEBUG BULLET] Consejos: no funciona con dispositivos iOS como iPad, iPhones. No es compatible con Square, Gloriafood, Doordash, Grubhub, TabShop lite, Clover, Open Table, O3POS, MobiPOS Lite y Kasse Speedy/PayPal/Intuit Gopayment/Shopify/Lector de tarjetas de crÃ©dito/settle/FileMaker. Confirme con nosotros si es compatible con su solicitud antes de realizar el pedido.
2026-02-24 10:03:06,138 | INFO | extractor_logger | [DEBUG TECNICO] TamaÃ±o mÃ¡ximo del medio de impresiÃ³n: 58mm
2026-02-24 10:03:06,169 | INFO | extractor_logger | [DEBUG TECNICO] Componentes incluidos: Estuche, cordÃ³n
2026-02-24 10:03:06,208 | INFO | extractor_logger | [DEBUG TECNICO] Medios impresos: Papel tÃ©rmico
2026-02-24 10:03:06,253 | INFO | extractor_logger | [DEBUG TECNICO] Tipo de escÃ¡ner: PortÃ¡til
2026-02-24 10:03:06,296 | INFO | extractor_logger | [DEBUG TECNICO] Capacidad mÃ¡xima de hoja de entrada: 384
2026-02-24 10:03:06,353 | INFO | extractor_logger | [DEBUG TECNICO] Velocidad mÃ¡xima de copia (blanco y negro): 1 PÃ¡ginas por minuto
2026-02-24 10:03:06,393 | INFO | extractor_logger | [DEBUG TECNICO] Dispositivos compatibles: Tabletas
2026-02-24 10:03:06,428 | INFO | extractor_logger | [DEBUG TECNICO] MÃ¡xima resoluciÃ³n de impresiÃ³n a color: 203 DPI
2026-02-24 10:03:06,471 | INFO | extractor_logger | [DEBUG TECNICO] TamaÃ±o de la lÃ¡mina: 58 millimeters
2026-02-24 10:03:06,560 | INFO | extractor_logger | [DEBUG TECNICO] ResoluciÃ³n mÃ¡xima de impresiÃ³n en blanco y negro: 203 x 203 DPI
2026-02-24 10:03:06,634 | INFO | extractor_logger | [DEBUG TECNICO] Tipo de garantÃ­a: GarantÃ­a limitada
2026-02-24 10:03:06,698 | INFO | extractor_logger | [DEBUG TECNICO] Profundidad de color: 24 BPP
2026-02-24 10:03:06,750 | INFO | extractor_logger | [DEBUG TECNICO] ImpresiÃ³n a doble cara: No
2026-02-24 10:03:06,844 | INFO | extractor_logger | [DEBUG TECNICO] Potencia: 1500 milliamp_hours
2026-02-24 10:03:06,963 | INFO | extractor_logger | [DEBUG TECNICO] Negro-blanco de resoluciÃ³n mÃ¡xima de copia: 203 x 203 DPI
2026-02-24 10:03:07,077 | INFO | extractor_logger | [DEBUG TECNICO] DÃºplex: Simplex
2026-02-24 10:03:07,162 | INFO | extractor_logger | [DEBUG TECNICO] Interfaz de hardware: Bluetooth
2026-02-24 10:03:07,218 | INFO | extractor_logger | [DEBUG TECNICO] Funciones Adicionales de la Impresora: Solo imprimir
2026-02-24 10:03:07,281 | INFO | extractor_logger | [DEBUG TECNICO] MÃ©todo de control: AplicaciÃ³n
2026-02-24 10:03:07,326 | INFO | extractor_logger | [DEBUG TECNICO] Cantidad de procesadores: 1
2026-02-24 10:03:07,366 | INFO | extractor_logger | [DEBUG TECNICO] Serie de modelos: MU-IMP
2026-02-24 10:03:07,398 | INFO | extractor_logger | [DEBUG TECNICO] Usos especÃ­ficos del producto: Negocios
2026-02-24 10:03:07,433 | INFO | extractor_logger | [DEBUG TECNICO] UPC: 613310859857
2026-02-24 10:03:07,479 | INFO | extractor_logger | [DEBUG TECNICO] Tipo de tinta de impresora: TÃ©rmico
2026-02-24 10:03:07,509 | INFO | extractor_logger | [DEBUG TECNICO] Capacidad de almacenamiento de memoria: 64 MB
2026-02-24 10:03:07,553 | INFO | extractor_logger | [DEBUG TECNICO] Dimensiones del producto: 4 x 2,8 x 2 pulgadas
2026-02-24 10:03:07,590 | INFO | extractor_logger | [DEBUG TECNICO] ASIN: B07PT5WGSH
2026-02-24 10:03:07,610 | INFO | extractor_logger | [DEBUG TECNICO] NÃºmero de modelo del producto: MU-IMP006-US
2026-02-24 10:03:07,654 | INFO | extractor_logger | [DEBUG TECNICO] OpiniÃ³n media de los clientes: 3.7               3.7 de 5 estrellas         

                         (40)      
                    
                    var dpAcrHasRegisteredArcLinkClickAction;
                    P.when('A', 'ready').execute(function(A) {
                        if (dpAcrHasRegisteredArcLinkClickAction !== true) {
                            dpAcrHasRegisteredArcLinkClickAction = true;
                            A.declarative(
                                'acrLink-click-metrics', 'click',
                                { "allowLinkDefault": true },
                                function (event) {
                                    if (window.ue) {
                                        ue.count("acrLinkClickCount", (ue.count("acrLinkClickCount") || 0) + 1);
                                    }
                                }
                            );
                        }
                    });
                
                 
            P.when('A', 'cf').execute(function(A) {
                A.declarative('acrStarsLink-click-metrics', 'click', { "allowLinkDefault" : true },  function(event){
                    if(window.ue) {
                        ue.count("acrStarsLinkWithPopoverClickCount", (ue.count("acrStarsLinkWithPopoverClickCount") || 0) + 1);
                    }
                });
            });
        

           
       3.7 de 5 estrellas
2026-02-24 10:03:07,703 | INFO | extractor_logger | [DEBUG TECNICO] ClasificaciÃ³n en los mÃ¡s vendidos de Amazon: nÂº327,287 en Productos de Oficina (Ver el Top 100 en Productos de Oficina)  nÂº298 en Impresoras de Recibos
2026-02-24 10:03:07,747 | INFO | extractor_logger | [DEBUG TECNICO] Descatalogado por el fabricante: No
2026-02-24 10:03:07,808 | INFO | extractor_logger | [DEBUG TECNICO] Producto en amazon.com desde: diciembre 28, 2017
2026-02-24 10:03:07,880 | INFO | extractor_logger | [DEBUG TECNICO] Fabricante: MUNBYN
2026-02-24 10:03:20,153 | INFO | extractor_logger | ExtracciÃ³n real completada correctamente.
2026-02-24 10:03:20,155 | INFO | extractor_logger | DEBUG RETURN BULLETS: ['ã€Largo tiempo de esperaã€‘Mini impresora Bluetooth con baterÃ­a recargable de iones de litio de 1500 mAh, el tiempo de espera puede alcanzar de 5 a 6 dÃ­as, con funciÃ³n de apagado automÃ¡tico, funciÃ³n de encendido automÃ¡tico y recordatorio de volumen de baterÃ­a.', 'Compatible con software: la impresora tÃ©rmica mÃ³vil es compatible con Loyverse, iREAP, CasierStock, Kyte, Pozool, ExpressExpense (creador de recibos personalizados, mÃ¡s de 50 estilos de recibos) solo para dispositivos Android.', 'Amplia aplicaciÃ³n: esta impresora Bluetooth se puede utilizar con Android 4.0 IR, acuerdo IRCOMM o acuerdo POS SPP, etc. Cumple con facturas de taxi, recibos de tarifas administrativas, recibos de correos, pedidos de restaurantes e impresiÃ³n de pagos en lÃ­nea.', 'Uso cÃ³modo: la impresora inalÃ¡mbrica de recibos es compatible con dispositivos Android con comandos ESC/POS/STAR, viene con una funda y un cordÃ³n, es fÃ¡cil de transportar y manejar. AdemÃ¡s, se puede utilizar con papel tÃ©rmico de 2.283 in, no necesita tinta o cinta, limpio y ordenado. Por lo tanto, es ideal para negocios de larga distancia o al aire libre.', 'Consejos: no funciona con dispositivos iOS como iPad, iPhones. No es compatible con Square, Gloriafood, Doordash, Grubhub, TabShop lite, Clover, Open Table, O3POS, MobiPOS Lite y Kasse Speedy/PayPal/Intuit Gopayment/Shopify/Lector de tarjetas de crÃ©dito/settle/FileMaker. Confirme con nosotros si es compatible con su solicitud antes de realizar el pedido.']
2026-02-24 10:03:20,155 | INFO | extractor_logger | Iniciando normalizaciÃ³n estructurada del producto.
2026-02-24 10:03:20,156 | INFO | extractor_logger | Referencia encontrada (modelo): MU-IMP006-US
2026-02-24 10:03:20,159 | INFO | extractor_logger | NormalizaciÃ³n estructurada completada correctamente.
2026-02-24 10:03:20,159 | INFO | extractor_logger | Iniciando capa de traducciÃ³n.
2026-02-24 10:03:21,807 | INFO | extractor_logger | TraducciÃ³n completada.
2026-02-24 10:03:21,836 | INFO | extractor_logger | Validacion exitosa del contrato.
2026-02-24 10:03:21,846 | INFO | extractor_logger | Proceso completo finalizado.
2026-02-24 10:25:42,591 | INFO | extractor_logger | URL vÃ¡lida y dominio permitido.
2026-02-24 10:25:42,596 | INFO | extractor_logger | Proveedor detectado: Amazon
2026-02-24 10:25:42,596 | INFO | extractor_logger | Iniciando extracciÃ³n real Amazon con Playwright.
2026-02-24 10:26:02,700 | INFO | extractor_logger | [PRECIO DETECTADO] US$69.99
2026-02-24 10:26:02,921 | INFO | extractor_logger | [DEBUG BULLETS] Total encontrados: 5
2026-02-24 10:26:02,967 | INFO | extractor_logger | [DEBUG BULLET] ã€Largo tiempo de esperaã€‘Mini impresora Bluetooth con baterÃ­a recargable de iones de litio de 1500 mAh, el tiempo de espera puede alcanzar de 5 a 6 dÃ­as, con funciÃ³n de apagado automÃ¡tico, funciÃ³n de encendido automÃ¡tico y recordatorio de volumen de baterÃ­a.
2026-02-24 10:26:03,134 | INFO | extractor_logger | [DEBUG BULLET] Compatible con software: la impresora tÃ©rmica mÃ³vil es compatible con Loyverse, iREAP, CasierStock, Kyte, Pozool, ExpressExpense (creador de recibos personalizados, mÃ¡s de 50 estilos de recibos) solo para dispositivos Android.
2026-02-24 10:26:03,191 | INFO | extractor_logger | [DEBUG BULLET] Amplia aplicaciÃ³n: esta impresora Bluetooth se puede utilizar con Android 4.0 IR, acuerdo IRCOMM o acuerdo POS SPP, etc. Cumple con facturas de taxi, recibos de tarifas administrativas, recibos de correos, pedidos de restaurantes e impresiÃ³n de pagos en lÃ­nea.
2026-02-24 10:26:03,203 | INFO | extractor_logger | [DEBUG BULLET] Uso cÃ³modo: la impresora inalÃ¡mbrica de recibos es compatible con dispositivos Android con comandos ESC/POS/STAR, viene con una funda y un cordÃ³n, es fÃ¡cil de transportar y manejar. AdemÃ¡s, se puede utilizar con papel tÃ©rmico de 2.283 in, no necesita tinta o cinta, limpio y ordenado. Por lo tanto, es ideal para negocios de larga distancia o al aire libre.
2026-02-24 10:26:03,244 | INFO | extractor_logger | [DEBUG BULLET] Consejos: no funciona con dispositivos iOS como iPad, iPhones. No es compatible con Square, Gloriafood, Doordash, Grubhub, TabShop lite, Clover, Open Table, O3POS, MobiPOS Lite y Kasse Speedy/PayPal/Intuit Gopayment/Shopify/Lector de tarjetas de crÃ©dito/settle/FileMaker. Confirme con nosotros si es compatible con su solicitud antes de realizar el pedido.
2026-02-24 10:26:04,093 | INFO | extractor_logger | [DEBUG TECNICO] TamaÃ±o mÃ¡ximo del medio de impresiÃ³n: 58mm
2026-02-24 10:26:04,127 | INFO | extractor_logger | [DEBUG TECNICO] Componentes incluidos: Estuche, cordÃ³n
2026-02-24 10:26:04,174 | INFO | extractor_logger | [DEBUG TECNICO] Medios impresos: Papel tÃ©rmico
2026-02-24 10:26:04,217 | INFO | extractor_logger | [DEBUG TECNICO] Tipo de escÃ¡ner: PortÃ¡til
2026-02-24 10:26:04,260 | INFO | extractor_logger | [DEBUG TECNICO] Capacidad mÃ¡xima de hoja de entrada: 384
2026-02-24 10:26:04,300 | INFO | extractor_logger | [DEBUG TECNICO] Velocidad mÃ¡xima de copia (blanco y negro): 1 PÃ¡ginas por minuto
2026-02-24 10:26:04,337 | INFO | extractor_logger | [DEBUG TECNICO] Dispositivos compatibles: Tabletas
2026-02-24 10:26:04,370 | INFO | extractor_logger | [DEBUG TECNICO] MÃ¡xima resoluciÃ³n de impresiÃ³n a color: 203 DPI
2026-02-24 10:26:04,398 | INFO | extractor_logger | [DEBUG TECNICO] TamaÃ±o de la lÃ¡mina: 58 millimeters
2026-02-24 10:26:04,435 | INFO | extractor_logger | [DEBUG TECNICO] ResoluciÃ³n mÃ¡xima de impresiÃ³n en blanco y negro: 203 x 203 DPI
2026-02-24 10:26:04,474 | INFO | extractor_logger | [DEBUG TECNICO] Tipo de garantÃ­a: GarantÃ­a limitada
2026-02-24 10:26:04,503 | INFO | extractor_logger | [DEBUG TECNICO] Profundidad de color: 24 BPP
2026-02-24 10:26:04,543 | INFO | extractor_logger | [DEBUG TECNICO] ImpresiÃ³n a doble cara: No
2026-02-24 10:26:04,576 | INFO | extractor_logger | [DEBUG TECNICO] Potencia: 1500 milliamp_hours
2026-02-24 10:26:04,622 | INFO | extractor_logger | [DEBUG TECNICO] Negro-blanco de resoluciÃ³n mÃ¡xima de copia: 203 x 203 DPI
2026-02-24 10:26:04,653 | INFO | extractor_logger | [DEBUG TECNICO] DÃºplex: Simplex
2026-02-24 10:26:04,712 | INFO | extractor_logger | [DEBUG TECNICO] Interfaz de hardware: Bluetooth
2026-02-24 10:26:04,755 | INFO | extractor_logger | [DEBUG TECNICO] Funciones Adicionales de la Impresora: Solo imprimir
2026-02-24 10:26:04,791 | INFO | extractor_logger | [DEBUG TECNICO] MÃ©todo de control: AplicaciÃ³n
2026-02-24 10:26:04,834 | INFO | extractor_logger | [DEBUG TECNICO] Cantidad de procesadores: 1
2026-02-24 10:26:04,870 | INFO | extractor_logger | [DEBUG TECNICO] Serie de modelos: MU-IMP
2026-02-24 10:26:04,927 | INFO | extractor_logger | [DEBUG TECNICO] Usos especÃ­ficos del producto: Negocios
2026-02-24 10:26:04,968 | INFO | extractor_logger | [DEBUG TECNICO] UPC: 613310859857
2026-02-24 10:26:05,027 | INFO | extractor_logger | [DEBUG TECNICO] Tipo de tinta de impresora: TÃ©rmico
2026-02-24 10:26:05,063 | INFO | extractor_logger | [DEBUG TECNICO] Capacidad de almacenamiento de memoria: 64 MB
2026-02-24 10:26:05,125 | INFO | extractor_logger | [DEBUG TECNICO] Dimensiones del producto: 4 x 2,8 x 2 pulgadas
2026-02-24 10:26:05,174 | INFO | extractor_logger | [DEBUG TECNICO] ASIN: B07PT5WGSH
2026-02-24 10:26:05,226 | INFO | extractor_logger | [DEBUG TECNICO] NÃºmero de modelo del producto: MU-IMP006-US
2026-02-24 10:26:05,266 | INFO | extractor_logger | [DEBUG TECNICO] OpiniÃ³n media de los clientes: 3.7               3.7 de 5 estrellas         

                         (40)      
                    
                    var dpAcrHasRegisteredArcLinkClickAction;
                    P.when('A', 'ready').execute(function(A) {
                        if (dpAcrHasRegisteredArcLinkClickAction !== true) {
                            dpAcrHasRegisteredArcLinkClickAction = true;
                            A.declarative(
                                'acrLink-click-metrics', 'click',
                                { "allowLinkDefault": true },
                                function (event) {
                                    if (window.ue) {
                                        ue.count("acrLinkClickCount", (ue.count("acrLinkClickCount") || 0) + 1);
                                    }
                                }
                            );
                        }
                    });
                
                 
            P.when('A', 'cf').execute(function(A) {
                A.declarative('acrStarsLink-click-metrics', 'click', { "allowLinkDefault" : true },  function(event){
                    if(window.ue) {
                        ue.count("acrStarsLinkWithPopoverClickCount", (ue.count("acrStarsLinkWithPopoverClickCount") || 0) + 1);
                    }
                });
            });
        

           
       3.7 de 5 estrellas
2026-02-24 10:26:05,311 | INFO | extractor_logger | [DEBUG TECNICO] ClasificaciÃ³n en los mÃ¡s vendidos de Amazon: nÂº327,297 en Productos de Oficina (Ver el Top 100 en Productos de Oficina)  nÂº301 en Impresoras de Recibos
2026-02-24 10:26:05,349 | INFO | extractor_logger | [DEBUG TECNICO] Descatalogado por el fabricante: No
2026-02-24 10:26:05,388 | INFO | extractor_logger | [DEBUG TECNICO] Producto en amazon.com desde: diciembre 28, 2017
2026-02-24 10:26:05,437 | INFO | extractor_logger | [DEBUG TECNICO] Fabricante: MUNBYN
2026-02-24 10:26:08,371 | INFO | extractor_logger | ExtracciÃ³n real completada correctamente.
2026-02-24 10:26:08,372 | INFO | extractor_logger | DEBUG RETURN BULLETS: ['ã€Largo tiempo de esperaã€‘Mini impresora Bluetooth con baterÃ­a recargable de iones de litio de 1500 mAh, el tiempo de espera puede alcanzar de 5 a 6 dÃ­as, con funciÃ³n de apagado automÃ¡tico, funciÃ³n de encendido automÃ¡tico y recordatorio de volumen de baterÃ­a.', 'Compatible con software: la impresora tÃ©rmica mÃ³vil es compatible con Loyverse, iREAP, CasierStock, Kyte, Pozool, ExpressExpense (creador de recibos personalizados, mÃ¡s de 50 estilos de recibos) solo para dispositivos Android.', 'Amplia aplicaciÃ³n: esta impresora Bluetooth se puede utilizar con Android 4.0 IR, acuerdo IRCOMM o acuerdo POS SPP, etc. Cumple con facturas de taxi, recibos de tarifas administrativas, recibos de correos, pedidos de restaurantes e impresiÃ³n de pagos en lÃ­nea.', 'Uso cÃ³modo: la impresora inalÃ¡mbrica de recibos es compatible con dispositivos Android con comandos ESC/POS/STAR, viene con una funda y un cordÃ³n, es fÃ¡cil de transportar y manejar. AdemÃ¡s, se puede utilizar con papel tÃ©rmico de 2.283 in, no necesita tinta o cinta, limpio y ordenado. Por lo tanto, es ideal para negocios de larga distancia o al aire libre.', 'Consejos: no funciona con dispositivos iOS como iPad, iPhones. No es compatible con Square, Gloriafood, Doordash, Grubhub, TabShop lite, Clover, Open Table, O3POS, MobiPOS Lite y Kasse Speedy/PayPal/Intuit Gopayment/Shopify/Lector de tarjetas de crÃ©dito/settle/FileMaker. Confirme con nosotros si es compatible con su solicitud antes de realizar el pedido.']
2026-02-24 10:26:08,373 | INFO | extractor_logger | Iniciando normalizaciÃ³n estructurada del producto.
2026-02-24 10:26:08,373 | INFO | extractor_logger | Referencia encontrada (modelo): MU-IMP006-US
2026-02-24 10:26:08,376 | INFO | extractor_logger | NormalizaciÃ³n estructurada completada correctamente.
2026-02-24 10:26:08,376 | INFO | extractor_logger | Iniciando capa de traducciÃ³n.
2026-02-24 10:26:10,092 | INFO | extractor_logger | TraducciÃ³n completada.
2026-02-24 10:26:10,114 | INFO | extractor_logger | Validacion exitosa del contrato.
2026-02-24 10:26:10,120 | INFO | extractor_logger | Proceso completo finalizado.
2026-02-24 10:44:23,362 | INFO | extractor_logger | URL vÃ¡lida y dominio permitido.
2026-02-24 10:44:23,391 | INFO | extractor_logger | Proveedor detectado: Amazon
2026-02-24 10:44:23,393 | INFO | extractor_logger | Iniciando extracciÃ³n real Amazon con Playwright.
2026-02-24 10:44:58,792 | INFO | extractor_logger | [PRECIO DETECTADO] US$69.99
2026-02-24 10:44:59,271 | INFO | extractor_logger | [DEBUG BULLETS] Total encontrados: 5
2026-02-24 10:45:00,742 | INFO | extractor_logger | [DEBUG BULLET] ã€Largo tiempo de esperaã€‘Mini impresora Bluetooth con baterÃ­a recargable de iones de litio de 1500 mAh, el tiempo de espera puede alcanzar de 5 a 6 dÃ­as, con funciÃ³n de apagado automÃ¡tico, funciÃ³n de encendido automÃ¡tico y recordatorio de volumen de baterÃ­a.
2026-02-24 10:45:01,141 | INFO | extractor_logger | [DEBUG BULLET] Compatible con software: la impresora tÃ©rmica mÃ³vil es compatible con Loyverse, iREAP, CasierStock, Kyte, Pozool, ExpressExpense (creador de recibos personalizados, mÃ¡s de 50 estilos de recibos) solo para dispositivos Android.
2026-02-24 10:45:01,254 | INFO | extractor_logger | [DEBUG BULLET] Amplia aplicaciÃ³n: esta impresora Bluetooth se puede utilizar con Android 4.0 IR, acuerdo IRCOMM o acuerdo POS SPP, etc. Cumple con facturas de taxi, recibos de tarifas administrativas, recibos de correos, pedidos de restaurantes e impresiÃ³n de pagos en lÃ­nea.
2026-02-24 10:45:01,318 | INFO | extractor_logger | [DEBUG BULLET] Uso cÃ³modo: la impresora inalÃ¡mbrica de recibos es compatible con dispositivos Android con comandos ESC/POS/STAR, viene con una funda y un cordÃ³n, es fÃ¡cil de transportar y manejar. AdemÃ¡s, se puede utilizar con papel tÃ©rmico de 2.283 in, no necesita tinta o cinta, limpio y ordenado. Por lo tanto, es ideal para negocios de larga distancia o al aire libre.
2026-02-24 10:45:01,338 | INFO | extractor_logger | [DEBUG BULLET] Consejos: no funciona con dispositivos iOS como iPad, iPhones. No es compatible con Square, Gloriafood, Doordash, Grubhub, TabShop lite, Clover, Open Table, O3POS, MobiPOS Lite y Kasse Speedy/PayPal/Intuit Gopayment/Shopify/Lector de tarjetas de crÃ©dito/settle/FileMaker. Confirme con nosotros si es compatible con su solicitud antes de realizar el pedido.
2026-02-24 10:45:01,440 | INFO | extractor_logger | [DEBUG TECNICO] TamaÃ±o mÃ¡ximo del medio de impresiÃ³n: 58mm
2026-02-24 10:45:01,483 | INFO | extractor_logger | [DEBUG TECNICO] Componentes incluidos: Estuche, cordÃ³n
2026-02-24 10:45:01,511 | INFO | extractor_logger | [DEBUG TECNICO] Medios impresos: Papel tÃ©rmico
2026-02-24 10:45:01,564 | INFO | extractor_logger | [DEBUG TECNICO] Tipo de escÃ¡ner: PortÃ¡til
2026-02-24 10:45:01,585 | INFO | extractor_logger | [DEBUG TECNICO] Capacidad mÃ¡xima de hoja de entrada: 384
2026-02-24 10:45:01,615 | INFO | extractor_logger | [DEBUG TECNICO] Velocidad mÃ¡xima de copia (blanco y negro): 1 PÃ¡ginas por minuto
2026-02-24 10:45:01,653 | INFO | extractor_logger | [DEBUG TECNICO] Dispositivos compatibles: Tabletas
2026-02-24 10:45:01,691 | INFO | extractor_logger | [DEBUG TECNICO] MÃ¡xima resoluciÃ³n de impresiÃ³n a color: 203 DPI
2026-02-24 10:45:01,729 | INFO | extractor_logger | [DEBUG TECNICO] TamaÃ±o de la lÃ¡mina: 58 millimeters
2026-02-24 10:45:01,758 | INFO | extractor_logger | [DEBUG TECNICO] ResoluciÃ³n mÃ¡xima de impresiÃ³n en blanco y negro: 203 x 203 DPI
2026-02-24 10:45:01,782 | INFO | extractor_logger | [DEBUG TECNICO] Tipo de garantÃ­a: GarantÃ­a limitada
2026-02-24 10:45:01,819 | INFO | extractor_logger | [DEBUG TECNICO] Profundidad de color: 24 BPP
2026-02-24 10:45:01,876 | INFO | extractor_logger | [DEBUG TECNICO] ImpresiÃ³n a doble cara: No
2026-02-24 10:45:01,943 | INFO | extractor_logger | [DEBUG TECNICO] Potencia: 1500 milliamp_hours
2026-02-24 10:45:01,967 | INFO | extractor_logger | [DEBUG TECNICO] Negro-blanco de resoluciÃ³n mÃ¡xima de copia: 203 x 203 DPI
2026-02-24 10:45:01,998 | INFO | extractor_logger | [DEBUG TECNICO] DÃºplex: Simplex
2026-02-24 10:45:02,028 | INFO | extractor_logger | [DEBUG TECNICO] Interfaz de hardware: Bluetooth
2026-02-24 10:45:02,050 | INFO | extractor_logger | [DEBUG TECNICO] Funciones Adicionales de la Impresora: Solo imprimir
2026-02-24 10:45:02,110 | INFO | extractor_logger | [DEBUG TECNICO] MÃ©todo de control: AplicaciÃ³n
2026-02-24 10:45:02,134 | INFO | extractor_logger | [DEBUG TECNICO] Cantidad de procesadores: 1
2026-02-24 10:45:02,154 | INFO | extractor_logger | [DEBUG TECNICO] Serie de modelos: MU-IMP
2026-02-24 10:45:02,176 | INFO | extractor_logger | [DEBUG TECNICO] Usos especÃ­ficos del producto: Negocios
2026-02-24 10:45:02,199 | INFO | extractor_logger | [DEBUG TECNICO] UPC: 613310859857
2026-02-24 10:45:02,225 | INFO | extractor_logger | [DEBUG TECNICO] Tipo de tinta de impresora: TÃ©rmico
2026-02-24 10:45:02,249 | INFO | extractor_logger | [DEBUG TECNICO] Capacidad de almacenamiento de memoria: 64 MB
2026-02-24 10:45:02,269 | INFO | extractor_logger | [DEBUG TECNICO] Dimensiones del producto: 4 x 2,8 x 2 pulgadas
2026-02-24 10:45:02,296 | INFO | extractor_logger | [DEBUG TECNICO] ASIN: B07PT5WGSH
2026-02-24 10:45:02,330 | INFO | extractor_logger | [DEBUG TECNICO] NÃºmero de modelo del producto: MU-IMP006-US
2026-02-24 10:45:02,349 | INFO | extractor_logger | [DEBUG TECNICO] OpiniÃ³n media de los clientes: 3.7               3.7 de 5 estrellas         

                         (40)      
                    
                    var dpAcrHasRegisteredArcLinkClickAction;
                    P.when('A', 'ready').execute(function(A) {
                        if (dpAcrHasRegisteredArcLinkClickAction !== true) {
                            dpAcrHasRegisteredArcLinkClickAction = true;
                            A.declarative(
                                'acrLink-click-metrics', 'click',
                                { "allowLinkDefault": true },
                                function (event) {
                                    if (window.ue) {
                                        ue.count("acrLinkClickCount", (ue.count("acrLinkClickCount") || 0) + 1);
                                    }
                                }
                            );
                        }
                    });
                
                 
            P.when('A', 'cf').execute(function(A) {
                A.declarative('acrStarsLink-click-metrics', 'click', { "allowLinkDefault" : true },  function(event){
                    if(window.ue) {
                        ue.count("acrStarsLinkWithPopoverClickCount", (ue.count("acrStarsLinkWithPopoverClickCount") || 0) + 1);
                    }
                });
            });
        

           
       3.7 de 5 estrellas
2026-02-24 10:45:02,392 | INFO | extractor_logger | [DEBUG TECNICO] ClasificaciÃ³n en los mÃ¡s vendidos de Amazon: nÂº327,297 en Productos de Oficina (Ver el Top 100 en Productos de Oficina)  nÂº301 en Impresoras de Recibos
2026-02-24 10:45:02,415 | INFO | extractor_logger | [DEBUG TECNICO] Descatalogado por el fabricante: No
2026-02-24 10:45:02,433 | INFO | extractor_logger | [DEBUG TECNICO] Producto en amazon.com desde: diciembre 28, 2017
2026-02-24 10:45:02,462 | INFO | extractor_logger | [DEBUG TECNICO] Fabricante: MUNBYN
2026-02-24 10:45:19,947 | INFO | extractor_logger | ExtracciÃ³n real completada correctamente.
2026-02-24 10:45:19,949 | INFO | extractor_logger | DEBUG RETURN BULLETS: ['ã€Largo tiempo de esperaã€‘Mini impresora Bluetooth con baterÃ­a recargable de iones de litio de 1500 mAh, el tiempo de espera puede alcanzar de 5 a 6 dÃ­as, con funciÃ³n de apagado automÃ¡tico, funciÃ³n de encendido automÃ¡tico y recordatorio de volumen de baterÃ­a.', 'Compatible con software: la impresora tÃ©rmica mÃ³vil es compatible con Loyverse, iREAP, CasierStock, Kyte, Pozool, ExpressExpense (creador de recibos personalizados, mÃ¡s de 50 estilos de recibos) solo para dispositivos Android.', 'Amplia aplicaciÃ³n: esta impresora Bluetooth se puede utilizar con Android 4.0 IR, acuerdo IRCOMM o acuerdo POS SPP, etc. Cumple con facturas de taxi, recibos de tarifas administrativas, recibos de correos, pedidos de restaurantes e impresiÃ³n de pagos en lÃ­nea.', 'Uso cÃ³modo: la impresora inalÃ¡mbrica de recibos es compatible con dispositivos Android con comandos ESC/POS/STAR, viene con una funda y un cordÃ³n, es fÃ¡cil de transportar y manejar. AdemÃ¡s, se puede utilizar con papel tÃ©rmico de 2.283 in, no necesita tinta o cinta, limpio y ordenado. Por lo tanto, es ideal para negocios de larga distancia o al aire libre.', 'Consejos: no funciona con dispositivos iOS como iPad, iPhones. No es compatible con Square, Gloriafood, Doordash, Grubhub, TabShop lite, Clover, Open Table, O3POS, MobiPOS Lite y Kasse Speedy/PayPal/Intuit Gopayment/Shopify/Lector de tarjetas de crÃ©dito/settle/FileMaker. Confirme con nosotros si es compatible con su solicitud antes de realizar el pedido.']
2026-02-24 10:45:19,950 | INFO | extractor_logger | Iniciando normalizaciÃ³n estructurada del producto.
2026-02-24 10:45:19,951 | INFO | extractor_logger | Referencia encontrada (modelo): MU-IMP006-US
2026-02-24 10:45:19,954 | INFO | extractor_logger | NormalizaciÃ³n estructurada completada correctamente.
2026-02-24 10:45:19,955 | INFO | extractor_logger | Iniciando capa de traducciÃ³n.
2026-02-24 10:45:21,692 | INFO | extractor_logger | TraducciÃ³n completada.
2026-02-24 10:45:21,726 | INFO | extractor_logger | Validacion exitosa del contrato.
2026-02-24 10:45:21,745 | INFO | extractor_logger | Proceso completo finalizado.
2026-02-24 11:24:35,864 | INFO | extractor_logger | URL vÃ¡lida y dominio permitido.
2026-02-24 11:24:35,870 | INFO | extractor_logger | Proveedor detectado: Amazon
2026-02-24 11:24:35,871 | INFO | extractor_logger | Iniciando extracciÃ³n real Amazon con Playwright.
2026-02-24 11:24:59,630 | INFO | extractor_logger | [PRECIO DETECTADO] US$69.99
2026-02-24 11:25:00,487 | INFO | extractor_logger | [DEBUG BULLETS] Total encontrados: 5
2026-02-24 11:25:00,593 | INFO | extractor_logger | [DEBUG BULLET] ã€Largo tiempo de esperaã€‘Mini impresora Bluetooth con baterÃ­a recargable de iones de litio de 1500 mAh, el tiempo de espera puede alcanzar de 5 a 6 dÃ­as, con funciÃ³n de apagado automÃ¡tico, funciÃ³n de encendido automÃ¡tico y recordatorio de volumen de baterÃ­a.
2026-02-24 11:25:00,738 | INFO | extractor_logger | [DEBUG BULLET] Compatible con software: la impresora tÃ©rmica mÃ³vil es compatible con Loyverse, iREAP, CasierStock, Kyte, Pozool, ExpressExpense (creador de recibos personalizados, mÃ¡s de 50 estilos de recibos) solo para dispositivos Android.
2026-02-24 11:25:00,761 | INFO | extractor_logger | [DEBUG BULLET] Amplia aplicaciÃ³n: esta impresora Bluetooth se puede utilizar con Android 4.0 IR, acuerdo IRCOMM o acuerdo POS SPP, etc. Cumple con facturas de taxi, recibos de tarifas administrativas, recibos de correos, pedidos de restaurantes e impresiÃ³n de pagos en lÃ­nea.
2026-02-24 11:25:00,780 | INFO | extractor_logger | [DEBUG BULLET] Uso cÃ³modo: la impresora inalÃ¡mbrica de recibos es compatible con dispositivos Android con comandos ESC/POS/STAR, viene con una funda y un cordÃ³n, es fÃ¡cil de transportar y manejar. AdemÃ¡s, se puede utilizar con papel tÃ©rmico de 2.283 in, no necesita tinta o cinta, limpio y ordenado. Por lo tanto, es ideal para negocios de larga distancia o al aire libre.
2026-02-24 11:25:00,797 | INFO | extractor_logger | [DEBUG BULLET] Consejos: no funciona con dispositivos iOS como iPad, iPhones. No es compatible con Square, Gloriafood, Doordash, Grubhub, TabShop lite, Clover, Open Table, O3POS, MobiPOS Lite y Kasse Speedy/PayPal/Intuit Gopayment/Shopify/Lector de tarjetas de crÃ©dito/settle/FileMaker. Confirme con nosotros si es compatible con su solicitud antes de realizar el pedido.
2026-02-24 11:25:00,885 | INFO | extractor_logger | [DEBUG TECNICO] TamaÃ±o mÃ¡ximo del medio de impresiÃ³n: 58mm
2026-02-24 11:25:00,926 | INFO | extractor_logger | [DEBUG TECNICO] Componentes incluidos: Estuche, cordÃ³n
2026-02-24 11:25:00,983 | INFO | extractor_logger | [DEBUG TECNICO] Medios impresos: Papel tÃ©rmico
2026-02-24 11:25:01,031 | INFO | extractor_logger | [DEBUG TECNICO] Tipo de escÃ¡ner: PortÃ¡til
2026-02-24 11:25:01,067 | INFO | extractor_logger | [DEBUG TECNICO] Capacidad mÃ¡xima de hoja de entrada: 384
2026-02-24 11:25:01,097 | INFO | extractor_logger | [DEBUG TECNICO] Velocidad mÃ¡xima de copia (blanco y negro): 1 PÃ¡ginas por minuto
2026-02-24 11:25:01,127 | INFO | extractor_logger | [DEBUG TECNICO] Dispositivos compatibles: Tabletas
2026-02-24 11:25:01,163 | INFO | extractor_logger | [DEBUG TECNICO] MÃ¡xima resoluciÃ³n de impresiÃ³n a color: 203 DPI
2026-02-24 11:25:01,198 | INFO | extractor_logger | [DEBUG TECNICO] TamaÃ±o de la lÃ¡mina: 58 millimeters
2026-02-24 11:25:01,232 | INFO | extractor_logger | [DEBUG TECNICO] ResoluciÃ³n mÃ¡xima de impresiÃ³n en blanco y negro: 203 x 203 DPI
2026-02-24 11:25:01,264 | INFO | extractor_logger | [DEBUG TECNICO] Tipo de garantÃ­a: GarantÃ­a limitada
2026-02-24 11:25:01,292 | INFO | extractor_logger | [DEBUG TECNICO] Profundidad de color: 24 BPP
2026-02-24 11:25:01,325 | INFO | extractor_logger | [DEBUG TECNICO] ImpresiÃ³n a doble cara: No
2026-02-24 11:25:01,358 | INFO | extractor_logger | [DEBUG TECNICO] Potencia: 1500 milliamp_hours
2026-02-24 11:25:01,400 | INFO | extractor_logger | [DEBUG TECNICO] Negro-blanco de resoluciÃ³n mÃ¡xima de copia: 203 x 203 DPI
2026-02-24 11:25:01,430 | INFO | extractor_logger | [DEBUG TECNICO] DÃºplex: Simplex
2026-02-24 11:25:01,458 | INFO | extractor_logger | [DEBUG TECNICO] Interfaz de hardware: Bluetooth
2026-02-24 11:25:01,491 | INFO | extractor_logger | [DEBUG TECNICO] Funciones Adicionales de la Impresora: Solo imprimir
2026-02-24 11:25:01,522 | INFO | extractor_logger | [DEBUG TECNICO] MÃ©todo de control: AplicaciÃ³n
2026-02-24 11:25:01,564 | INFO | extractor_logger | [DEBUG TECNICO] Cantidad de procesadores: 1
2026-02-24 11:25:01,591 | INFO | extractor_logger | [DEBUG TECNICO] Serie de modelos: MU-IMP
2026-02-24 11:25:01,626 | INFO | extractor_logger | [DEBUG TECNICO] Usos especÃ­ficos del producto: Negocios
2026-02-24 11:25:01,660 | INFO | extractor_logger | [DEBUG TECNICO] UPC: 613310859857
2026-02-24 11:25:01,691 | INFO | extractor_logger | [DEBUG TECNICO] Tipo de tinta de impresora: TÃ©rmico
2026-02-24 11:25:01,729 | INFO | extractor_logger | [DEBUG TECNICO] Capacidad de almacenamiento de memoria: 64 MB
2026-02-24 11:25:01,757 | INFO | extractor_logger | [DEBUG TECNICO] Dimensiones del producto: 4 x 2,8 x 2 pulgadas
2026-02-24 11:25:01,800 | INFO | extractor_logger | [DEBUG TECNICO] ASIN: B07PT5WGSH
2026-02-24 11:25:01,831 | INFO | extractor_logger | [DEBUG TECNICO] NÃºmero de modelo del producto: MU-IMP006-US
2026-02-24 11:25:01,858 | INFO | extractor_logger | [DEBUG TECNICO] OpiniÃ³n media de los clientes: 3.7               3.7 de 5 estrellas         

                         (40)      
                    
                    var dpAcrHasRegisteredArcLinkClickAction;
                    P.when('A', 'ready').execute(function(A) {
                        if (dpAcrHasRegisteredArcLinkClickAction !== true) {
                            dpAcrHasRegisteredArcLinkClickAction = true;
                            A.declarative(
                                'acrLink-click-metrics', 'click',
                                { "allowLinkDefault": true },
                                function (event) {
                                    if (window.ue) {
                                        ue.count("acrLinkClickCount", (ue.count("acrLinkClickCount") || 0) + 1);
                                    }
                                }
                            );
                        }
                    });
                
                 
            P.when('A', 'cf').execute(function(A) {
                A.declarative('acrStarsLink-click-metrics', 'click', { "allowLinkDefault" : true },  function(event){
                    if(window.ue) {
                        ue.count("acrStarsLinkWithPopoverClickCount", (ue.count("acrStarsLinkWithPopoverClickCount") || 0) + 1);
                    }
                });
            });
        

           
       3.7 de 5 estrellas
2026-02-24 11:25:01,896 | INFO | extractor_logger | [DEBUG TECNICO] ClasificaciÃ³n en los mÃ¡s vendidos de Amazon: nÂº327,297 en Productos de Oficina (Ver el Top 100 en Productos de Oficina)  nÂº301 en Impresoras de Recibos
2026-02-24 11:25:01,924 | INFO | extractor_logger | [DEBUG TECNICO] Descatalogado por el fabricante: No
2026-02-24 11:25:01,957 | INFO | extractor_logger | [DEBUG TECNICO] Producto en amazon.com desde: diciembre 28, 2017
2026-02-24 11:25:01,991 | INFO | extractor_logger | [DEBUG TECNICO] Fabricante: MUNBYN
2026-02-24 11:25:03,598 | INFO | extractor_logger | ExtracciÃ³n real completada correctamente.
2026-02-24 11:25:03,599 | INFO | extractor_logger | DEBUG RETURN BULLETS: ['ã€Largo tiempo de esperaã€‘Mini impresora Bluetooth con baterÃ­a recargable de iones de litio de 1500 mAh, el tiempo de espera puede alcanzar de 5 a 6 dÃ­as, con funciÃ³n de apagado automÃ¡tico, funciÃ³n de encendido automÃ¡tico y recordatorio de volumen de baterÃ­a.', 'Compatible con software: la impresora tÃ©rmica mÃ³vil es compatible con Loyverse, iREAP, CasierStock, Kyte, Pozool, ExpressExpense (creador de recibos personalizados, mÃ¡s de 50 estilos de recibos) solo para dispositivos Android.', 'Amplia aplicaciÃ³n: esta impresora Bluetooth se puede utilizar con Android 4.0 IR, acuerdo IRCOMM o acuerdo POS SPP, etc. Cumple con facturas de taxi, recibos de tarifas administrativas, recibos de correos, pedidos de restaurantes e impresiÃ³n de pagos en lÃ­nea.', 'Uso cÃ³modo: la impresora inalÃ¡mbrica de recibos es compatible con dispositivos Android con comandos ESC/POS/STAR, viene con una funda y un cordÃ³n, es fÃ¡cil de transportar y manejar. AdemÃ¡s, se puede utilizar con papel tÃ©rmico de 2.283 in, no necesita tinta o cinta, limpio y ordenado. Por lo tanto, es ideal para negocios de larga distancia o al aire libre.', 'Consejos: no funciona con dispositivos iOS como iPad, iPhones. No es compatible con Square, Gloriafood, Doordash, Grubhub, TabShop lite, Clover, Open Table, O3POS, MobiPOS Lite y Kasse Speedy/PayPal/Intuit Gopayment/Shopify/Lector de tarjetas de crÃ©dito/settle/FileMaker. Confirme con nosotros si es compatible con su solicitud antes de realizar el pedido.']
2026-02-24 11:25:03,600 | INFO | extractor_logger | Iniciando normalizaciÃ³n estructurada del producto.
2026-02-24 11:25:03,600 | INFO | extractor_logger | Referencia encontrada (modelo): MU-IMP006-US
2026-02-24 11:25:03,602 | INFO | extractor_logger | NormalizaciÃ³n estructurada completada correctamente.
2026-02-24 11:25:03,602 | INFO | extractor_logger | Iniciando capa de traducciÃ³n.
2026-02-24 11:25:05,484 | INFO | extractor_logger | TraducciÃ³n completada.
2026-02-24 11:25:05,517 | INFO | extractor_logger | Validacion exitosa del contrato.
2026-02-24 11:25:05,528 | INFO | extractor_logger | Proceso completo finalizado.
2026-02-24 12:19:02,427 | INFO | extractor_logger | URL vÃ¡lida y dominio permitido.
2026-02-24 12:19:02,435 | INFO | extractor_logger | Proveedor detectado: Amazon
2026-02-24 12:19:02,435 | INFO | extractor_logger | Iniciando extracciÃ³n real Amazon con Playwright.
2026-02-24 12:19:23,139 | INFO | extractor_logger | [PRECIO DETECTADO] US$69.99
2026-02-24 12:19:23,172 | INFO | extractor_logger | [DEBUG BULLETS] Total encontrados: 5
2026-02-24 12:19:23,186 | INFO | extractor_logger | [DEBUG BULLET] ã€Largo tiempo de esperaã€‘Mini impresora Bluetooth con baterÃ­a recargable de iones de litio de 1500 mAh, el tiempo de espera puede alcanzar de 5 a 6 dÃ­as, con funciÃ³n de apagado automÃ¡tico, funciÃ³n de encendido automÃ¡tico y recordatorio de volumen de baterÃ­a.
2026-02-24 12:19:23,197 | INFO | extractor_logger | [DEBUG BULLET] Compatible con software: la impresora tÃ©rmica mÃ³vil es compatible con Loyverse, iREAP, CasierStock, Kyte, Pozool, ExpressExpense (creador de recibos personalizados, mÃ¡s de 50 estilos de recibos) solo para dispositivos Android.
2026-02-24 12:19:23,209 | INFO | extractor_logger | [DEBUG BULLET] Amplia aplicaciÃ³n: esta impresora Bluetooth se puede utilizar con Android 4.0 IR, acuerdo IRCOMM o acuerdo POS SPP, etc. Cumple con facturas de taxi, recibos de tarifas administrativas, recibos de correos, pedidos de restaurantes e impresiÃ³n de pagos en lÃ­nea.
2026-02-24 12:19:23,225 | INFO | extractor_logger | [DEBUG BULLET] Uso cÃ³modo: la impresora inalÃ¡mbrica de recibos es compatible con dispositivos Android con comandos ESC/POS/STAR, viene con una funda y un cordÃ³n, es fÃ¡cil de transportar y manejar. AdemÃ¡s, se puede utilizar con papel tÃ©rmico de 2.283 in, no necesita tinta o cinta, limpio y ordenado. Por lo tanto, es ideal para negocios de larga distancia o al aire libre.
2026-02-24 12:19:23,235 | INFO | extractor_logger | [DEBUG BULLET] Consejos: no funciona con dispositivos iOS como iPad, iPhones. No es compatible con Square, Gloriafood, Doordash, Grubhub, TabShop lite, Clover, Open Table, O3POS, MobiPOS Lite y Kasse Speedy/PayPal/Intuit Gopayment/Shopify/Lector de tarjetas de crÃ©dito/settle/FileMaker. Confirme con nosotros si es compatible con su solicitud antes de realizar el pedido.
2026-02-24 12:19:23,292 | INFO | extractor_logger | [DEBUG TECNICO] TamaÃ±o mÃ¡ximo del medio de impresiÃ³n: 58mm
2026-02-24 12:19:23,311 | INFO | extractor_logger | [DEBUG TECNICO] Componentes incluidos: Estuche, cordÃ³n
2026-02-24 12:19:23,334 | INFO | extractor_logger | [DEBUG TECNICO] Medios impresos: Papel tÃ©rmico
2026-02-24 12:19:23,352 | INFO | extractor_logger | [DEBUG TECNICO] Tipo de escÃ¡ner: PortÃ¡til
2026-02-24 12:19:23,374 | INFO | extractor_logger | [DEBUG TECNICO] Capacidad mÃ¡xima de hoja de entrada: 384
2026-02-24 12:19:23,399 | INFO | extractor_logger | [DEBUG TECNICO] Velocidad mÃ¡xima de copia (blanco y negro): 1 PÃ¡ginas por minuto
2026-02-24 12:19:23,416 | INFO | extractor_logger | [DEBUG TECNICO] Dispositivos compatibles: Tabletas
2026-02-24 12:19:23,437 | INFO | extractor_logger | [DEBUG TECNICO] MÃ¡xima resoluciÃ³n de impresiÃ³n a color: 203 DPI
2026-02-24 12:19:23,458 | INFO | extractor_logger | [DEBUG TECNICO] TamaÃ±o de la lÃ¡mina: 58 millimeters
2026-02-24 12:19:23,486 | INFO | extractor_logger | [DEBUG TECNICO] ResoluciÃ³n mÃ¡xima de impresiÃ³n en blanco y negro: 203 x 203 DPI
2026-02-24 12:19:23,509 | INFO | extractor_logger | [DEBUG TECNICO] Tipo de garantÃ­a: GarantÃ­a limitada
2026-02-24 12:19:23,534 | INFO | extractor_logger | [DEBUG TECNICO] Profundidad de color: 24 BPP
2026-02-24 12:19:23,558 | INFO | extractor_logger | [DEBUG TECNICO] ImpresiÃ³n a doble cara: No
2026-02-24 12:19:23,582 | INFO | extractor_logger | [DEBUG TECNICO] Potencia: 1500 milliamp_hours
2026-02-24 12:19:23,601 | INFO | extractor_logger | [DEBUG TECNICO] Negro-blanco de resoluciÃ³n mÃ¡xima de copia: 203 x 203 DPI
2026-02-24 12:19:23,623 | INFO | extractor_logger | [DEBUG TECNICO] DÃºplex: Simplex
2026-02-24 12:19:23,661 | INFO | extractor_logger | [DEBUG TECNICO] Interfaz de hardware: Bluetooth
2026-02-24 12:19:23,692 | INFO | extractor_logger | [DEBUG TECNICO] Funciones Adicionales de la Impresora: Solo imprimir
2026-02-24 12:19:23,740 | INFO | extractor_logger | [DEBUG TECNICO] MÃ©todo de control: AplicaciÃ³n
2026-02-24 12:19:23,771 | INFO | extractor_logger | [DEBUG TECNICO] Cantidad de procesadores: 1
2026-02-24 12:19:23,804 | INFO | extractor_logger | [DEBUG TECNICO] Serie de modelos: MU-IMP
2026-02-24 12:19:23,833 | INFO | extractor_logger | [DEBUG TECNICO] Usos especÃ­ficos del producto: Negocios
2026-02-24 12:19:23,870 | INFO | extractor_logger | [DEBUG TECNICO] UPC: 613310859857
2026-02-24 12:19:23,900 | INFO | extractor_logger | [DEBUG TECNICO] Tipo de tinta de impresora: TÃ©rmico
2026-02-24 12:19:23,934 | INFO | extractor_logger | [DEBUG TECNICO] Capacidad de almacenamiento de memoria: 64 MB
2026-02-24 12:19:23,960 | INFO | extractor_logger | [DEBUG TECNICO] Dimensiones del producto: 4 x 2,8 x 2 pulgadas
2026-02-24 12:19:23,992 | INFO | extractor_logger | [DEBUG TECNICO] ASIN: B07PT5WGSH
2026-02-24 12:19:24,021 | INFO | extractor_logger | [DEBUG TECNICO] NÃºmero de modelo del producto: MU-IMP006-US
2026-02-24 12:19:24,053 | INFO | extractor_logger | [DEBUG TECNICO] OpiniÃ³n media de los clientes: 3.7               3.7 de 5 estrellas         

                         (40)      
                    
                    var dpAcrHasRegisteredArcLinkClickAction;
                    P.when('A', 'ready').execute(function(A) {
                        if (dpAcrHasRegisteredArcLinkClickAction !== true) {
                            dpAcrHasRegisteredArcLinkClickAction = true;
                            A.declarative(
                                'acrLink-click-metrics', 'click',
                                { "allowLinkDefault": true },
                                function (event) {
                                    if (window.ue) {
                                        ue.count("acrLinkClickCount", (ue.count("acrLinkClickCount") || 0) + 1);
                                    }
                                }
                            );
                        }
                    });
                
                 
            P.when('A', 'cf').execute(function(A) {
                A.declarative('acrStarsLink-click-metrics', 'click', { "allowLinkDefault" : true },  function(event){
                    if(window.ue) {
                        ue.count("acrStarsLinkWithPopoverClickCount", (ue.count("acrStarsLinkWithPopoverClickCount") || 0) + 1);
                    }
                });
            });
        

           
       3.7 de 5 estrellas
2026-02-24 12:19:24,076 | INFO | extractor_logger | [DEBUG TECNICO] ClasificaciÃ³n en los mÃ¡s vendidos de Amazon: nÂº327,297 en Productos de Oficina (Ver el Top 100 en Productos de Oficina)  nÂº301 en Impresoras de Recibos
2026-02-24 12:19:24,117 | INFO | extractor_logger | [DEBUG TECNICO] Descatalogado por el fabricante: No
2026-02-24 12:19:24,165 | INFO | extractor_logger | [DEBUG TECNICO] Producto en amazon.com desde: diciembre 28, 2017
2026-02-24 12:19:24,200 | INFO | extractor_logger | [DEBUG TECNICO] Fabricante: MUNBYN
2026-02-24 12:19:25,244 | INFO | extractor_logger | ExtracciÃ³n real completada correctamente.
2026-02-24 12:19:25,245 | INFO | extractor_logger | DEBUG RETURN BULLETS: ['ã€Largo tiempo de esperaã€‘Mini impresora Bluetooth con baterÃ­a recargable de iones de litio de 1500 mAh, el tiempo de espera puede alcanzar de 5 a 6 dÃ­as, con funciÃ³n de apagado automÃ¡tico, funciÃ³n de encendido automÃ¡tico y recordatorio de volumen de baterÃ­a.', 'Compatible con software: la impresora tÃ©rmica mÃ³vil es compatible con Loyverse, iREAP, CasierStock, Kyte, Pozool, ExpressExpense (creador de recibos personalizados, mÃ¡s de 50 estilos de recibos) solo para dispositivos Android.', 'Amplia aplicaciÃ³n: esta impresora Bluetooth se puede utilizar con Android 4.0 IR, acuerdo IRCOMM o acuerdo POS SPP, etc. Cumple con facturas de taxi, recibos de tarifas administrativas, recibos de correos, pedidos de restaurantes e impresiÃ³n de pagos en lÃ­nea.', 'Uso cÃ³modo: la impresora inalÃ¡mbrica de recibos es compatible con dispositivos Android con comandos ESC/POS/STAR, viene con una funda y un cordÃ³n, es fÃ¡cil de transportar y manejar. AdemÃ¡s, se puede utilizar con papel tÃ©rmico de 2.283 in, no necesita tinta o cinta, limpio y ordenado. Por lo tanto, es ideal para negocios de larga distancia o al aire libre.', 'Consejos: no funciona con dispositivos iOS como iPad, iPhones. No es compatible con Square, Gloriafood, Doordash, Grubhub, TabShop lite, Clover, Open Table, O3POS, MobiPOS Lite y Kasse Speedy/PayPal/Intuit Gopayment/Shopify/Lector de tarjetas de crÃ©dito/settle/FileMaker. Confirme con nosotros si es compatible con su solicitud antes de realizar el pedido.']
2026-02-24 12:19:25,246 | INFO | extractor_logger | Iniciando normalizaciÃ³n estructurada del producto.
2026-02-24 12:19:25,247 | INFO | extractor_logger | Referencia encontrada (modelo): MU-IMP006-US
2026-02-24 12:19:25,250 | INFO | extractor_logger | NormalizaciÃ³n estructurada completada correctamente.
2026-02-24 12:19:25,250 | INFO | extractor_logger | Iniciando capa de traducciÃ³n.
2026-02-24 12:19:26,871 | INFO | extractor_logger | TraducciÃ³n completada.
2026-02-24 12:19:26,886 | INFO | extractor_logger | Validacion exitosa del contrato.
2026-02-24 12:19:26,890 | INFO | extractor_logger | Proceso completo finalizado.
2026-02-24 12:50:22,914 | INFO | extractor_logger | URL vÃ¡lida y dominio permitido.
2026-02-24 12:50:22,920 | INFO | extractor_logger | Proveedor detectado: Amazon
2026-02-24 12:50:22,921 | INFO | extractor_logger | Iniciando extracciÃ³n real Amazon con Playwright.
2026-02-24 12:50:41,872 | INFO | extractor_logger | [PRECIO DETECTADO] US$69.99
2026-02-24 12:50:41,914 | INFO | extractor_logger | [DEBUG BULLETS] Total encontrados: 5
2026-02-24 12:50:41,941 | INFO | extractor_logger | [DEBUG BULLET] ã€Largo tiempo de esperaã€‘Mini impresora Bluetooth con baterÃ­a recargable de iones de litio de 1500 mAh, el tiempo de espera puede alcanzar de 5 a 6 dÃ­as, con funciÃ³n de apagado automÃ¡tico, funciÃ³n de encendido automÃ¡tico y recordatorio de volumen de baterÃ­a.
2026-02-24 12:50:41,974 | INFO | extractor_logger | [DEBUG BULLET] Compatible con software: la impresora tÃ©rmica mÃ³vil es compatible con Loyverse, iREAP, CasierStock, Kyte, Pozool, ExpressExpense (creador de recibos personalizados, mÃ¡s de 50 estilos de recibos) solo para dispositivos Android.
2026-02-24 12:50:41,991 | INFO | extractor_logger | [DEBUG BULLET] Amplia aplicaciÃ³n: esta impresora Bluetooth se puede utilizar con Android 4.0 IR, acuerdo IRCOMM o acuerdo POS SPP, etc. Cumple con facturas de taxi, recibos de tarifas administrativas, recibos de correos, pedidos de restaurantes e impresiÃ³n de pagos en lÃ­nea.
2026-02-24 12:50:42,006 | INFO | extractor_logger | [DEBUG BULLET] Uso cÃ³modo: la impresora inalÃ¡mbrica de recibos es compatible con dispositivos Android con comandos ESC/POS/STAR, viene con una funda y un cordÃ³n, es fÃ¡cil de transportar y manejar. AdemÃ¡s, se puede utilizar con papel tÃ©rmico de 2.283 in, no necesita tinta o cinta, limpio y ordenado. Por lo tanto, es ideal para negocios de larga distancia o al aire libre.
2026-02-24 12:50:42,015 | INFO | extractor_logger | [DEBUG BULLET] Consejos: no funciona con dispositivos iOS como iPad, iPhones. No es compatible con Square, Gloriafood, Doordash, Grubhub, TabShop lite, Clover, Open Table, O3POS, MobiPOS Lite y Kasse Speedy/PayPal/Intuit Gopayment/Shopify/Lector de tarjetas de crÃ©dito/settle/FileMaker. Confirme con nosotros si es compatible con su solicitud antes de realizar el pedido.
2026-02-24 12:50:42,059 | INFO | extractor_logger | [DEBUG TECNICO] TamaÃ±o mÃ¡ximo del medio de impresiÃ³n: 58mm
2026-02-24 12:50:42,112 | INFO | extractor_logger | [DEBUG TECNICO] Componentes incluidos: Estuche, cordÃ³n
2026-02-24 12:50:42,149 | INFO | extractor_logger | [DEBUG TECNICO] Medios impresos: Papel tÃ©rmico
2026-02-24 12:50:42,180 | INFO | extractor_logger | [DEBUG TECNICO] Tipo de escÃ¡ner: PortÃ¡til
2026-02-24 12:50:42,217 | INFO | extractor_logger | [DEBUG TECNICO] Capacidad mÃ¡xima de hoja de entrada: 384
2026-02-24 12:50:42,251 | INFO | extractor_logger | [DEBUG TECNICO] Velocidad mÃ¡xima de copia (blanco y negro): 1 PÃ¡ginas por minuto
2026-02-24 12:50:42,280 | INFO | extractor_logger | [DEBUG TECNICO] Dispositivos compatibles: Tabletas
2026-02-24 12:50:42,307 | INFO | extractor_logger | [DEBUG TECNICO] MÃ¡xima resoluciÃ³n de impresiÃ³n a color: 203 DPI
2026-02-24 12:50:42,422 | INFO | extractor_logger | [DEBUG TECNICO] TamaÃ±o de la lÃ¡mina: 58 millimeters
2026-02-24 12:50:42,446 | INFO | extractor_logger | [DEBUG TECNICO] ResoluciÃ³n mÃ¡xima de impresiÃ³n en blanco y negro: 203 x 203 DPI
2026-02-24 12:50:42,481 | INFO | extractor_logger | [DEBUG TECNICO] Tipo de garantÃ­a: GarantÃ­a limitada
2026-02-24 12:50:42,526 | INFO | extractor_logger | [DEBUG TECNICO] Profundidad de color: 24 BPP
2026-02-24 12:50:42,566 | INFO | extractor_logger | [DEBUG TECNICO] ImpresiÃ³n a doble cara: No
2026-02-24 12:50:42,610 | INFO | extractor_logger | [DEBUG TECNICO] Potencia: 1500 milliamp_hours
2026-02-24 12:50:42,669 | INFO | extractor_logger | [DEBUG TECNICO] Negro-blanco de resoluciÃ³n mÃ¡xima de copia: 203 x 203 DPI
2026-02-24 12:50:42,697 | INFO | extractor_logger | [DEBUG TECNICO] DÃºplex: Simplex
2026-02-24 12:50:42,731 | INFO | extractor_logger | [DEBUG TECNICO] Interfaz de hardware: Bluetooth
2026-02-24 12:50:42,758 | INFO | extractor_logger | [DEBUG TECNICO] Funciones Adicionales de la Impresora: Solo imprimir
2026-02-24 12:50:42,789 | INFO | extractor_logger | [DEBUG TECNICO] MÃ©todo de control: AplicaciÃ³n
2026-02-24 12:50:42,816 | INFO | extractor_logger | [DEBUG TECNICO] Cantidad de procesadores: 1
2026-02-24 12:50:42,847 | INFO | extractor_logger | [DEBUG TECNICO] Serie de modelos: MU-IMP
2026-02-24 12:50:42,880 | INFO | extractor_logger | [DEBUG TECNICO] Usos especÃ­ficos del producto: Negocios
2026-02-24 12:50:42,914 | INFO | extractor_logger | [DEBUG TECNICO] UPC: 613310859857
2026-02-24 12:50:42,942 | INFO | extractor_logger | [DEBUG TECNICO] Tipo de tinta de impresora: TÃ©rmico
2026-02-24 12:50:42,972 | INFO | extractor_logger | [DEBUG TECNICO] Capacidad de almacenamiento de memoria: 64 MB
2026-02-24 12:50:42,997 | INFO | extractor_logger | [DEBUG TECNICO] Dimensiones del producto: 4 x 2,8 x 2 pulgadas
2026-02-24 12:50:43,026 | INFO | extractor_logger | [DEBUG TECNICO] ASIN: B07PT5WGSH
2026-02-24 12:50:43,064 | INFO | extractor_logger | [DEBUG TECNICO] NÃºmero de modelo del producto: MU-IMP006-US
2026-02-24 12:50:43,097 | INFO | extractor_logger | [DEBUG TECNICO] OpiniÃ³n media de los clientes: 3.7               3.7 de 5 estrellas         

                         (40)      
                    
                    var dpAcrHasRegisteredArcLinkClickAction;
                    P.when('A', 'ready').execute(function(A) {
                        if (dpAcrHasRegisteredArcLinkClickAction !== true) {
                            dpAcrHasRegisteredArcLinkClickAction = true;
                            A.declarative(
                                'acrLink-click-metrics', 'click',
                                { "allowLinkDefault": true },
                                function (event) {
                                    if (window.ue) {
                                        ue.count("acrLinkClickCount", (ue.count("acrLinkClickCount") || 0) + 1);
                                    }
                                }
                            );
                        }
                    });
                
                 
            P.when('A', 'cf').execute(function(A) {
                A.declarative('acrStarsLink-click-metrics', 'click', { "allowLinkDefault" : true },  function(event){
                    if(window.ue) {
                        ue.count("acrStarsLinkWithPopoverClickCount", (ue.count("acrStarsLinkWithPopoverClickCount") || 0) + 1);
                    }
                });
            });
        

           
       3.7 de 5 estrellas
2026-02-24 12:50:43,123 | INFO | extractor_logger | [DEBUG TECNICO] ClasificaciÃ³n en los mÃ¡s vendidos de Amazon: nÂº327,380 en Productos de Oficina (Ver el Top 100 en Productos de Oficina)  nÂº299 en Impresoras de Recibos
2026-02-24 12:50:43,145 | INFO | extractor_logger | [DEBUG TECNICO] Descatalogado por el fabricante: No
2026-02-24 12:50:43,166 | INFO | extractor_logger | [DEBUG TECNICO] Producto en amazon.com desde: diciembre 28, 2017
2026-02-24 12:50:43,184 | INFO | extractor_logger | [DEBUG TECNICO] Fabricante: MUNBYN
2026-02-24 12:50:45,071 | INFO | extractor_logger | ExtracciÃ³n real completada correctamente.
2026-02-24 12:50:45,072 | INFO | extractor_logger | DEBUG RETURN BULLETS: ['ã€Largo tiempo de esperaã€‘Mini impresora Bluetooth con baterÃ­a recargable de iones de litio de 1500 mAh, el tiempo de espera puede alcanzar de 5 a 6 dÃ­as, con funciÃ³n de apagado automÃ¡tico, funciÃ³n de encendido automÃ¡tico y recordatorio de volumen de baterÃ­a.', 'Compatible con software: la impresora tÃ©rmica mÃ³vil es compatible con Loyverse, iREAP, CasierStock, Kyte, Pozool, ExpressExpense (creador de recibos personalizados, mÃ¡s de 50 estilos de recibos) solo para dispositivos Android.', 'Amplia aplicaciÃ³n: esta impresora Bluetooth se puede utilizar con Android 4.0 IR, acuerdo IRCOMM o acuerdo POS SPP, etc. Cumple con facturas de taxi, recibos de tarifas administrativas, recibos de correos, pedidos de restaurantes e impresiÃ³n de pagos en lÃ­nea.', 'Uso cÃ³modo: la impresora inalÃ¡mbrica de recibos es compatible con dispositivos Android con comandos ESC/POS/STAR, viene con una funda y un cordÃ³n, es fÃ¡cil de transportar y manejar. AdemÃ¡s, se puede utilizar con papel tÃ©rmico de 2.283 in, no necesita tinta o cinta, limpio y ordenado. Por lo tanto, es ideal para negocios de larga distancia o al aire libre.', 'Consejos: no funciona con dispositivos iOS como iPad, iPhones. No es compatible con Square, Gloriafood, Doordash, Grubhub, TabShop lite, Clover, Open Table, O3POS, MobiPOS Lite y Kasse Speedy/PayPal/Intuit Gopayment/Shopify/Lector de tarjetas de crÃ©dito/settle/FileMaker. Confirme con nosotros si es compatible con su solicitud antes de realizar el pedido.']
2026-02-24 12:50:45,072 | INFO | extractor_logger | Iniciando normalizaciÃ³n estructurada del producto.
2026-02-24 12:50:45,073 | INFO | extractor_logger | Referencia encontrada (modelo): MU-IMP006-US
2026-02-24 12:50:45,076 | INFO | extractor_logger | NormalizaciÃ³n estructurada completada correctamente.
2026-02-24 12:50:45,076 | INFO | extractor_logger | Iniciando capa de traducciÃ³n.
2026-02-24 12:50:46,788 | INFO | extractor_logger | TraducciÃ³n completada.
2026-02-24 12:50:46,823 | INFO | extractor_logger | Validacion exitosa del contrato.
2026-02-24 12:50:46,836 | INFO | extractor_logger | Proceso completo finalizado.
2026-02-24 13:54:54,177 | INFO | extractor_logger | URL vÃ¡lida y dominio permitido.
2026-02-24 13:54:54,190 | INFO | extractor_logger | Proveedor detectado: Amazon
2026-02-24 13:54:54,191 | INFO | extractor_logger | Iniciando extracciÃ³n real Amazon con Playwright.
2026-02-24 13:55:09,791 | INFO | extractor_logger | [PRECIO DETECTADO] US$69.99
2026-02-24 13:55:09,822 | INFO | extractor_logger | [DEBUG BULLETS] Total encontrados: 5
2026-02-24 13:55:09,831 | INFO | extractor_logger | [DEBUG BULLET] ã€Largo tiempo de esperaã€‘Mini impresora Bluetooth con baterÃ­a recargable de iones de litio de 1500 mAh, el tiempo de espera puede alcanzar de 5 a 6 dÃ­as, con funciÃ³n de apagado automÃ¡tico, funciÃ³n de encendido automÃ¡tico y recordatorio de volumen de baterÃ­a.
2026-02-24 13:55:09,842 | INFO | extractor_logger | [DEBUG BULLET] Compatible con software: la impresora tÃ©rmica mÃ³vil es compatible con Loyverse, iREAP, CasierStock, Kyte, Pozool, ExpressExpense (creador de recibos personalizados, mÃ¡s de 50 estilos de recibos) solo para dispositivos Android.
2026-02-24 13:55:09,850 | INFO | extractor_logger | [DEBUG BULLET] Amplia aplicaciÃ³n: esta impresora Bluetooth se puede utilizar con Android 4.0 IR, acuerdo IRCOMM o acuerdo POS SPP, etc. Cumple con facturas de taxi, recibos de tarifas administrativas, recibos de correos, pedidos de restaurantes e impresiÃ³n de pagos en lÃ­nea.
2026-02-24 13:55:09,871 | INFO | extractor_logger | [DEBUG BULLET] Uso cÃ³modo: la impresora inalÃ¡mbrica de recibos es compatible con dispositivos Android con comandos ESC/POS/STAR, viene con una funda y un cordÃ³n, es fÃ¡cil de transportar y manejar. AdemÃ¡s, se puede utilizar con papel tÃ©rmico de 2.283 in, no necesita tinta o cinta, limpio y ordenado. Por lo tanto, es ideal para negocios de larga distancia o al aire libre.
2026-02-24 13:55:09,879 | INFO | extractor_logger | [DEBUG BULLET] Consejos: no funciona con dispositivos iOS como iPad, iPhones. No es compatible con Square, Gloriafood, Doordash, Grubhub, TabShop lite, Clover, Open Table, O3POS, MobiPOS Lite y Kasse Speedy/PayPal/Intuit Gopayment/Shopify/Lector de tarjetas de crÃ©dito/settle/FileMaker. Confirme con nosotros si es compatible con su solicitud antes de realizar el pedido.
2026-02-24 13:55:09,915 | INFO | extractor_logger | [DEBUG TECNICO] TamaÃ±o mÃ¡ximo del medio de impresiÃ³n: 58mm
2026-02-24 13:55:09,958 | INFO | extractor_logger | [DEBUG TECNICO] Componentes incluidos: Estuche, cordÃ³n
2026-02-24 13:55:09,980 | INFO | extractor_logger | [DEBUG TECNICO] Medios impresos: Papel tÃ©rmico
2026-02-24 13:55:10,002 | INFO | extractor_logger | [DEBUG TECNICO] Tipo de escÃ¡ner: PortÃ¡til
2026-02-24 13:55:10,016 | INFO | extractor_logger | [DEBUG TECNICO] Capacidad mÃ¡xima de hoja de entrada: 384
2026-02-24 13:55:10,039 | INFO | extractor_logger | [DEBUG TECNICO] Velocidad mÃ¡xima de copia (blanco y negro): 1 PÃ¡ginas por minuto
2026-02-24 13:55:10,060 | INFO | extractor_logger | [DEBUG TECNICO] Dispositivos compatibles: Tabletas
2026-02-24 13:55:10,079 | INFO | extractor_logger | [DEBUG TECNICO] MÃ¡xima resoluciÃ³n de impresiÃ³n a color: 203 DPI
2026-02-24 13:55:10,103 | INFO | extractor_logger | [DEBUG TECNICO] TamaÃ±o de la lÃ¡mina: 58 millimeters
2026-02-24 13:55:10,120 | INFO | extractor_logger | [DEBUG TECNICO] ResoluciÃ³n mÃ¡xima de impresiÃ³n en blanco y negro: 203 x 203 DPI
2026-02-24 13:55:10,141 | INFO | extractor_logger | [DEBUG TECNICO] Tipo de garantÃ­a: GarantÃ­a limitada
2026-02-24 13:55:10,163 | INFO | extractor_logger | [DEBUG TECNICO] Profundidad de color: 24 BPP
2026-02-24 13:55:10,191 | INFO | extractor_logger | [DEBUG TECNICO] ImpresiÃ³n a doble cara: No
2026-02-24 13:55:10,216 | INFO | extractor_logger | [DEBUG TECNICO] Potencia: 1500 milliamp_hours
2026-02-24 13:55:10,243 | INFO | extractor_logger | [DEBUG TECNICO] Negro-blanco de resoluciÃ³n mÃ¡xima de copia: 203 x 203 DPI
2026-02-24 13:55:10,275 | INFO | extractor_logger | [DEBUG TECNICO] DÃºplex: Simplex
2026-02-24 13:55:10,299 | INFO | extractor_logger | [DEBUG TECNICO] Interfaz de hardware: Bluetooth
2026-02-24 13:55:10,326 | INFO | extractor_logger | [DEBUG TECNICO] Funciones Adicionales de la Impresora: Solo imprimir
2026-02-24 13:55:10,345 | INFO | extractor_logger | [DEBUG TECNICO] MÃ©todo de control: AplicaciÃ³n
2026-02-24 13:55:10,362 | INFO | extractor_logger | [DEBUG TECNICO] Cantidad de procesadores: 1
2026-02-24 13:55:10,379 | INFO | extractor_logger | [DEBUG TECNICO] Serie de modelos: MU-IMP
2026-02-24 13:55:10,399 | INFO | extractor_logger | [DEBUG TECNICO] Usos especÃ­ficos del producto: Negocios
2026-02-24 13:55:10,428 | INFO | extractor_logger | [DEBUG TECNICO] UPC: 613310859857
2026-02-24 13:55:10,449 | INFO | extractor_logger | [DEBUG TECNICO] Tipo de tinta de impresora: TÃ©rmico
2026-02-24 13:55:10,471 | INFO | extractor_logger | [DEBUG TECNICO] Capacidad de almacenamiento de memoria: 64 MB
2026-02-24 13:55:10,494 | INFO | extractor_logger | [DEBUG TECNICO] Dimensiones del producto: 4 x 2,8 x 2 pulgadas
2026-02-24 13:55:10,523 | INFO | extractor_logger | [DEBUG TECNICO] ASIN: B07PT5WGSH
2026-02-24 13:55:10,548 | INFO | extractor_logger | [DEBUG TECNICO] NÃºmero de modelo del producto: MU-IMP006-US
2026-02-24 13:55:10,572 | INFO | extractor_logger | [DEBUG TECNICO] OpiniÃ³n media de los clientes: 3.7               3.7 de 5 estrellas         

                         (40)      
                    
                    var dpAcrHasRegisteredArcLinkClickAction;
                    P.when('A', 'ready').execute(function(A) {
                        if (dpAcrHasRegisteredArcLinkClickAction !== true) {
                            dpAcrHasRegisteredArcLinkClickAction = true;
                            A.declarative(
                                'acrLink-click-metrics', 'click',
                                { "allowLinkDefault": true },
                                function (event) {
                                    if (window.ue) {
                                        ue.count("acrLinkClickCount", (ue.count("acrLinkClickCount") || 0) + 1);
                                    }
                                }
                            );
                        }
                    });
                
                 
            P.when('A', 'cf').execute(function(A) {
                A.declarative('acrStarsLink-click-metrics', 'click', { "allowLinkDefault" : true },  function(event){
                    if(window.ue) {
                        ue.count("acrStarsLinkWithPopoverClickCount", (ue.count("acrStarsLinkWithPopoverClickCount") || 0) + 1);
                    }
                });
            });
        

           
       3.7 de 5 estrellas
2026-02-24 13:55:10,598 | INFO | extractor_logger | [DEBUG TECNICO] ClasificaciÃ³n en los mÃ¡s vendidos de Amazon: nÂº327,762 en Productos de Oficina (Ver el Top 100 en Productos de Oficina)  nÂº299 en Impresoras de Recibos
2026-02-24 13:55:10,623 | INFO | extractor_logger | [DEBUG TECNICO] Descatalogado por el fabricante: No
2026-02-24 13:55:10,648 | INFO | extractor_logger | [DEBUG TECNICO] Producto en amazon.com desde: diciembre 28, 2017
2026-02-24 13:55:10,673 | INFO | extractor_logger | [DEBUG TECNICO] Fabricante: MUNBYN
2026-02-24 13:55:12,013 | INFO | extractor_logger | ExtracciÃ³n real completada correctamente.
2026-02-24 13:55:12,014 | INFO | extractor_logger | DEBUG RETURN BULLETS: ['ã€Largo tiempo de esperaã€‘Mini impresora Bluetooth con baterÃ­a recargable de iones de litio de 1500 mAh, el tiempo de espera puede alcanzar de 5 a 6 dÃ­as, con funciÃ³n de apagado automÃ¡tico, funciÃ³n de encendido automÃ¡tico y recordatorio de volumen de baterÃ­a.', 'Compatible con software: la impresora tÃ©rmica mÃ³vil es compatible con Loyverse, iREAP, CasierStock, Kyte, Pozool, ExpressExpense (creador de recibos personalizados, mÃ¡s de 50 estilos de recibos) solo para dispositivos Android.', 'Amplia aplicaciÃ³n: esta impresora Bluetooth se puede utilizar con Android 4.0 IR, acuerdo IRCOMM o acuerdo POS SPP, etc. Cumple con facturas de taxi, recibos de tarifas administrativas, recibos de correos, pedidos de restaurantes e impresiÃ³n de pagos en lÃ­nea.', 'Uso cÃ³modo: la impresora inalÃ¡mbrica de recibos es compatible con dispositivos Android con comandos ESC/POS/STAR, viene con una funda y un cordÃ³n, es fÃ¡cil de transportar y manejar. AdemÃ¡s, se puede utilizar con papel tÃ©rmico de 2.283 in, no necesita tinta o cinta, limpio y ordenado. Por lo tanto, es ideal para negocios de larga distancia o al aire libre.', 'Consejos: no funciona con dispositivos iOS como iPad, iPhones. No es compatible con Square, Gloriafood, Doordash, Grubhub, TabShop lite, Clover, Open Table, O3POS, MobiPOS Lite y Kasse Speedy/PayPal/Intuit Gopayment/Shopify/Lector de tarjetas de crÃ©dito/settle/FileMaker. Confirme con nosotros si es compatible con su solicitud antes de realizar el pedido.']
2026-02-24 13:55:12,015 | INFO | extractor_logger | Iniciando normalizaciÃ³n estructurada del producto.
2026-02-24 13:55:12,015 | INFO | extractor_logger | Referencia encontrada (modelo): MU-IMP006-US
2026-02-24 13:55:12,019 | INFO | extractor_logger | NormalizaciÃ³n estructurada completada correctamente.
2026-02-24 13:55:12,019 | INFO | extractor_logger | Iniciando capa de traducciÃ³n.
2026-02-24 13:55:13,660 | INFO | extractor_logger | TraducciÃ³n completada.
2026-02-24 13:55:13,687 | INFO | extractor_logger | Validacion exitosa del contrato.
2026-02-24 13:55:13,698 | INFO | extractor_logger | Proceso completo finalizado.
2026-02-24 14:07:14,313 | INFO | extractor_logger | URL vÃ¡lida y dominio permitido.
2026-02-24 14:07:14,319 | INFO | extractor_logger | Proveedor detectado: Amazon
2026-02-24 14:07:14,319 | INFO | extractor_logger | Iniciando extracciÃ³n real Amazon con Playwright.
2026-02-24 14:07:28,750 | INFO | extractor_logger | [PRECIO DETECTADO] US$69.99
2026-02-24 14:07:28,786 | INFO | extractor_logger | [DEBUG BULLETS] Total encontrados: 5
2026-02-24 14:07:28,800 | INFO | extractor_logger | [DEBUG BULLET] ã€Largo tiempo de esperaã€‘Mini impresora Bluetooth con baterÃ­a recargable de iones de litio de 1500 mAh, el tiempo de espera puede alcanzar de 5 a 6 dÃ­as, con funciÃ³n de apagado automÃ¡tico, funciÃ³n de encendido automÃ¡tico y recordatorio de volumen de baterÃ­a.
2026-02-24 14:07:28,813 | INFO | extractor_logger | [DEBUG BULLET] Compatible con software: la impresora tÃ©rmica mÃ³vil es compatible con Loyverse, iREAP, CasierStock, Kyte, Pozool, ExpressExpense (creador de recibos personalizados, mÃ¡s de 50 estilos de recibos) solo para dispositivos Android.
2026-02-24 14:07:28,825 | INFO | extractor_logger | [DEBUG BULLET] Amplia aplicaciÃ³n: esta impresora Bluetooth se puede utilizar con Android 4.0 IR, acuerdo IRCOMM o acuerdo POS SPP, etc. Cumple con facturas de taxi, recibos de tarifas administrativas, recibos de correos, pedidos de restaurantes e impresiÃ³n de pagos en lÃ­nea.
2026-02-24 14:07:28,839 | INFO | extractor_logger | [DEBUG BULLET] Uso cÃ³modo: la impresora inalÃ¡mbrica de recibos es compatible con dispositivos Android con comandos ESC/POS/STAR, viene con una funda y un cordÃ³n, es fÃ¡cil de transportar y manejar. AdemÃ¡s, se puede utilizar con papel tÃ©rmico de 2.283 in, no necesita tinta o cinta, limpio y ordenado. Por lo tanto, es ideal para negocios de larga distancia o al aire libre.
2026-02-24 14:07:28,850 | INFO | extractor_logger | [DEBUG BULLET] Consejos: no funciona con dispositivos iOS como iPad, iPhones. No es compatible con Square, Gloriafood, Doordash, Grubhub, TabShop lite, Clover, Open Table, O3POS, MobiPOS Lite y Kasse Speedy/PayPal/Intuit Gopayment/Shopify/Lector de tarjetas de crÃ©dito/settle/FileMaker. Confirme con nosotros si es compatible con su solicitud antes de realizar el pedido.
2026-02-24 14:07:28,913 | INFO | extractor_logger | [DEBUG TECNICO] TamaÃ±o mÃ¡ximo del medio de impresiÃ³n: 58mm
2026-02-24 14:07:28,971 | INFO | extractor_logger | [DEBUG TECNICO] Componentes incluidos: Estuche, cordÃ³n
2026-02-24 14:07:29,005 | INFO | extractor_logger | [DEBUG TECNICO] Medios impresos: Papel tÃ©rmico
2026-02-24 14:07:29,058 | INFO | extractor_logger | [DEBUG TECNICO] Tipo de escÃ¡ner: PortÃ¡til
2026-02-24 14:07:29,100 | INFO | extractor_logger | [DEBUG TECNICO] Capacidad mÃ¡xima de hoja de entrada: 384
2026-02-24 14:07:29,141 | INFO | extractor_logger | [DEBUG TECNICO] Velocidad mÃ¡xima de copia (blanco y negro): 1 PÃ¡ginas por minuto
2026-02-24 14:07:29,188 | INFO | extractor_logger | [DEBUG TECNICO] Dispositivos compatibles: Tabletas
2026-02-24 14:07:29,227 | INFO | extractor_logger | [DEBUG TECNICO] MÃ¡xima resoluciÃ³n de impresiÃ³n a color: 203 DPI
2026-02-24 14:07:29,254 | INFO | extractor_logger | [DEBUG TECNICO] TamaÃ±o de la lÃ¡mina: 58 millimeters
2026-02-24 14:07:29,309 | INFO | extractor_logger | [DEBUG TECNICO] ResoluciÃ³n mÃ¡xima de impresiÃ³n en blanco y negro: 203 x 203 DPI
2026-02-24 14:07:29,460 | INFO | extractor_logger | [DEBUG TECNICO] Tipo de garantÃ­a: GarantÃ­a limitada
2026-02-24 14:07:29,507 | INFO | extractor_logger | [DEBUG TECNICO] Profundidad de color: 24 BPP
2026-02-24 14:07:29,576 | INFO | extractor_logger | [DEBUG TECNICO] ImpresiÃ³n a doble cara: No
2026-02-24 14:07:29,635 | INFO | extractor_logger | [DEBUG TECNICO] Potencia: 1500 milliamp_hours
2026-02-24 14:07:29,697 | INFO | extractor_logger | [DEBUG TECNICO] Negro-blanco de resoluciÃ³n mÃ¡xima de copia: 203 x 203 DPI
2026-02-24 14:07:29,774 | INFO | extractor_logger | [DEBUG TECNICO] DÃºplex: Simplex
2026-02-24 14:07:29,862 | INFO | extractor_logger | [DEBUG TECNICO] Interfaz de hardware: Bluetooth
2026-02-24 14:07:29,911 | INFO | extractor_logger | [DEBUG TECNICO] Funciones Adicionales de la Impresora: Solo imprimir
2026-02-24 14:07:29,954 | INFO | extractor_logger | [DEBUG TECNICO] MÃ©todo de control: AplicaciÃ³n
2026-02-24 14:07:30,004 | INFO | extractor_logger | [DEBUG TECNICO] Cantidad de procesadores: 1
2026-02-24 14:07:30,064 | INFO | extractor_logger | [DEBUG TECNICO] Serie de modelos: MU-IMP
2026-02-24 14:07:30,091 | INFO | extractor_logger | [DEBUG TECNICO] Usos especÃ­ficos del producto: Negocios
2026-02-24 14:07:30,118 | INFO | extractor_logger | [DEBUG TECNICO] UPC: 613310859857
2026-02-24 14:07:30,149 | INFO | extractor_logger | [DEBUG TECNICO] Tipo de tinta de impresora: TÃ©rmico
2026-02-24 14:07:30,174 | INFO | extractor_logger | [DEBUG TECNICO] Capacidad de almacenamiento de memoria: 64 MB
2026-02-24 14:07:30,210 | INFO | extractor_logger | [DEBUG TECNICO] Dimensiones del producto: 4 x 2,8 x 2 pulgadas
2026-02-24 14:07:30,254 | INFO | extractor_logger | [DEBUG TECNICO] ASIN: B07PT5WGSH
2026-02-24 14:07:30,280 | INFO | extractor_logger | [DEBUG TECNICO] NÃºmero de modelo del producto: MU-IMP006-US
2026-02-24 14:07:30,300 | INFO | extractor_logger | [DEBUG TECNICO] OpiniÃ³n media de los clientes: 3.7               3.7 de 5 estrellas         

                         (40)      
                    
                    var dpAcrHasRegisteredArcLinkClickAction;
                    P.when('A', 'ready').execute(function(A) {
                        if (dpAcrHasRegisteredArcLinkClickAction !== true) {
                            dpAcrHasRegisteredArcLinkClickAction = true;
                            A.declarative(
                                'acrLink-click-metrics', 'click',
                                { "allowLinkDefault": true },
                                function (event) {
                                    if (window.ue) {
                                        ue.count("acrLinkClickCount", (ue.count("acrLinkClickCount") || 0) + 1);
                                    }
                                }
                            );
                        }
                    });
                
                 
            P.when('A', 'cf').execute(function(A) {
                A.declarative('acrStarsLink-click-metrics', 'click', { "allowLinkDefault" : true },  function(event){
                    if(window.ue) {
                        ue.count("acrStarsLinkWithPopoverClickCount", (ue.count("acrStarsLinkWithPopoverClickCount") || 0) + 1);
                    }
                });
            });
        

           
       3.7 de 5 estrellas
2026-02-24 14:07:30,329 | INFO | extractor_logger | [DEBUG TECNICO] ClasificaciÃ³n en los mÃ¡s vendidos de Amazon: nÂº327,762 en Productos de Oficina (Ver el Top 100 en Productos de Oficina)  nÂº299 en Impresoras de Recibos
2026-02-24 14:07:30,354 | INFO | extractor_logger | [DEBUG TECNICO] Descatalogado por el fabricante: No
2026-02-24 14:07:30,383 | INFO | extractor_logger | [DEBUG TECNICO] Producto en amazon.com desde: diciembre 28, 2017
2026-02-24 14:07:30,412 | INFO | extractor_logger | [DEBUG TECNICO] Fabricante: MUNBYN
2026-02-24 14:07:32,012 | INFO | extractor_logger | ExtracciÃ³n real completada correctamente.
2026-02-24 14:07:32,013 | INFO | extractor_logger | DEBUG RETURN BULLETS: ['ã€Largo tiempo de esperaã€‘Mini impresora Bluetooth con baterÃ­a recargable de iones de litio de 1500 mAh, el tiempo de espera puede alcanzar de 5 a 6 dÃ­as, con funciÃ³n de apagado automÃ¡tico, funciÃ³n de encendido automÃ¡tico y recordatorio de volumen de baterÃ­a.', 'Compatible con software: la impresora tÃ©rmica mÃ³vil es compatible con Loyverse, iREAP, CasierStock, Kyte, Pozool, ExpressExpense (creador de recibos personalizados, mÃ¡s de 50 estilos de recibos) solo para dispositivos Android.', 'Amplia aplicaciÃ³n: esta impresora Bluetooth se puede utilizar con Android 4.0 IR, acuerdo IRCOMM o acuerdo POS SPP, etc. Cumple con facturas de taxi, recibos de tarifas administrativas, recibos de correos, pedidos de restaurantes e impresiÃ³n de pagos en lÃ­nea.', 'Uso cÃ³modo: la impresora inalÃ¡mbrica de recibos es compatible con dispositivos Android con comandos ESC/POS/STAR, viene con una funda y un cordÃ³n, es fÃ¡cil de transportar y manejar. AdemÃ¡s, se puede utilizar con papel tÃ©rmico de 2.283 in, no necesita tinta o cinta, limpio y ordenado. Por lo tanto, es ideal para negocios de larga distancia o al aire libre.', 'Consejos: no funciona con dispositivos iOS como iPad, iPhones. No es compatible con Square, Gloriafood, Doordash, Grubhub, TabShop lite, Clover, Open Table, O3POS, MobiPOS Lite y Kasse Speedy/PayPal/Intuit Gopayment/Shopify/Lector de tarjetas de crÃ©dito/settle/FileMaker. Confirme con nosotros si es compatible con su solicitud antes de realizar el pedido.']
2026-02-24 14:07:32,014 | INFO | extractor_logger | Iniciando normalizaciÃ³n estructurada del producto.
2026-02-24 14:07:32,014 | INFO | extractor_logger | Referencia encontrada (modelo): MU-IMP006-US
2026-02-24 14:07:32,017 | INFO | extractor_logger | NormalizaciÃ³n estructurada completada correctamente.
2026-02-24 14:07:32,018 | INFO | extractor_logger | Iniciando capa de traducciÃ³n.
2026-02-24 14:07:33,918 | INFO | extractor_logger | TraducciÃ³n completada.
2026-02-24 14:07:33,939 | INFO | extractor_logger | Validacion exitosa del contrato.
2026-02-24 14:07:33,946 | INFO | extractor_logger | Proceso completo finalizado.
2026-02-24 14:40:18,946 | INFO | extractor_logger | URL vÃ¡lida y dominio permitido.
2026-02-24 14:40:18,953 | INFO | extractor_logger | Proveedor detectado: Amazon
2026-02-24 14:40:18,953 | INFO | extractor_logger | Iniciando extracciÃ³n real Amazon con Playwright.
2026-02-24 14:40:37,787 | INFO | extractor_logger | [PRECIO DETECTADO] US$69.99
2026-02-24 14:40:37,854 | INFO | extractor_logger | [DEBUG BULLETS] Total encontrados: 5
2026-02-24 14:40:37,864 | INFO | extractor_logger | [DEBUG BULLET] ã€Largo tiempo de esperaã€‘Mini impresora Bluetooth con baterÃ­a recargable de iones de litio de 1500 mAh, el tiempo de espera puede alcanzar de 5 a 6 dÃ­as, con funciÃ³n de apagado automÃ¡tico, funciÃ³n de encendido automÃ¡tico y recordatorio de volumen de baterÃ­a.
2026-02-24 14:40:37,873 | INFO | extractor_logger | [DEBUG BULLET] Compatible con software: la impresora tÃ©rmica mÃ³vil es compatible con Loyverse, iREAP, CasierStock, Kyte, Pozool, ExpressExpense (creador de recibos personalizados, mÃ¡s de 50 estilos de recibos) solo para dispositivos Android.
2026-02-24 14:40:37,892 | INFO | extractor_logger | [DEBUG BULLET] Amplia aplicaciÃ³n: esta impresora Bluetooth se puede utilizar con Android 4.0 IR, acuerdo IRCOMM o acuerdo POS SPP, etc. Cumple con facturas de taxi, recibos de tarifas administrativas, recibos de correos, pedidos de restaurantes e impresiÃ³n de pagos en lÃ­nea.
2026-02-24 14:40:37,905 | INFO | extractor_logger | [DEBUG BULLET] Uso cÃ³modo: la impresora inalÃ¡mbrica de recibos es compatible con dispositivos Android con comandos ESC/POS/STAR, viene con una funda y un cordÃ³n, es fÃ¡cil de transportar y manejar. AdemÃ¡s, se puede utilizar con papel tÃ©rmico de 2.283 in, no necesita tinta o cinta, limpio y ordenado. Por lo tanto, es ideal para negocios de larga distancia o al aire libre.
2026-02-24 14:40:37,914 | INFO | extractor_logger | [DEBUG BULLET] Consejos: no funciona con dispositivos iOS como iPad, iPhones. No es compatible con Square, Gloriafood, Doordash, Grubhub, TabShop lite, Clover, Open Table, O3POS, MobiPOS Lite y Kasse Speedy/PayPal/Intuit Gopayment/Shopify/Lector de tarjetas de crÃ©dito/settle/FileMaker. Confirme con nosotros si es compatible con su solicitud antes de realizar el pedido.
2026-02-24 14:40:37,954 | INFO | extractor_logger | [DEBUG TECNICO] TamaÃ±o mÃ¡ximo del medio de impresiÃ³n: 58mm
2026-02-24 14:40:37,974 | INFO | extractor_logger | [DEBUG TECNICO] Componentes incluidos: Estuche, cordÃ³n
2026-02-24 14:40:37,997 | INFO | extractor_logger | [DEBUG TECNICO] Medios impresos: Papel tÃ©rmico
2026-02-24 14:40:38,026 | INFO | extractor_logger | [DEBUG TECNICO] Tipo de escÃ¡ner: PortÃ¡til
2026-02-24 14:40:38,065 | INFO | extractor_logger | [DEBUG TECNICO] Capacidad mÃ¡xima de hoja de entrada: 384
2026-02-24 14:40:38,098 | INFO | extractor_logger | [DEBUG TECNICO] Velocidad mÃ¡xima de copia (blanco y negro): 1 PÃ¡ginas por minuto
2026-02-24 14:40:38,138 | INFO | extractor_logger | [DEBUG TECNICO] Dispositivos compatibles: Tabletas
2026-02-24 14:40:38,155 | INFO | extractor_logger | [DEBUG TECNICO] MÃ¡xima resoluciÃ³n de impresiÃ³n a color: 203 DPI
2026-02-24 14:40:38,179 | INFO | extractor_logger | [DEBUG TECNICO] TamaÃ±o de la lÃ¡mina: 58 millimeters
2026-02-24 14:40:38,197 | INFO | extractor_logger | [DEBUG TECNICO] ResoluciÃ³n mÃ¡xima de impresiÃ³n en blanco y negro: 203 x 203 DPI
2026-02-24 14:40:38,218 | INFO | extractor_logger | [DEBUG TECNICO] Tipo de garantÃ­a: GarantÃ­a limitada
2026-02-24 14:40:38,239 | INFO | extractor_logger | [DEBUG TECNICO] Profundidad de color: 24 BPP
2026-02-24 14:40:38,262 | INFO | extractor_logger | [DEBUG TECNICO] ImpresiÃ³n a doble cara: No
2026-02-24 14:40:38,284 | INFO | extractor_logger | [DEBUG TECNICO] Potencia: 1500 milliamp_hours
2026-02-24 14:40:38,306 | INFO | extractor_logger | [DEBUG TECNICO] Negro-blanco de resoluciÃ³n mÃ¡xima de copia: 203 x 203 DPI
2026-02-24 14:40:38,327 | INFO | extractor_logger | [DEBUG TECNICO] DÃºplex: Simplex
2026-02-24 14:40:38,347 | INFO | extractor_logger | [DEBUG TECNICO] Interfaz de hardware: Bluetooth
2026-02-24 14:40:38,377 | INFO | extractor_logger | [DEBUG TECNICO] Funciones Adicionales de la Impresora: Solo imprimir
2026-02-24 14:40:38,414 | INFO | extractor_logger | [DEBUG TECNICO] MÃ©todo de control: AplicaciÃ³n
2026-02-24 14:40:38,435 | INFO | extractor_logger | [DEBUG TECNICO] Cantidad de procesadores: 1
2026-02-24 14:40:38,468 | INFO | extractor_logger | [DEBUG TECNICO] Serie de modelos: MU-IMP
2026-02-24 14:40:38,489 | INFO | extractor_logger | [DEBUG TECNICO] Usos especÃ­ficos del producto: Negocios
2026-02-24 14:40:38,511 | INFO | extractor_logger | [DEBUG TECNICO] UPC: 613310859857
2026-02-24 14:40:38,528 | INFO | extractor_logger | [DEBUG TECNICO] Tipo de tinta de impresora: TÃ©rmico
2026-02-24 14:40:38,552 | INFO | extractor_logger | [DEBUG TECNICO] Capacidad de almacenamiento de memoria: 64 MB
2026-02-24 14:40:38,585 | INFO | extractor_logger | [DEBUG TECNICO] Dimensiones del producto: 4 x 2,8 x 2 pulgadas
2026-02-24 14:40:38,631 | INFO | extractor_logger | [DEBUG TECNICO] ASIN: B07PT5WGSH
2026-02-24 14:40:38,678 | INFO | extractor_logger | [DEBUG TECNICO] NÃºmero de modelo del producto: MU-IMP006-US
2026-02-24 14:40:38,720 | INFO | extractor_logger | [DEBUG TECNICO] OpiniÃ³n media de los clientes: 3.7               3.7 de 5 estrellas         

                         (40)      
                    
                    var dpAcrHasRegisteredArcLinkClickAction;
                    P.when('A', 'ready').execute(function(A) {
                        if (dpAcrHasRegisteredArcLinkClickAction !== true) {
                            dpAcrHasRegisteredArcLinkClickAction = true;
                            A.declarative(
                                'acrLink-click-metrics', 'click',
                                { "allowLinkDefault": true },
                                function (event) {
                                    if (window.ue) {
                                        ue.count("acrLinkClickCount", (ue.count("acrLinkClickCount") || 0) + 1);
                                    }
                                }
                            );
                        }
                    });
                
                 
            P.when('A', 'cf').execute(function(A) {
                A.declarative('acrStarsLink-click-metrics', 'click', { "allowLinkDefault" : true },  function(event){
                    if(window.ue) {
                        ue.count("acrStarsLinkWithPopoverClickCount", (ue.count("acrStarsLinkWithPopoverClickCount") || 0) + 1);
                    }
                });
            });
        

           
       3.7 de 5 estrellas
2026-02-24 14:40:38,775 | INFO | extractor_logger | [DEBUG TECNICO] ClasificaciÃ³n en los mÃ¡s vendidos de Amazon: nÂº327,762 en Productos de Oficina (Ver el Top 100 en Productos de Oficina)  nÂº299 en Impresoras de Recibos
2026-02-24 14:40:38,807 | INFO | extractor_logger | [DEBUG TECNICO] Descatalogado por el fabricante: No
2026-02-24 14:40:38,836 | INFO | extractor_logger | [DEBUG TECNICO] Producto en amazon.com desde: diciembre 28, 2017
2026-02-24 14:40:38,938 | INFO | extractor_logger | [DEBUG TECNICO] Fabricante: MUNBYN
2026-02-24 14:40:41,173 | INFO | extractor_logger | ExtracciÃ³n real completada correctamente.
2026-02-24 14:40:41,174 | INFO | extractor_logger | DEBUG RETURN BULLETS: ['ã€Largo tiempo de esperaã€‘Mini impresora Bluetooth con baterÃ­a recargable de iones de litio de 1500 mAh, el tiempo de espera puede alcanzar de 5 a 6 dÃ­as, con funciÃ³n de apagado automÃ¡tico, funciÃ³n de encendido automÃ¡tico y recordatorio de volumen de baterÃ­a.', 'Compatible con software: la impresora tÃ©rmica mÃ³vil es compatible con Loyverse, iREAP, CasierStock, Kyte, Pozool, ExpressExpense (creador de recibos personalizados, mÃ¡s de 50 estilos de recibos) solo para dispositivos Android.', 'Amplia aplicaciÃ³n: esta impresora Bluetooth se puede utilizar con Android 4.0 IR, acuerdo IRCOMM o acuerdo POS SPP, etc. Cumple con facturas de taxi, recibos de tarifas administrativas, recibos de correos, pedidos de restaurantes e impresiÃ³n de pagos en lÃ­nea.', 'Uso cÃ³modo: la impresora inalÃ¡mbrica de recibos es compatible con dispositivos Android con comandos ESC/POS/STAR, viene con una funda y un cordÃ³n, es fÃ¡cil de transportar y manejar. AdemÃ¡s, se puede utilizar con papel tÃ©rmico de 2.283 in, no necesita tinta o cinta, limpio y ordenado. Por lo tanto, es ideal para negocios de larga distancia o al aire libre.', 'Consejos: no funciona con dispositivos iOS como iPad, iPhones. No es compatible con Square, Gloriafood, Doordash, Grubhub, TabShop lite, Clover, Open Table, O3POS, MobiPOS Lite y Kasse Speedy/PayPal/Intuit Gopayment/Shopify/Lector de tarjetas de crÃ©dito/settle/FileMaker. Confirme con nosotros si es compatible con su solicitud antes de realizar el pedido.']
2026-02-24 14:40:41,174 | INFO | extractor_logger | Iniciando normalizaciÃ³n estructurada del producto.
2026-02-24 14:40:41,175 | INFO | extractor_logger | Referencia encontrada (modelo): MU-IMP006-US
2026-02-24 14:40:41,178 | INFO | extractor_logger | NormalizaciÃ³n estructurada completada correctamente.
2026-02-24 14:40:41,178 | INFO | extractor_logger | Iniciando capa de traducciÃ³n.
2026-02-24 14:40:42,810 | INFO | extractor_logger | TraducciÃ³n completada.
2026-02-24 14:40:42,841 | INFO | extractor_logger | Validacion exitosa del contrato.
2026-02-24 14:40:42,854 | INFO | extractor_logger | Proceso completo finalizado.
2026-02-24 14:57:56,124 | INFO | extractor_logger | URL vÃ¡lida y dominio permitido.
2026-02-24 14:57:56,128 | INFO | extractor_logger | Proveedor detectado: Amazon
2026-02-24 14:57:56,129 | INFO | extractor_logger | Iniciando extracciÃ³n real Amazon con Playwright.
2026-02-24 14:58:16,280 | INFO | extractor_logger | [PRECIO DETECTADO]  
2026-02-24 14:58:31,300 | WARNING | extractor_logger | No se pudieron extraer bullets.
2026-02-24 14:58:31,300 | WARNING | extractor_logger | Page.wait_for_selector: Timeout 15000ms exceeded.
Call log:
  - waiting for locator("#feature-bullets") to be visible

2026-02-24 14:58:32,475 | INFO | extractor_logger | ExtracciÃ³n real completada correctamente.
2026-02-24 14:58:32,476 | INFO | extractor_logger | DEBUG RETURN BULLETS: []
2026-02-24 14:58:32,476 | INFO | extractor_logger | Iniciando normalizaciÃ³n estructurada del producto.
2026-02-24 14:58:32,476 | INFO | extractor_logger | Referencia encontrada (ASIN URL fallback): B0CKMKD1FW
2026-02-24 14:58:32,478 | INFO | extractor_logger | NormalizaciÃ³n estructurada completada correctamente.
2026-02-24 14:58:32,478 | INFO | extractor_logger | Iniciando capa de traducciÃ³n.
2026-02-24 14:58:34,349 | INFO | extractor_logger | TraducciÃ³n completada.
2026-02-24 14:58:34,377 | INFO | extractor_logger | Validacion exitosa del contrato.
2026-02-24 14:58:34,384 | INFO | extractor_logger | Proceso completo finalizado.
2026-02-24 15:00:40,684 | INFO | extractor_logger | URL vÃ¡lida y dominio permitido.
2026-02-24 15:00:40,688 | INFO | extractor_logger | Proveedor detectado: Amazon
2026-02-24 15:00:40,689 | INFO | extractor_logger | Iniciando extracciÃ³n real Amazon con Playwright.
2026-02-24 15:00:55,126 | INFO | extractor_logger | [PRECIO DETECTADO] US$13.19
2026-02-24 15:00:55,148 | INFO | extractor_logger | [DEBUG BULLETS] Total encontrados: 1
2026-02-24 15:00:55,159 | INFO | extractor_logger | [DEBUG BULLET] 7037-G Reactivo lÃ­quido, indicador de pH, 1 oz.
2026-02-24 15:00:55,196 | INFO | extractor_logger | [DEBUG TECNICO] UPC: â€Ž637395451232
2026-02-24 15:00:55,209 | INFO | extractor_logger | [DEBUG TECNICO] Dimensiones del producto: â€Ž3,8 x 1,3 x 1,3 pulgadas
2026-02-24 15:00:55,229 | INFO | extractor_logger | [DEBUG TECNICO] ASIN: â€ŽB003TP9HHA
2026-02-24 15:00:55,246 | INFO | extractor_logger | [DEBUG TECNICO] NÃºmero de modelo del producto: â€Ž7037-G
2026-02-24 15:00:55,274 | INFO | extractor_logger | [DEBUG TECNICO] Descatalogado por el fabricante: â€ŽNo
2026-02-24 15:00:55,290 | INFO | extractor_logger | [DEBUG TECNICO] Producto en amazon.com desde: â€Ždiciembre 2, 2009
2026-02-24 15:00:56,173 | INFO | extractor_logger | ExtracciÃ³n real completada correctamente.
2026-02-24 15:00:56,174 | INFO | extractor_logger | DEBUG RETURN BULLETS: ['7037-G Reactivo lÃ­quido, indicador de pH, 1 oz.']
2026-02-24 15:00:56,174 | INFO | extractor_logger | Iniciando normalizaciÃ³n estructurada del producto.
2026-02-24 15:00:56,174 | INFO | extractor_logger | Referencia encontrada (modelo): â€Ž7037-G
2026-02-24 15:00:56,176 | INFO | extractor_logger | NormalizaciÃ³n estructurada completada correctamente.
2026-02-24 15:00:56,177 | INFO | extractor_logger | Iniciando capa de traducciÃ³n.
2026-02-24 15:00:58,043 | INFO | extractor_logger | TraducciÃ³n completada.
2026-02-24 15:00:58,057 | INFO | extractor_logger | Validacion exitosa del contrato.
2026-02-24 15:00:58,063 | INFO | extractor_logger | Proceso completo finalizado.
2026-02-24 15:03:43,547 | INFO | extractor_logger | URL vÃ¡lida y dominio permitido.
2026-02-24 15:03:43,548 | INFO | extractor_logger | Proveedor detectado: Amazon
2026-02-24 15:03:43,549 | INFO | extractor_logger | Iniciando extracciÃ³n real Amazon con Playwright.
2026-02-24 15:03:57,106 | INFO | extractor_logger | [PRECIO DETECTADO] $579.99
2026-02-24 15:03:57,127 | INFO | extractor_logger | [DEBUG BULLETS] Total encontrados: 5
2026-02-24 15:03:57,139 | INFO | extractor_logger | [DEBUG BULLET] CAPACITY: The U.S. Solid Cryogenic Container Liquid Nitrogen Tank Dewar can hold up to 20 Liters of liquid nitrogen
2026-02-24 15:03:57,151 | INFO | extractor_logger | [DEBUG BULLET] DEWAR: Dewars are designed for the sole purpose of holding extremely cold liquids such as liquid nitrogen; They have the shape, capacity, and material construction to store liquid nitrogen with a slower evaporation rate
2026-02-24 15:03:57,159 | INFO | extractor_logger | [DEBUG BULLET] EVAPORATION RATE: We test the evaporation rate of our liquid nitrogen tanks by completely filling them with liquid nitrogen and tracking the rate of evaporation
2026-02-24 15:03:57,170 | INFO | extractor_logger | [DEBUG BULLET] CANISTERS: Each of the liquid nitrogen tanks come with six canisters; Five canisters come with holes at the bottom to store biological specimen and one sealed canister for dipping
2026-02-24 15:03:57,180 | INFO | extractor_logger | [DEBUG BULLET] SATISFACTION GUARANTEE: All U.S. Solid products come with a one year satisfaction guarantee; Please feel free to call our customer service department with any comments or concerns that you may have
2026-02-24 15:03:57,215 | INFO | extractor_logger | [DEBUG TECNICO] Product Dimensions: â€Ž16 x 16 x 28 inches
2026-02-24 15:03:57,237 | INFO | extractor_logger | [DEBUG TECNICO] Item Weight: â€Ž26 pounds
2026-02-24 15:03:57,266 | INFO | extractor_logger | [DEBUG TECNICO] Manufacturer: â€ŽU.S. Solid
2026-02-24 15:03:57,304 | INFO | extractor_logger | [DEBUG TECNICO] ASIN: â€ŽB0BK93FCS2
2026-02-24 15:03:57,332 | INFO | extractor_logger | [DEBUG TECNICO] Item model number: â€ŽUSS-LNT00006
2026-02-24 15:03:57,365 | INFO | extractor_logger | [DEBUG TECNICO] Date First Available: â€ŽMarch 10, 2015
2026-02-24 15:03:58,208 | INFO | extractor_logger | ExtracciÃ³n real completada correctamente.
2026-02-24 15:03:58,208 | INFO | extractor_logger | DEBUG RETURN BULLETS: ['CAPACITY: The U.S. Solid Cryogenic Container Liquid Nitrogen Tank Dewar can hold up to 20 Liters of liquid nitrogen', 'DEWAR: Dewars are designed for the sole purpose of holding extremely cold liquids such as liquid nitrogen; They have the shape, capacity, and material construction to store liquid nitrogen with a slower evaporation rate', 'EVAPORATION RATE: We test the evaporation rate of our liquid nitrogen tanks by completely filling them with liquid nitrogen and tracking the rate of evaporation', 'CANISTERS: Each of the liquid nitrogen tanks come with six canisters; Five canisters come with holes at the bottom to store biological specimen and one sealed canister for dipping', 'SATISFACTION GUARANTEE: All U.S. Solid products come with a one year satisfaction guarantee; Please feel free to call our customer service department with any comments or concerns that you may have']
2026-02-24 15:03:58,209 | INFO | extractor_logger | Iniciando normalizaciÃ³n estructurada del producto.
2026-02-24 15:03:58,209 | INFO | extractor_logger | Referencia encontrada (modelo): â€ŽUSS-LNT00006
2026-02-24 15:03:58,210 | INFO | extractor_logger | NormalizaciÃ³n estructurada completada correctamente.
2026-02-24 15:03:58,211 | INFO | extractor_logger | Iniciando capa de traducciÃ³n.
2026-02-24 15:03:59,719 | INFO | extractor_logger | TraducciÃ³n completada.
2026-02-24 15:03:59,735 | INFO | extractor_logger | Validacion exitosa del contrato.
2026-02-24 15:03:59,740 | INFO | extractor_logger | Proceso completo finalizado.
2026-02-24 15:07:29,650 | INFO | extractor_logger | URL vÃ¡lida y dominio permitido.
2026-02-24 15:07:29,651 | INFO | extractor_logger | Proveedor detectado: Amazon
2026-02-24 15:07:29,651 | INFO | extractor_logger | Iniciando extracciÃ³n real Amazon con Playwright.
2026-02-24 15:07:41,435 | INFO | extractor_logger | [PRECIO DETECTADO] US$799.99
2026-02-24 15:07:41,469 | INFO | extractor_logger | [DEBUG BULLETS] Total encontrados: 8
2026-02-24 15:07:41,488 | INFO | extractor_logger | [DEBUG BULLET] Desarrollado por la arquitectura NVIDIA Blackwell y DLSS 4
2026-02-24 15:07:41,510 | INFO | extractor_logger | [DEBUG BULLET] Los componentes de grado militar ofrecen una potencia sÃ³lida y una vida Ãºtil mÃ¡s larga para una durabilidad mÃ¡xima
2026-02-24 15:07:41,533 | INFO | extractor_logger | [DEBUG BULLET] El revestimiento protector de PCB ayuda a proteger contra cortocircuitos causados por la humedad, el polvo o los desechos
2026-02-24 15:07:41,569 | INFO | extractor_logger | [DEBUG BULLET] DiseÃ±o de 3.125 ranuras con matriz de aletas masiva optimizada para el flujo de aire de tres ventiladores Axial-tech
2026-02-24 15:07:41,595 | INFO | extractor_logger | [DEBUG BULLET] La almohadilla tÃ©rmica de cambio de fase para GPU ayuda a garantizar un rendimiento tÃ©rmico Ã³ptimo y una mayor durabilidad, superando a la pasta tÃ©rmica tradicional para tarjetas grÃ¡ficas bajo cargas pesadas
2026-02-24 15:07:41,634 | INFO | extractor_logger | [DEBUG BULLET] El ASUS GPU Guard y el soporte aseguran la GPU, reduciendo el riesgo de grietas y garantizando un montaje estable
2026-02-24 15:07:41,738 | INFO | extractor_logger | [DEBUG BULLET] La fabricaciÃ³n automatizada de precisiÃ³n Auto-Extreme ayuda a garantizar una mayor confiabilidad
2026-02-24 15:07:41,776 | INFO | extractor_logger | [DEBUG BULLET] El software GPU Tweak III proporciona ajustes de rendimiento intuitivos, controles tÃ©rmicos avanzados y monitoreo del sistema
2026-02-24 15:07:41,864 | INFO | extractor_logger | [DEBUG TECNICO] MÃ¡xima resoluciÃ³n de pantalla: â€Ž7680x4320 Pixels
2026-02-24 15:07:41,919 | INFO | extractor_logger | [DEBUG TECNICO] Velocidad de memoria: â€Ž4000 MHz
2026-02-24 15:07:41,942 | INFO | extractor_logger | [DEBUG TECNICO] Coprocesador de grÃ¡ficos: â€ŽNVIDIA GeForce RTX 5070
2026-02-24 15:07:41,958 | INFO | extractor_logger | [DEBUG TECNICO] Marca Chipset: â€ŽNVIDIA
2026-02-24 15:07:41,986 | INFO | extractor_logger | [DEBUG TECNICO] DescripciÃ³n de la tarjeta: â€ŽDedicado
2026-02-24 15:07:42,025 | INFO | extractor_logger | [DEBUG TECNICO] TamaÃ±o de RAM de la tarjeta grÃ¡fica: â€Ž12 GB
2026-02-24 15:07:42,910 | INFO | extractor_logger | ExtracciÃ³n real completada correctamente.
2026-02-24 15:07:42,910 | INFO | extractor_logger | DEBUG RETURN BULLETS: ['Desarrollado por la arquitectura NVIDIA Blackwell y DLSS 4', 'Los componentes de grado militar ofrecen una potencia sÃ³lida y una vida Ãºtil mÃ¡s larga para una durabilidad mÃ¡xima', 'El revestimiento protector de PCB ayuda a proteger contra cortocircuitos causados por la humedad, el polvo o los desechos', 'DiseÃ±o de 3.125 ranuras con matriz de aletas masiva optimizada para el flujo de aire de tres ventiladores Axial-tech', 'La almohadilla tÃ©rmica de cambio de fase para GPU ayuda a garantizar un rendimiento tÃ©rmico Ã³ptimo y una mayor durabilidad, superando a la pasta tÃ©rmica tradicional para tarjetas grÃ¡ficas bajo cargas pesadas', 'El ASUS GPU Guard y el soporte aseguran la GPU, reduciendo el riesgo de grietas y garantizando un montaje estable', 'La fabricaciÃ³n automatizada de precisiÃ³n Auto-Extreme ayuda a garantizar una mayor confiabilidad', 'El software GPU Tweak III proporciona ajustes de rendimiento intuitivos, controles tÃ©rmicos avanzados y monitoreo del sistema']
2026-02-24 15:07:42,910 | INFO | extractor_logger | Iniciando normalizaciÃ³n estructurada del producto.
2026-02-24 15:07:42,911 | INFO | extractor_logger | Referencia encontrada (ASIN URL fallback): B0DS6S98ZF
2026-02-24 15:07:42,913 | INFO | extractor_logger | NormalizaciÃ³n estructurada completada correctamente.
2026-02-24 15:07:42,914 | INFO | extractor_logger | Iniciando capa de traducciÃ³n.
2026-02-24 15:07:44,421 | INFO | extractor_logger | TraducciÃ³n completada.
2026-02-24 15:07:44,436 | INFO | extractor_logger | Validacion exitosa del contrato.
2026-02-24 15:07:44,440 | INFO | extractor_logger | Proceso completo finalizado.
2026-02-24 15:10:46,274 | INFO | extractor_logger | URL vÃ¡lida y dominio permitido.
2026-02-24 15:10:46,276 | INFO | extractor_logger | Proveedor detectado: Amazon
2026-02-24 15:10:46,277 | INFO | extractor_logger | Iniciando extracciÃ³n real Amazon con Playwright.
2026-02-24 15:10:57,993 | INFO | extractor_logger | [PRECIO DETECTADO] US$69.99
2026-02-24 15:10:58,910 | INFO | extractor_logger | [DEBUG BULLETS] Total encontrados: 5
2026-02-24 15:10:58,931 | INFO | extractor_logger | [DEBUG BULLET] ã€Largo tiempo de esperaã€‘Mini impresora Bluetooth con baterÃ­a recargable de iones de litio de 1500 mAh, el tiempo de espera puede alcanzar de 5 a 6 dÃ­as, con funciÃ³n de apagado automÃ¡tico, funciÃ³n de encendido automÃ¡tico y recordatorio de volumen de baterÃ­a.
2026-02-24 15:10:58,950 | INFO | extractor_logger | [DEBUG BULLET] Compatible con software: la impresora tÃ©rmica mÃ³vil es compatible con Loyverse, iREAP, CasierStock, Kyte, Pozool, ExpressExpense (creador de recibos personalizados, mÃ¡s de 50 estilos de recibos) solo para dispositivos Android.
2026-02-24 15:10:58,965 | INFO | extractor_logger | [DEBUG BULLET] Amplia aplicaciÃ³n: esta impresora Bluetooth se puede utilizar con Android 4.0 IR, acuerdo IRCOMM o acuerdo POS SPP, etc. Cumple con facturas de taxi, recibos de tarifas administrativas, recibos de correos, pedidos de restaurantes e impresiÃ³n de pagos en lÃ­nea.
2026-02-24 15:10:58,978 | INFO | extractor_logger | [DEBUG BULLET] Uso cÃ³modo: la impresora inalÃ¡mbrica de recibos es compatible con dispositivos Android con comandos ESC/POS/STAR, viene con una funda y un cordÃ³n, es fÃ¡cil de transportar y manejar. AdemÃ¡s, se puede utilizar con papel tÃ©rmico de 2.283 in, no necesita tinta o cinta, limpio y ordenado. Por lo tanto, es ideal para negocios de larga distancia o al aire libre.
2026-02-24 15:10:58,992 | INFO | extractor_logger | [DEBUG BULLET] Consejos: no funciona con dispositivos iOS como iPad, iPhones. No es compatible con Square, Gloriafood, Doordash, Grubhub, TabShop lite, Clover, Open Table, O3POS, MobiPOS Lite y Kasse Speedy/PayPal/Intuit Gopayment/Shopify/Lector de tarjetas de crÃ©dito/settle/FileMaker. Confirme con nosotros si es compatible con su solicitud antes de realizar el pedido.
2026-02-24 15:10:59,069 | INFO | extractor_logger | [DEBUG TECNICO] TamaÃ±o mÃ¡ximo del medio de impresiÃ³n: 58mm
2026-02-24 15:10:59,108 | INFO | extractor_logger | [DEBUG TECNICO] Componentes incluidos: Estuche, cordÃ³n
2026-02-24 15:10:59,140 | INFO | extractor_logger | [DEBUG TECNICO] Medios impresos: Papel tÃ©rmico
2026-02-24 15:10:59,181 | INFO | extractor_logger | [DEBUG TECNICO] Tipo de escÃ¡ner: PortÃ¡til
2026-02-24 15:10:59,196 | INFO | extractor_logger | [DEBUG TECNICO] Capacidad mÃ¡xima de hoja de entrada: 384
2026-02-24 15:10:59,217 | INFO | extractor_logger | [DEBUG TECNICO] Velocidad mÃ¡xima de copia (blanco y negro): 1 PÃ¡ginas por minuto
2026-02-24 15:10:59,243 | INFO | extractor_logger | [DEBUG TECNICO] Dispositivos compatibles: Tabletas
2026-02-24 15:10:59,272 | INFO | extractor_logger | [DEBUG TECNICO] MÃ¡xima resoluciÃ³n de impresiÃ³n a color: 203 DPI
2026-02-24 15:10:59,295 | INFO | extractor_logger | [DEBUG TECNICO] TamaÃ±o de la lÃ¡mina: 58 millimeters
2026-02-24 15:10:59,328 | INFO | extractor_logger | [DEBUG TECNICO] ResoluciÃ³n mÃ¡xima de impresiÃ³n en blanco y negro: 203 x 203 DPI
2026-02-24 15:10:59,356 | INFO | extractor_logger | [DEBUG TECNICO] Tipo de garantÃ­a: GarantÃ­a limitada
2026-02-24 15:10:59,378 | INFO | extractor_logger | [DEBUG TECNICO] Profundidad de color: 24 BPP
2026-02-24 15:10:59,409 | INFO | extractor_logger | [DEBUG TECNICO] ImpresiÃ³n a doble cara: No
2026-02-24 15:10:59,430 | INFO | extractor_logger | [DEBUG TECNICO] Potencia: 1500 milliamp_hours
2026-02-24 15:10:59,455 | INFO | extractor_logger | [DEBUG TECNICO] Negro-blanco de resoluciÃ³n mÃ¡xima de copia: 203 x 203 DPI
2026-02-24 15:10:59,480 | INFO | extractor_logger | [DEBUG TECNICO] DÃºplex: Simplex
2026-02-24 15:10:59,510 | INFO | extractor_logger | [DEBUG TECNICO] Interfaz de hardware: Bluetooth
2026-02-24 15:10:59,543 | INFO | extractor_logger | [DEBUG TECNICO] Funciones Adicionales de la Impresora: Solo imprimir
2026-02-24 15:10:59,575 | INFO | extractor_logger | [DEBUG TECNICO] MÃ©todo de control: AplicaciÃ³n
2026-02-24 15:10:59,622 | INFO | extractor_logger | [DEBUG TECNICO] Cantidad de procesadores: 1
2026-02-24 15:10:59,668 | INFO | extractor_logger | [DEBUG TECNICO] Serie de modelos: MU-IMP
2026-02-24 15:10:59,700 | INFO | extractor_logger | [DEBUG TECNICO] Usos especÃ­ficos del producto: Negocios
2026-02-24 15:10:59,726 | INFO | extractor_logger | [DEBUG TECNICO] UPC: 613310859857
2026-02-24 15:10:59,741 | INFO | extractor_logger | [DEBUG TECNICO] Tipo de tinta de impresora: TÃ©rmico
2026-02-24 15:10:59,761 | INFO | extractor_logger | [DEBUG TECNICO] Capacidad de almacenamiento de memoria: 64 MB
2026-02-24 15:10:59,784 | INFO | extractor_logger | [DEBUG TECNICO] Dimensiones del producto: 4 x 2,8 x 2 pulgadas
2026-02-24 15:10:59,811 | INFO | extractor_logger | [DEBUG TECNICO] ASIN: B07PT5WGSH
2026-02-24 15:10:59,835 | INFO | extractor_logger | [DEBUG TECNICO] NÃºmero de modelo del producto: MU-IMP006-US
2026-02-24 15:10:59,860 | INFO | extractor_logger | [DEBUG TECNICO] OpiniÃ³n media de los clientes: 3.7               3.7 de 5 estrellas         

                         (40)      
                    
                    var dpAcrHasRegisteredArcLinkClickAction;
                    P.when('A', 'ready').execute(function(A) {
                        if (dpAcrHasRegisteredArcLinkClickAction !== true) {
                            dpAcrHasRegisteredArcLinkClickAction = true;
                            A.declarative(
                                'acrLink-click-metrics', 'click',
                                { "allowLinkDefault": true },
                                function (event) {
                                    if (window.ue) {
                                        ue.count("acrLinkClickCount", (ue.count("acrLinkClickCount") || 0) + 1);
                                    }
                                }
                            );
                        }
                    });
                
                 
            P.when('A', 'cf').execute(function(A) {
                A.declarative('acrStarsLink-click-metrics', 'click', { "allowLinkDefault" : true },  function(event){
                    if(window.ue) {
                        ue.count("acrStarsLinkWithPopoverClickCount", (ue.count("acrStarsLinkWithPopoverClickCount") || 0) + 1);
                    }
                });
            });
        

           
       3.7 de 5 estrellas
2026-02-24 15:10:59,883 | INFO | extractor_logger | [DEBUG TECNICO] ClasificaciÃ³n en los mÃ¡s vendidos de Amazon: nÂº327,962 en Productos de Oficina (Ver el Top 100 en Productos de Oficina)  nÂº299 en Impresoras de Recibos
2026-02-24 15:10:59,905 | INFO | extractor_logger | [DEBUG TECNICO] Descatalogado por el fabricante: No
2026-02-24 15:10:59,928 | INFO | extractor_logger | [DEBUG TECNICO] Producto en amazon.com desde: diciembre 28, 2017
2026-02-24 15:10:59,958 | INFO | extractor_logger | [DEBUG TECNICO] Fabricante: MUNBYN
2026-02-24 15:11:01,029 | INFO | extractor_logger | ExtracciÃ³n real completada correctamente.
2026-02-24 15:11:01,030 | INFO | extractor_logger | DEBUG RETURN BULLETS: ['ã€Largo tiempo de esperaã€‘Mini impresora Bluetooth con baterÃ­a recargable de iones de litio de 1500 mAh, el tiempo de espera puede alcanzar de 5 a 6 dÃ­as, con funciÃ³n de apagado automÃ¡tico, funciÃ³n de encendido automÃ¡tico y recordatorio de volumen de baterÃ­a.', 'Compatible con software: la impresora tÃ©rmica mÃ³vil es compatible con Loyverse, iREAP, CasierStock, Kyte, Pozool, ExpressExpense (creador de recibos personalizados, mÃ¡s de 50 estilos de recibos) solo para dispositivos Android.', 'Amplia aplicaciÃ³n: esta impresora Bluetooth se puede utilizar con Android 4.0 IR, acuerdo IRCOMM o acuerdo POS SPP, etc. Cumple con facturas de taxi, recibos de tarifas administrativas, recibos de correos, pedidos de restaurantes e impresiÃ³n de pagos en lÃ­nea.', 'Uso cÃ³modo: la impresora inalÃ¡mbrica de recibos es compatible con dispositivos Android con comandos ESC/POS/STAR, viene con una funda y un cordÃ³n, es fÃ¡cil de transportar y manejar. AdemÃ¡s, se puede utilizar con papel tÃ©rmico de 2.283 in, no necesita tinta o cinta, limpio y ordenado. Por lo tanto, es ideal para negocios de larga distancia o al aire libre.', 'Consejos: no funciona con dispositivos iOS como iPad, iPhones. No es compatible con Square, Gloriafood, Doordash, Grubhub, TabShop lite, Clover, Open Table, O3POS, MobiPOS Lite y Kasse Speedy/PayPal/Intuit Gopayment/Shopify/Lector de tarjetas de crÃ©dito/settle/FileMaker. Confirme con nosotros si es compatible con su solicitud antes de realizar el pedido.']
2026-02-24 15:11:01,031 | INFO | extractor_logger | Iniciando normalizaciÃ³n estructurada del producto.
2026-02-24 15:11:01,031 | INFO | extractor_logger | Referencia encontrada (modelo): MU-IMP006-US
2026-02-24 15:11:01,033 | INFO | extractor_logger | NormalizaciÃ³n estructurada completada correctamente.
2026-02-24 15:11:01,033 | INFO | extractor_logger | Iniciando capa de traducciÃ³n.
2026-02-24 15:11:02,533 | INFO | extractor_logger | TraducciÃ³n completada.
2026-02-24 15:11:02,545 | INFO | extractor_logger | Validacion exitosa del contrato.
2026-02-24 15:11:02,550 | INFO | extractor_logger | Proceso completo finalizado.
2026-02-24 15:15:39,299 | INFO | extractor_logger | URL vÃ¡lida y dominio permitido.
2026-02-24 15:15:39,304 | INFO | extractor_logger | Proveedor detectado: Amazon
2026-02-24 15:15:39,304 | INFO | extractor_logger | Iniciando extracciÃ³n real Amazon con Playwright.
2026-02-24 15:16:04,434 | ERROR | extractor_logger | Error durante extracciÃ³n Amazon.
2026-02-24 15:16:04,434 | ERROR | extractor_logger | Page.wait_for_selector: Target page, context or browser has been closed
Call log:
  - waiting for locator("#productTitle") to be visible

2026-02-24 15:16:04,435 | INFO | extractor_logger | Iniciando normalizaciÃ³n estructurada del producto.
2026-02-24 15:16:04,435 | INFO | extractor_logger | Referencia encontrada (ASIN URL fallback): B07FJ5CP4R
2026-02-24 15:16:04,436 | INFO | extractor_logger | NormalizaciÃ³n estructurada completada correctamente.
2026-02-24 15:16:04,436 | INFO | extractor_logger | Iniciando capa de traducciÃ³n.
2026-02-24 15:16:05,219 | INFO | extractor_logger | TraducciÃ³n completada.
2026-02-24 15:16:05,232 | ERROR | extractor_logger | Error de validacion del contrato.
2026-02-24 15:16:05,242 | ERROR | extractor_logger | 1 validation error for ProductoContrato
marca
  Input should be a valid string [type=string_type, input_value=None, input_type=NoneType]
    For further information visit https://errors.pydantic.dev/2.12/v/string_type
2026-02-24 15:16:05,246 | INFO | extractor_logger | Proceso completo finalizado.
2026-02-24 15:20:50,625 | INFO | extractor_logger | URL vÃ¡lida y dominio permitido.
2026-02-24 15:20:50,630 | INFO | extractor_logger | Proveedor detectado: Amazon
2026-02-24 15:20:50,630 | INFO | extractor_logger | Iniciando extracciÃ³n real Amazon con Playwright.
2026-02-24 15:21:07,874 | INFO | extractor_logger | [PRECIO DETECTADO] US$64.99
2026-02-24 15:21:07,932 | INFO | extractor_logger | [DEBUG BULLETS] Total encontrados: 5
2026-02-24 15:21:08,007 | INFO | extractor_logger | [DEBUG BULLET] Radios FRS: sin licencia y compatibles con todas las radios de dos vÃ­as FRS
2026-02-24 15:21:08,036 | INFO | extractor_logger | [DEBUG BULLET] FÃ¡cil emparejamiento y pantalla retroiluminada
2026-02-24 15:21:08,054 | INFO | extractor_logger | [DEBUG BULLET] 22 canales - 121 CÃ³digos de privacidad
2026-02-24 15:21:08,076 | INFO | extractor_logger | [DEBUG BULLET] Doble alimentaciÃ³n y carga USB para aproximadamente 18 horas de duraciÃ³n de la baterÃ­a con baterÃ­a de 800 mAh incluida
2026-02-24 15:21:08,096 | INFO | extractor_logger | [DEBUG BULLET] Radio MeteorolÃ³gica NOAA y Alertas
2026-02-24 15:21:08,157 | INFO | extractor_logger | [DEBUG TECNICO] Dimensiones del producto: 1,22 x 2,11 x 6,49 pulgadas
2026-02-24 15:21:08,175 | INFO | extractor_logger | [DEBUG TECNICO] ASIN: B0916L8D3C
2026-02-24 15:21:08,193 | INFO | extractor_logger | [DEBUG TECNICO] NÃºmero de modelo del producto: T270
2026-02-24 15:21:08,209 | INFO | extractor_logger | [DEBUG TECNICO] Pilas: 3 AA necesaria(s), incluida(s)
2026-02-24 15:21:08,230 | INFO | extractor_logger | [DEBUG TECNICO] OpiniÃ³n media de los clientes: 4.3               4.3 de 5 estrellas         

                         (1,675)      
                    
                    var dpAcrHasRegisteredArcLinkClickAction;
                    P.when('A', 'ready').execute(function(A) {
                        if (dpAcrHasRegisteredArcLinkClickAction !== true) {
                            dpAcrHasRegisteredArcLinkClickAction = true;
                            A.declarative(
                                'acrLink-click-metrics', 'click',
                                { "allowLinkDefault": true },
                                function (event) {
                                    if (window.ue) {
                                        ue.count("acrLinkClickCount", (ue.count("acrLinkClickCount") || 0) + 1);
                                    }
                                }
                            );
                        }
                    });
                
                 
            P.when('A', 'cf').execute(function(A) {
                A.declarative('acrStarsLink-click-metrics', 'click', { "allowLinkDefault" : true },  function(event){
                    if(window.ue) {
                        ue.count("acrStarsLinkWithPopoverClickCount", (ue.count("acrStarsLinkWithPopoverClickCount") || 0) + 1);
                    }
                });
            });
        

           
       4.3 de 5 estrellas
2026-02-24 15:21:08,256 | INFO | extractor_logger | [DEBUG TECNICO] ClasificaciÃ³n en los mÃ¡s vendidos de Amazon: nÂº30 en Equipos Transmisores-receptores de RadiocomunicaciÃ³n
2026-02-24 15:21:08,289 | INFO | extractor_logger | [DEBUG TECNICO] TecnologÃ­as de conectividad: usb
2026-02-24 15:21:08,312 | INFO | extractor_logger | [DEBUG TECNICO] CaracterÃ­sticas especiales: Silenciador automÃ¡tico
2026-02-24 15:21:08,344 | INFO | extractor_logger | [DEBUG TECNICO] Otras caracterÃ­sticas de pantalla: InalÃ¡mbrico
2026-02-24 15:21:08,371 | INFO | extractor_logger | [DEBUG TECNICO] Color: Negro/Azul
2026-02-24 15:21:08,402 | INFO | extractor_logger | [DEBUG TECNICO] Â¿QuÃ© hay en la caja?: 16 pegatinas de personalizaciÃ³n, 2 radios, 2 clips de cinturÃ³n, Adaptador de carga de cable 1 Y con conectores micro USB duales, 1 cargador USB Ãºnico, BaterÃ­a, Manual de usuario
2026-02-24 15:21:08,429 | INFO | extractor_logger | [DEBUG TECNICO] Fabricante: Motorola Solutions
2026-02-24 15:21:08,458 | INFO | extractor_logger | [DEBUG TECNICO] Producto en amazon.com desde: marzo 26, 2021
2026-02-24 15:21:09,612 | INFO | extractor_logger | ExtracciÃ³n real completada correctamente.
2026-02-24 15:21:09,612 | INFO | extractor_logger | DEBUG RETURN BULLETS: ['Radios FRS: sin licencia y compatibles con todas las radios de dos vÃ­as FRS', 'FÃ¡cil emparejamiento y pantalla retroiluminada', '22 canales - 121 CÃ³digos de privacidad', 'Doble alimentaciÃ³n y carga USB para aproximadamente 18 horas de duraciÃ³n de la baterÃ­a con baterÃ­a de 800 mAh incluida', 'Radio MeteorolÃ³gica NOAA y Alertas']
2026-02-24 15:21:09,613 | INFO | extractor_logger | Iniciando normalizaciÃ³n estructurada del producto.
2026-02-24 15:21:09,613 | INFO | extractor_logger | Referencia encontrada (modelo): T270
2026-02-24 15:21:09,616 | INFO | extractor_logger | NormalizaciÃ³n estructurada completada correctamente.
2026-02-24 15:21:09,617 | INFO | extractor_logger | Iniciando capa de traducciÃ³n.
2026-02-24 15:21:11,148 | INFO | extractor_logger | TraducciÃ³n completada.
2026-02-24 15:21:11,162 | INFO | extractor_logger | Validacion exitosa del contrato.
2026-02-24 15:21:11,166 | INFO | extractor_logger | Proceso completo finalizado.
2026-02-24 15:54:56,287 | INFO | extractor_logger | URL vÃ¡lida y dominio permitido.
2026-02-24 15:54:56,291 | INFO | extractor_logger | Proveedor detectado: Amazon
2026-02-24 15:54:56,291 | INFO | extractor_logger | Iniciando extracciÃ³n real Amazon con Playwright.
2026-02-24 15:55:11,243 | INFO | extractor_logger | [PRECIO DETECTADO] US$69.99
2026-02-24 15:55:11,360 | INFO | extractor_logger | [DEBUG BULLETS] Total encontrados: 5
2026-02-24 15:55:11,384 | INFO | extractor_logger | [DEBUG BULLET] ã€Largo tiempo de esperaã€‘Mini impresora Bluetooth con baterÃ­a recargable de iones de litio de 1500 mAh, el tiempo de espera puede alcanzar de 5 a 6 dÃ­as, con funciÃ³n de apagado automÃ¡tico, funciÃ³n de encendido automÃ¡tico y recordatorio de volumen de baterÃ­a.
2026-02-24 15:55:11,421 | INFO | extractor_logger | [DEBUG BULLET] Compatible con software: la impresora tÃ©rmica mÃ³vil es compatible con Loyverse, iREAP, CasierStock, Kyte, Pozool, ExpressExpense (creador de recibos personalizados, mÃ¡s de 50 estilos de recibos) solo para dispositivos Android.
2026-02-24 15:55:11,451 | INFO | extractor_logger | [DEBUG BULLET] Amplia aplicaciÃ³n: esta impresora Bluetooth se puede utilizar con Android 4.0 IR, acuerdo IRCOMM o acuerdo POS SPP, etc. Cumple con facturas de taxi, recibos de tarifas administrativas, recibos de correos, pedidos de restaurantes e impresiÃ³n de pagos en lÃ­nea.
2026-02-24 15:55:11,545 | INFO | extractor_logger | [DEBUG BULLET] Uso cÃ³modo: la impresora inalÃ¡mbrica de recibos es compatible con dispositivos Android con comandos ESC/POS/STAR, viene con una funda y un cordÃ³n, es fÃ¡cil de transportar y manejar. AdemÃ¡s, se puede utilizar con papel tÃ©rmico de 2.283 in, no necesita tinta o cinta, limpio y ordenado. Por lo tanto, es ideal para negocios de larga distancia o al aire libre.
2026-02-24 15:55:11,570 | INFO | extractor_logger | [DEBUG BULLET] Consejos: no funciona con dispositivos iOS como iPad, iPhones. No es compatible con Square, Gloriafood, Doordash, Grubhub, TabShop lite, Clover, Open Table, O3POS, MobiPOS Lite y Kasse Speedy/PayPal/Intuit Gopayment/Shopify/Lector de tarjetas de crÃ©dito/settle/FileMaker. Confirme con nosotros si es compatible con su solicitud antes de realizar el pedido.
2026-02-24 15:55:11,632 | INFO | extractor_logger | [DEBUG TECNICO] TamaÃ±o mÃ¡ximo del medio de impresiÃ³n: 58mm
2026-02-24 15:55:11,675 | INFO | extractor_logger | [DEBUG TECNICO] Componentes incluidos: Estuche, cordÃ³n
2026-02-24 15:55:11,717 | INFO | extractor_logger | [DEBUG TECNICO] Medios impresos: Papel tÃ©rmico
2026-02-24 15:55:11,758 | INFO | extractor_logger | [DEBUG TECNICO] Tipo de escÃ¡ner: PortÃ¡til
2026-02-24 15:55:11,790 | INFO | extractor_logger | [DEBUG TECNICO] Capacidad mÃ¡xima de hoja de entrada: 384
2026-02-24 15:55:11,825 | INFO | extractor_logger | [DEBUG TECNICO] Velocidad mÃ¡xima de copia (blanco y negro): 1 PÃ¡ginas por minuto
2026-02-24 15:55:11,857 | INFO | extractor_logger | [DEBUG TECNICO] Dispositivos compatibles: Tabletas
2026-02-24 15:55:11,884 | INFO | extractor_logger | [DEBUG TECNICO] MÃ¡xima resoluciÃ³n de impresiÃ³n a color: 203 DPI
2026-02-24 15:55:11,902 | INFO | extractor_logger | [DEBUG TECNICO] TamaÃ±o de la lÃ¡mina: 58 millimeters
2026-02-24 15:55:11,923 | INFO | extractor_logger | [DEBUG TECNICO] ResoluciÃ³n mÃ¡xima de impresiÃ³n en blanco y negro: 203 x 203 DPI
2026-02-24 15:55:11,957 | INFO | extractor_logger | [DEBUG TECNICO] Tipo de garantÃ­a: GarantÃ­a limitada
2026-02-24 15:55:11,995 | INFO | extractor_logger | [DEBUG TECNICO] Profundidad de color: 24 BPP
2026-02-24 15:55:12,028 | INFO | extractor_logger | [DEBUG TECNICO] ImpresiÃ³n a doble cara: No
2026-02-24 15:55:12,065 | INFO | extractor_logger | [DEBUG TECNICO] Potencia: 1500 milliamp_hours
2026-02-24 15:55:12,097 | INFO | extractor_logger | [DEBUG TECNICO] Negro-blanco de resoluciÃ³n mÃ¡xima de copia: 203 x 203 DPI
2026-02-24 15:55:12,126 | INFO | extractor_logger | [DEBUG TECNICO] DÃºplex: Simplex
2026-02-24 15:55:12,155 | INFO | extractor_logger | [DEBUG TECNICO] Interfaz de hardware: Bluetooth
2026-02-24 15:55:12,185 | INFO | extractor_logger | [DEBUG TECNICO] Funciones Adicionales de la Impresora: Solo imprimir
2026-02-24 15:55:12,210 | INFO | extractor_logger | [DEBUG TECNICO] MÃ©todo de control: AplicaciÃ³n
2026-02-24 15:55:12,244 | INFO | extractor_logger | [DEBUG TECNICO] Cantidad de procesadores: 1
2026-02-24 15:55:12,271 | INFO | extractor_logger | [DEBUG TECNICO] Serie de modelos: MU-IMP
2026-02-24 15:55:12,317 | INFO | extractor_logger | [DEBUG TECNICO] Usos especÃ­ficos del producto: Negocios
2026-02-24 15:55:12,346 | INFO | extractor_logger | [DEBUG TECNICO] UPC: 613310859857
2026-02-24 15:55:12,377 | INFO | extractor_logger | [DEBUG TECNICO] Tipo de tinta de impresora: TÃ©rmico
2026-02-24 15:55:12,413 | INFO | extractor_logger | [DEBUG TECNICO] Capacidad de almacenamiento de memoria: 64 MB
2026-02-24 15:55:12,443 | INFO | extractor_logger | [DEBUG TECNICO] Dimensiones del producto: 4 x 2,8 x 2 pulgadas
2026-02-24 15:55:12,475 | INFO | extractor_logger | [DEBUG TECNICO] ASIN: B07PT5WGSH
2026-02-24 15:55:12,512 | INFO | extractor_logger | [DEBUG TECNICO] NÃºmero de modelo del producto: MU-IMP006-US
2026-02-24 15:55:12,568 | INFO | extractor_logger | [DEBUG TECNICO] OpiniÃ³n media de los clientes: 3.7               3.7 de 5 estrellas         

                         (40)      
                    
                    var dpAcrHasRegisteredArcLinkClickAction;
                    P.when('A', 'ready').execute(function(A) {
                        if (dpAcrHasRegisteredArcLinkClickAction !== true) {
                            dpAcrHasRegisteredArcLinkClickAction = true;
                            A.declarative(
                                'acrLink-click-metrics', 'click',
                                { "allowLinkDefault": true },
                                function (event) {
                                    if (window.ue) {
                                        ue.count("acrLinkClickCount", (ue.count("acrLinkClickCount") || 0) + 1);
                                    }
                                }
                            );
                        }
                    });
                
                 
            P.when('A', 'cf').execute(function(A) {
                A.declarative('acrStarsLink-click-metrics', 'click', { "allowLinkDefault" : true },  function(event){
                    if(window.ue) {
                        ue.count("acrStarsLinkWithPopoverClickCount", (ue.count("acrStarsLinkWithPopoverClickCount") || 0) + 1);
                    }
                });
            });
        

           
       3.7 de 5 estrellas
2026-02-24 15:55:12,640 | INFO | extractor_logger | [DEBUG TECNICO] ClasificaciÃ³n en los mÃ¡s vendidos de Amazon: nÂº327,962 en Productos de Oficina (Ver el Top 100 en Productos de Oficina)  nÂº299 en Impresoras de Recibos
2026-02-24 15:55:12,731 | INFO | extractor_logger | [DEBUG TECNICO] Descatalogado por el fabricante: No
2026-02-24 15:55:12,792 | INFO | extractor_logger | [DEBUG TECNICO] Producto en amazon.com desde: diciembre 28, 2017
2026-02-24 15:55:12,838 | INFO | extractor_logger | [DEBUG TECNICO] Fabricante: MUNBYN
2026-02-24 15:55:14,367 | INFO | extractor_logger | ExtracciÃ³n real completada correctamente.
2026-02-24 15:55:14,368 | INFO | extractor_logger | DEBUG RETURN BULLETS: ['ã€Largo tiempo de esperaã€‘Mini impresora Bluetooth con baterÃ­a recargable de iones de litio de 1500 mAh, el tiempo de espera puede alcanzar de 5 a 6 dÃ­as, con funciÃ³n de apagado automÃ¡tico, funciÃ³n de encendido automÃ¡tico y recordatorio de volumen de baterÃ­a.', 'Compatible con software: la impresora tÃ©rmica mÃ³vil es compatible con Loyverse, iREAP, CasierStock, Kyte, Pozool, ExpressExpense (creador de recibos personalizados, mÃ¡s de 50 estilos de recibos) solo para dispositivos Android.', 'Amplia aplicaciÃ³n: esta impresora Bluetooth se puede utilizar con Android 4.0 IR, acuerdo IRCOMM o acuerdo POS SPP, etc. Cumple con facturas de taxi, recibos de tarifas administrativas, recibos de correos, pedidos de restaurantes e impresiÃ³n de pagos en lÃ­nea.', 'Uso cÃ³modo: la impresora inalÃ¡mbrica de recibos es compatible con dispositivos Android con comandos ESC/POS/STAR, viene con una funda y un cordÃ³n, es fÃ¡cil de transportar y manejar. AdemÃ¡s, se puede utilizar con papel tÃ©rmico de 2.283 in, no necesita tinta o cinta, limpio y ordenado. Por lo tanto, es ideal para negocios de larga distancia o al aire libre.', 'Consejos: no funciona con dispositivos iOS como iPad, iPhones. No es compatible con Square, Gloriafood, Doordash, Grubhub, TabShop lite, Clover, Open Table, O3POS, MobiPOS Lite y Kasse Speedy/PayPal/Intuit Gopayment/Shopify/Lector de tarjetas de crÃ©dito/settle/FileMaker. Confirme con nosotros si es compatible con su solicitud antes de realizar el pedido.']
2026-02-24 15:55:14,368 | INFO | extractor_logger | Iniciando normalizaciÃ³n estructurada del producto.
2026-02-24 15:55:14,369 | INFO | extractor_logger | Referencia encontrada (modelo): MU-IMP006-US
2026-02-24 15:55:14,371 | INFO | extractor_logger | NormalizaciÃ³n estructurada completada correctamente.
2026-02-24 15:55:14,371 | INFO | extractor_logger | Iniciando capa de traducciÃ³n.
2026-02-24 15:55:16,224 | INFO | extractor_logger | TraducciÃ³n completada.
2026-02-24 15:55:16,234 | INFO | extractor_logger | Validacion exitosa del contrato.
2026-02-24 15:55:16,238 | INFO | extractor_logger | Proceso completo finalizado.
2026-02-25 07:42:28,927 | WARNING | extractor_logger | URL con formato invÃ¡lido.
2026-02-25 07:42:28,931 | ERROR | extractor_logger | ValidaciÃ³n de entrada fallida.
2026-02-25 07:42:57,078 | WARNING | extractor_logger | URL vacÃ­a recibida.
2026-02-25 07:42:57,093 | ERROR | extractor_logger | ValidaciÃ³n de entrada fallida.
2026-02-25 07:43:43,010 | WARNING | extractor_logger | URL con formato invÃ¡lido.
2026-02-25 07:43:43,015 | ERROR | extractor_logger | ValidaciÃ³n de entrada fallida.
2026-02-25 07:43:50,638 | INFO | extractor_logger | URL vÃ¡lida y dominio permitido.
2026-02-25 07:43:50,641 | INFO | extractor_logger | Proveedor detectado: Amazon
2026-02-25 07:43:50,652 | INFO | extractor_logger | Iniciando extracciÃ³n real Amazon con Playwright.
2026-02-25 07:44:25,642 | INFO | extractor_logger | [PRECIO DETECTADO] US$229.00
2026-02-25 07:44:25,851 | INFO | extractor_logger | [DEBUG BULLETS] Total encontrados: 5
2026-02-25 07:44:25,873 | INFO | extractor_logger | [DEBUG BULLET] Wi-Fi habilitado: controla sin esfuerzo tu deshumidificador portÃ¡til desde cualquier lugar con la aplicaciÃ³n Frigidaire o conÃ©ctalo a tus dispositivos Amazon Alexa o Google Home para una gestiÃ³n inteligente de la humedad con manos libres
2026-02-25 07:44:25,914 | INFO | extractor_logger | [DEBUG BULLET] Monitoreo de la calidad del aire interior: controla fÃ¡cilmente la calidad del aire de tu habitaciÃ³n con el sensor integrado, que proporciona actualizaciones a travÃ©s de la interfaz de usuario o la aplicaciÃ³n Frigidaire
2026-02-25 07:44:25,975 | INFO | extractor_logger | [DEBUG BULLET] Rendimiento de eficiencia energÃ©tica: este deshumidificador certificado Energy Star utiliza menos energÃ­a para ofrecer un potente control de humedad, lo que le ayuda a reducir el uso de energÃ­a y reducir sus facturas de servicios pÃºblicos
2026-02-25 07:44:26,027 | INFO | extractor_logger | [DEBUG BULLET] Opciones de drenaje convenientes: Elige entre dos mÃ©todos de drenaje de agua sin complicaciones: usa el cubo de agua fÃ¡cil de transportar para una extracciÃ³n manual rÃ¡pida o la opciÃ³n de drenaje continuo para evitar vaciar el cubo
2026-02-25 07:44:26,064 | INFO | extractor_logger | [DEBUG BULLET] Control de humedad sin esfuerzo: Personaliza tus ajustes de humedad con facilidad, disfruta del apagado automÃ¡tico cuando el depÃ³sito de agua estÃ¡ lleno para un funcionamiento sin preocupaciones y garantiza comodidad incluso en espacios frÃ­os gracias al rendimiento eficiente a baja temperatura hasta tan solo 41Â°F
2026-02-25 07:44:26,187 | INFO | extractor_logger | [DEBUG TECNICO] Marca: Frigidaire
2026-02-25 07:44:26,217 | INFO | extractor_logger | [DEBUG TECNICO] Ãrea de piso: 4500
2026-02-25 07:44:26,268 | INFO | extractor_logger | [DEBUG TECNICO] Color: Blanco
2026-02-25 07:44:26,315 | INFO | extractor_logger | [DEBUG TECNICO] CaracterÃ­sticas especiales: Drenaje continuo, EliminaciÃ³n automÃ¡tica de humedad, Programable
2026-02-25 07:44:26,358 | INFO | extractor_logger | [DEBUG TECNICO] Capacidad: 50 Pintas
2026-02-25 07:44:26,401 | INFO | extractor_logger | [DEBUG TECNICO] Volumen del tanque: 2,11 Galones
2026-02-25 07:44:26,447 | INFO | extractor_logger | [DEBUG TECNICO] Dimensiones del producto: 12,19"prof. x 24,25"an. x 24,25"al. pulgadas
2026-02-25 07:44:26,499 | INFO | extractor_logger | [DEBUG TECNICO] Usos Recomendados Para Producto: Residencial
2026-02-25 07:44:26,559 | INFO | extractor_logger | [DEBUG TECNICO] Componentes incluidos: Filtro.
2026-02-25 07:44:26,603 | INFO | extractor_logger | [DEBUG TECNICO] Peso del artÃ­culo: 44,53 Libras
2026-02-25 07:44:26,642 | INFO | extractor_logger | [DEBUG TECNICO] Nombre del modelo: GHDD5035W1
2026-02-25 07:44:26,686 | INFO | extractor_logger | [DEBUG TECNICO] Modo de operaciÃ³n: Confort
2026-02-25 07:44:26,721 | INFO | extractor_logger | [DEBUG TECNICO] Capacidad de eliminaciÃ³n de humedad: 50 Pintas por dÃ­a
2026-02-25 07:44:26,759 | INFO | extractor_logger | [DEBUG TECNICO] Fabricante: Frigidaire
2026-02-25 07:44:26,802 | INFO | extractor_logger | [DEBUG TECNICO] Smart Home Compatibility: Smart Home Compatible
2026-02-25 07:44:26,839 | INFO | extractor_logger | [DEBUG TECNICO] UPC: 012505285783
2026-02-25 07:44:26,887 | INFO | extractor_logger | [DEBUG TECNICO] ASIN: B0DFZL974Q
2026-02-25 07:44:26,935 | INFO | extractor_logger | [DEBUG TECNICO] NÃºmero de modelo del producto: GHDD5035W1
2026-02-25 07:44:26,973 | INFO | extractor_logger | [DEBUG TECNICO] OpiniÃ³n media de los clientes: 4.2               4.2 de 5 estrellas         

                         (98)      
                    
                    var dpAcrHasRegisteredArcLinkClickAction;
                    P.when('A', 'ready').execute(function(A) {
                        if (dpAcrHasRegisteredArcLinkClickAction !== true) {
                            dpAcrHasRegisteredArcLinkClickAction = true;
                            A.declarative(
                                'acrLink-click-metrics', 'click',
                                { "allowLinkDefault": true },
                                function (event) {
                                    if (window.ue) {
                                        ue.count("acrLinkClickCount", (ue.count("acrLinkClickCount") || 0) + 1);
                                    }
                                }
                            );
                        }
                    });
                
                 
            P.when('A', 'cf').execute(function(A) {
                A.declarative('acrStarsLink-click-metrics', 'click', { "allowLinkDefault" : true },  function(event){
                    if(window.ue) {
                        ue.count("acrStarsLinkWithPopoverClickCount", (ue.count("acrStarsLinkWithPopoverClickCount") || 0) + 1);
                    }
                });
            });
        

           
       4.2 de 5 estrellas
2026-02-25 07:44:27,009 | INFO | extractor_logger | [DEBUG TECNICO] ClasificaciÃ³n en los mÃ¡s vendidos de Amazon: nÂº240,878 en Hogar y Cocina (Ver el Top 100 en Hogar y Cocina)  nÂº321 en Deshumidificadores
2026-02-25 07:44:27,065 | INFO | extractor_logger | [DEBUG TECNICO] Se requiere ensamblaje: No
2026-02-25 07:44:27,122 | INFO | extractor_logger | [DEBUG TECNICO] Requiere baterÃ­as: No
2026-02-25 07:44:30,085 | INFO | extractor_logger | ExtracciÃ³n real completada correctamente.
2026-02-25 07:44:30,085 | INFO | extractor_logger | DEBUG RETURN BULLETS: ['Wi-Fi habilitado: controla sin esfuerzo tu deshumidificador portÃ¡til desde cualquier lugar con la aplicaciÃ³n Frigidaire o conÃ©ctalo a tus dispositivos Amazon Alexa o Google Home para una gestiÃ³n inteligente de la humedad con manos libres', 'Monitoreo de la calidad del aire interior: controla fÃ¡cilmente la calidad del aire de tu habitaciÃ³n con el sensor integrado, que proporciona actualizaciones a travÃ©s de la interfaz de usuario o la aplicaciÃ³n Frigidaire', 'Rendimiento de eficiencia energÃ©tica: este deshumidificador certificado Energy Star utiliza menos energÃ­a para ofrecer un potente control de humedad, lo que le ayuda a reducir el uso de energÃ­a y reducir sus facturas de servicios pÃºblicos', 'Opciones de drenaje convenientes: Elige entre dos mÃ©todos de drenaje de agua sin complicaciones: usa el cubo de agua fÃ¡cil de transportar para una extracciÃ³n manual rÃ¡pida o la opciÃ³n de drenaje continuo para evitar vaciar el cubo', 'Control de humedad sin esfuerzo: Personaliza tus ajustes de humedad con facilidad, disfruta del apagado automÃ¡tico cuando el depÃ³sito de agua estÃ¡ lleno para un funcionamiento sin preocupaciones y garantiza comodidad incluso en espacios frÃ­os gracias al rendimiento eficiente a baja temperatura hasta tan solo 41Â°F']
2026-02-25 07:44:30,086 | INFO | extractor_logger | Iniciando normalizaciÃ³n estructurada del producto.
2026-02-25 07:44:30,086 | INFO | extractor_logger | Referencia encontrada (modelo): GHDD5035W1
2026-02-25 07:44:30,089 | INFO | extractor_logger | NormalizaciÃ³n estructurada completada correctamente.
2026-02-25 07:44:30,089 | INFO | extractor_logger | Iniciando capa de traducciÃ³n.
2026-02-25 07:44:31,907 | INFO | extractor_logger | TraducciÃ³n completada.
2026-02-25 07:44:31,933 | INFO | extractor_logger | Validacion exitosa del contrato.
2026-02-25 07:44:31,941 | INFO | extractor_logger | Proceso completo finalizado.
2026-02-25 08:44:23,598 | WARNING | extractor_logger | URL con formato invÃ¡lido.
2026-02-25 08:44:23,602 | ERROR | extractor_logger | ValidaciÃ³n de entrada fallida.
2026-02-25 08:44:44,203 | INFO | extractor_logger | URL vÃ¡lida y dominio permitido.
2026-02-25 08:44:44,204 | INFO | extractor_logger | Proveedor detectado: Amazon
2026-02-25 08:44:44,205 | INFO | extractor_logger | Iniciando extracciÃ³n real Amazon con Playwright.
2026-02-25 08:44:58,735 | INFO | extractor_logger | [PRECIO DETECTADO] US$599.97
2026-02-25 08:44:58,765 | INFO | extractor_logger | [DEBUG BULLETS] Total encontrados: 7
2026-02-25 08:44:58,774 | INFO | extractor_logger | [DEBUG BULLET] ã€Deshumidificador de Espacio de Rastreo de 158 Pintasã€‘El deshumidificador Waykar para toda la casa elimina hasta 158 pintas de humedad por dÃ­a (bajo 95Â°F, 90% RH), cubriendo hasta 6,500 pies cuad. pies. Con un potente flujo de aire de 206 CFM y un motor sin escobillas de alta eficiencia, ofrece un control de humedad ajustable del 10% al 98% de HR, proporcionando un mejor control que la mayorÃ­a de los dispositivos (30%-80% de HR). Ideal para uso comercial, industrial, espacios de acceso restringido, sÃ³tanos, garajes y almacenes.
2026-02-25 08:44:58,786 | INFO | extractor_logger | [DEBUG BULLET] ã€Control remoto para un ajuste fÃ¡cil de la humedadã€‘Este deshumidificador comercial para espacios reducidos incluye un panel de control de alto rendimiento, que normalmente cuesta $100 adicionales en otros modelos. El panel ofrece una flexibilidad de instalaciÃ³n excepcional, permitiÃ©ndole ajustar remotamente la humedad, ya sea que la unidad estÃ© en un espacio de acceso estrecho o en un sÃ³tano espacioso. El control remoto se puede instalar hasta 32.8 pies de distancia, minimizando la necesidad de acceso frecuente a Ã¡reas hÃºmedas y resbaladizas, mejorando tanto la comodidad como la seguridad.
2026-02-25 08:44:58,804 | INFO | extractor_logger | [DEBUG BULLET] ã€DiseÃ±o de conducto dual para un mejor valorã€‘Este deshumidificador todo en uno tiene un diseÃ±o de conducto dual con entradas y salidas ductadas separadas, a diferencia de la mayorÃ­a de los modelos que solo tienen una salida ductada. Muchos modelos de doble conducto en el mercado cuestan mÃ¡s de $1400. Este tipo de deshumidificador es mÃ¡s adecuado para la deshumidificaciÃ³n de toda la casa de los sistemas de HVAC. Este diseÃ±o mejora el flujo de aire, el control de la humedad y la gestiÃ³n del calor, haciÃ©ndolo eficiente y adaptable a una variedad de entornos.
2026-02-25 08:44:58,818 | INFO | extractor_logger | [DEBUG BULLET] ã€Control preciso con sensor de humedadã€‘Equipado con un sensor de humedad de 16.4 pies, este deshumidificador de Ã¡tico proporciona detecciÃ³n de nivel de milisegundos para un control preciso de la humedad y ajustes (Nota: asegÃºrate de instalar un sensor de humedad, solo entonces todas las funciones automatizadas de la mÃ¡quina funcionarÃ¡n correctamente). El deshumidificador estÃ¡ certificado por TUV, un estÃ¡ndar mÃ¡s riguroso que la mayorÃ­a de las certificaciones, lo que garantiza un rendimiento y fiabilidad de primer nivel.
2026-02-25 08:44:58,830 | INFO | extractor_logger | [DEBUG BULLET] FÃ¡cil drenaje y descongelaciÃ³n automÃ¡tica: este deshumidificador de sÃ³tano garantiza un drenaje continuo sin esfuerzo. Simplemente coloca la unidad sobre un drenaje de suelo, conecta la manguera de drenaje incluida de 9,84 pies y disfruta de una eliminaciÃ³n eficiente de la humedad sin interrupciones. TambiÃ©n cuenta con descongelaciÃ³n automÃ¡tica, protecciÃ³n contra sobrecarga, memoria de apagado, un temporizador de 24 horas y drenaje continuo ajustable a travÃ©s del panel de control, proporcionando una comodidad y fiabilidad excepcionales para aplicaciones comerciales y residenciales.
2026-02-25 08:44:58,852 | INFO | extractor_logger | [DEBUG BULLET] ã€Opciones de instalaciÃ³n flexiblesã€‘Este deshumidificador estÃ¡ diseÃ±ado cuidadosamente con una columna para enrollar el cable para un almacenamiento ordenado, pies ajustables para reducir el ruido y la vibraciÃ³n, y ganchos y asas resistentes para un fÃ¡cil transporte. Estas caracterÃ­sticas garantizan una configuraciÃ³n y operaciÃ³n sin complicaciones, por lo que es ideal para varios escenarios y entornos de instalaciÃ³n.
2026-02-25 08:44:58,873 | INFO | extractor_logger | [DEBUG BULLET] ã€5 aÃ±os de garantÃ­a de calidadã€‘Waykar tiene mÃ¡s de 10 aÃ±os de experiencia en el campo de los deshumidificadores y es una marca lÃ­der del mercado en la industria de los deshumidificadores, proporcionando tecnologÃ­a avanzada, total cumplimiento con los estÃ¡ndares de seguridad elÃ©ctrica TUV y soporte integral. Disfrute de 30 dÃ­as de devoluciÃ³n de dinero, 1 aÃ±o de garantÃ­a completa, 2 aÃ±os de garantÃ­a extendida (como se indica en la Ãºltima pÃ¡gina del manual), 5 aÃ±os de garantÃ­a del compresor y soporte tÃ©cnico de por vida. Ponte en contacto con nosotros por telÃ©fono, correo electrÃ³nico o chat en lÃ­nea.
2026-02-25 08:44:58,950 | INFO | extractor_logger | [DEBUG TECNICO] Marca: â€ŽWaykar
2026-02-25 08:44:58,971 | INFO | extractor_logger | [DEBUG TECNICO] Ãrea de piso: â€Ž7500 Pies cuadrados
2026-02-25 08:44:58,990 | INFO | extractor_logger | [DEBUG TECNICO] Color: â€ŽNegro
2026-02-25 08:44:59,024 | INFO | extractor_logger | [DEBUG TECNICO] CaracterÃ­sticas especiales: â€ŽCon gancho de elevaciÃ³n, DescongelaciÃ³n automÃ¡tica, Panel de control independiente y sensores, Pantalla de filtro desmontable, ProtecciÃ³n contra el sobrecalentamiento
2026-02-25 08:44:59,118 | INFO | extractor_logger | [DEBUG TECNICO] Capacidad: â€Ž158 Pintas
2026-02-25 08:44:59,157 | INFO | extractor_logger | [DEBUG TECNICO] Dimensiones del producto: â€Ž17,57"prof. x 24,8"an. x 14,32"al. pulgadas
2026-02-25 08:44:59,193 | INFO | extractor_logger | [DEBUG TECNICO] Cantidad de velocidades: â€Ž1
2026-02-25 08:44:59,221 | INFO | extractor_logger | [DEBUG TECNICO] Usos Recomendados Para Producto: â€ŽComercial
2026-02-25 08:44:59,239 | INFO | extractor_logger | [DEBUG TECNICO] Componentes incluidos: â€ŽWaykar Deshumidificador de 158 pintas, 1 controlador extraÃ­ble, 1 sensor de humedad, 1 manguera de drenaje de 9.84 pies, 1 cable de alimentaciÃ³n x 1 manual de usuario (idioma espaÃ±ol no garantizado)
2026-02-25 08:44:59,266 | INFO | extractor_logger | [DEBUG TECNICO] Peso del artÃ­culo: â€Ž75,84 Libras
2026-02-25 08:44:59,289 | INFO | extractor_logger | [DEBUG TECNICO] Material: â€ŽMetal
2026-02-25 08:44:59,316 | INFO | extractor_logger | [DEBUG TECNICO] Nombre del modelo: â€ŽAFD2.5D
2026-02-25 08:44:59,337 | INFO | extractor_logger | [DEBUG TECNICO] Potencia: â€Ž530 vatios
2026-02-25 08:44:59,357 | INFO | extractor_logger | [DEBUG TECNICO] Modo de operaciÃ³n: â€ŽContinuo
2026-02-25 08:44:59,390 | INFO | extractor_logger | [DEBUG TECNICO] Capacidad de flujo de aire: â€Ž205,9 Pies cÃºbicos por minuto
2026-02-25 08:44:59,412 | INFO | extractor_logger | [DEBUG TECNICO] ClasificaciÃ³n de temperatura superior: â€Ž100 Grados Fahrenheit
2026-02-25 08:44:59,436 | INFO | extractor_logger | [DEBUG TECNICO] Capacidad de eliminaciÃ³n de humedad: â€Ž19,75 Galones por dÃ­a
2026-02-25 08:44:59,456 | INFO | extractor_logger | [DEBUG TECNICO] Fabricante: â€ŽWaykar
2026-02-25 08:44:59,480 | INFO | extractor_logger | [DEBUG TECNICO] UPC: â€Ž761989744599
2026-02-25 08:44:59,505 | INFO | extractor_logger | [DEBUG TECNICO] AÃ±o de fabricaciÃ³n: â€Ž2022
2026-02-25 08:44:59,527 | INFO | extractor_logger | [DEBUG TECNICO] Voltaje: â€Ž115 Voltios
2026-02-25 08:44:59,558 | INFO | extractor_logger | [DEBUG TECNICO] ASIN: â€ŽB08FWY3YQR
2026-02-25 08:44:59,578 | INFO | extractor_logger | [DEBUG TECNICO] NÃºmero de modelo del producto: â€ŽAFD2.5D
2026-02-25 08:44:59,598 | INFO | extractor_logger | [DEBUG TECNICO] Producto en amazon.com desde: â€Žagosto 14, 2020
2026-02-25 08:45:00,468 | INFO | extractor_logger | ExtracciÃ³n real completada correctamente.
2026-02-25 08:45:00,468 | INFO | extractor_logger | DEBUG RETURN BULLETS: ['ã€Deshumidificador de Espacio de Rastreo de 158 Pintasã€‘El deshumidificador Waykar para toda la casa elimina hasta 158 pintas de humedad por dÃ­a (bajo 95Â°F, 90% RH), cubriendo hasta 6,500 pies cuad. pies. Con un potente flujo de aire de 206 CFM y un motor sin escobillas de alta eficiencia, ofrece un control de humedad ajustable del 10% al 98% de HR, proporcionando un mejor control que la mayorÃ­a de los dispositivos (30%-80% de HR). Ideal para uso comercial, industrial, espacios de acceso restringido, sÃ³tanos, garajes y almacenes.', 'ã€Control remoto para un ajuste fÃ¡cil de la humedadã€‘Este deshumidificador comercial para espacios reducidos incluye un panel de control de alto rendimiento, que normalmente cuesta $100 adicionales en otros modelos. El panel ofrece una flexibilidad de instalaciÃ³n excepcional, permitiÃ©ndole ajustar remotamente la humedad, ya sea que la unidad estÃ© en un espacio de acceso estrecho o en un sÃ³tano espacioso. El control remoto se puede instalar hasta 32.8 pies de distancia, minimizando la necesidad de acceso frecuente a Ã¡reas hÃºmedas y resbaladizas, mejorando tanto la comodidad como la seguridad.', 'ã€DiseÃ±o de conducto dual para un mejor valorã€‘Este deshumidificador todo en uno tiene un diseÃ±o de conducto dual con entradas y salidas ductadas separadas, a diferencia de la mayorÃ­a de los modelos que solo tienen una salida ductada. Muchos modelos de doble conducto en el mercado cuestan mÃ¡s de $1400. Este tipo de deshumidificador es mÃ¡s adecuado para la deshumidificaciÃ³n de toda la casa de los sistemas de HVAC. Este diseÃ±o mejora el flujo de aire, el control de la humedad y la gestiÃ³n del calor, haciÃ©ndolo eficiente y adaptable a una variedad de entornos.', 'ã€Control preciso con sensor de humedadã€‘Equipado con un sensor de humedad de 16.4 pies, este deshumidificador de Ã¡tico proporciona detecciÃ³n de nivel de milisegundos para un control preciso de la humedad y ajustes (Nota: asegÃºrate de instalar un sensor de humedad, solo entonces todas las funciones automatizadas de la mÃ¡quina funcionarÃ¡n correctamente). El deshumidificador estÃ¡ certificado por TUV, un estÃ¡ndar mÃ¡s riguroso que la mayorÃ­a de las certificaciones, lo que garantiza un rendimiento y fiabilidad de primer nivel.', 'FÃ¡cil drenaje y descongelaciÃ³n automÃ¡tica: este deshumidificador de sÃ³tano garantiza un drenaje continuo sin esfuerzo. Simplemente coloca la unidad sobre un drenaje de suelo, conecta la manguera de drenaje incluida de 9,84 pies y disfruta de una eliminaciÃ³n eficiente de la humedad sin interrupciones. TambiÃ©n cuenta con descongelaciÃ³n automÃ¡tica, protecciÃ³n contra sobrecarga, memoria de apagado, un temporizador de 24 horas y drenaje continuo ajustable a travÃ©s del panel de control, proporcionando una comodidad y fiabilidad excepcionales para aplicaciones comerciales y residenciales.', 'ã€Opciones de instalaciÃ³n flexiblesã€‘Este deshumidificador estÃ¡ diseÃ±ado cuidadosamente con una columna para enrollar el cable para un almacenamiento ordenado, pies ajustables para reducir el ruido y la vibraciÃ³n, y ganchos y asas resistentes para un fÃ¡cil transporte. Estas caracterÃ­sticas garantizan una configuraciÃ³n y operaciÃ³n sin complicaciones, por lo que es ideal para varios escenarios y entornos de instalaciÃ³n.', 'ã€5 aÃ±os de garantÃ­a de calidadã€‘Waykar tiene mÃ¡s de 10 aÃ±os de experiencia en el campo de los deshumidificadores y es una marca lÃ­der del mercado en la industria de los deshumidificadores, proporcionando tecnologÃ­a avanzada, total cumplimiento con los estÃ¡ndares de seguridad elÃ©ctrica TUV y soporte integral. Disfrute de 30 dÃ­as de devoluciÃ³n de dinero, 1 aÃ±o de garantÃ­a completa, 2 aÃ±os de garantÃ­a extendida (como se indica en la Ãºltima pÃ¡gina del manual), 5 aÃ±os de garantÃ­a del compresor y soporte tÃ©cnico de por vida. Ponte en contacto con nosotros por telÃ©fono, correo electrÃ³nico o chat en lÃ­nea.']
2026-02-25 08:45:00,469 | INFO | extractor_logger | Iniciando normalizaciÃ³n estructurada del producto.
2026-02-25 08:45:00,469 | INFO | extractor_logger | Referencia encontrada (modelo): â€ŽAFD2.5D
2026-02-25 08:45:00,472 | INFO | extractor_logger | NormalizaciÃ³n estructurada completada correctamente.
2026-02-25 08:45:00,472 | INFO | extractor_logger | Iniciando capa de traducciÃ³n.
2026-02-25 08:45:02,058 | INFO | extractor_logger | TraducciÃ³n completada.
2026-02-25 08:45:02,070 | INFO | extractor_logger | Validacion exitosa del contrato.
2026-02-25 08:45:02,075 | INFO | extractor_logger | Proceso completo finalizado.
2026-02-25 08:54:46,674 | INFO | extractor_logger | URL vÃ¡lida y dominio permitido.
2026-02-25 08:54:46,677 | INFO | extractor_logger | Proveedor detectado: Amazon
2026-02-25 08:54:46,678 | INFO | extractor_logger | Iniciando extracciÃ³n real Amazon con Playwright.
2026-02-25 08:55:02,817 | INFO | extractor_logger | [PRECIO DETECTADO] US$688.99
2026-02-25 08:55:02,873 | INFO | extractor_logger | [DEBUG BULLETS] Total encontrados: 5
2026-02-25 08:55:02,882 | INFO | extractor_logger | [DEBUG BULLET] DLSS es un revolucionario conjunto de tecnologÃ­as de renderizado neuronal que utiliza IA para aumentar los FPS, reducir la latencia y mejorar la calidad de imagen.
2026-02-25 08:55:02,966 | INFO | extractor_logger | [DEBUG BULLET] NÃºcleos Tensor de quinta generaciÃ³n, nuevos multiprocesadores de streaming, nÃºcleos de trazado de rayos de cuarta generaciÃ³n
2026-02-25 08:55:02,982 | INFO | extractor_logger | [DEBUG BULLET] Las tecnologÃ­as Reflex optimizan la canalizaciÃ³n de grÃ¡ficos para obtener la mÃ¡xima capacidad de respuesta, proporcionando una adquisiciÃ³n de objetivos mÃ¡s rÃ¡pida, tiempos de reacciÃ³n mÃ¡s rÃ¡pidos y precisiÃ³n de punterÃ­a mejorada en juegos competitivos.
2026-02-25 08:55:02,992 | INFO | extractor_logger | [DEBUG BULLET] Actualiza a IA avanzada con las GPU NVIDIA GeForce RTX y acelera tus juegos, creaciÃ³n, productividad y desarrollo. Gracias a los procesadores AI incorporados, obtienes tecnologÃ­a AI lÃ­der mundial que impulsa tu PC con Windows.
2026-02-25 08:55:03,005 | INFO | extractor_logger | [DEBUG BULLET] Experimenta aceleraciones RTX en las mejores aplicaciones creativas, controladores NVIDIA Studio de clase mundial diseÃ±ados y actualizados continuamente para proporcionar la mÃ¡xima estabilidad, y un conjunto de herramientas exclusivas que aprovechan la potencia de RTX para flujos de trabajo creativos asistidos por IA.
2026-02-25 08:55:03,042 | INFO | extractor_logger | [DEBUG TECNICO] MÃ¡xima resoluciÃ³n de pantalla: â€Ž7680x4320
2026-02-25 08:55:03,175 | INFO | extractor_logger | [DEBUG TECNICO] Velocidad de memoria: â€Ž2325 MHz
2026-02-25 08:55:03,214 | INFO | extractor_logger | [DEBUG TECNICO] Coprocesador de grÃ¡ficos: â€ŽNVIDIA GeForce RTX 5070
2026-02-25 08:55:03,246 | INFO | extractor_logger | [DEBUG TECNICO] Marca Chipset: â€ŽNVIDIA
2026-02-25 08:55:03,281 | INFO | extractor_logger | [DEBUG TECNICO] DescripciÃ³n de la tarjeta: â€ŽPNY NVIDIA GeForce RTX 5070 con 12 GB GDDR7, arquitectura Blackwell, 6.144 nÃºcleos CUDA, reloj base de 2.16 GHz, TDP de 250 W, soporte de 4 pantallas, interfaz de memoria de 192 bits, ancho de banda de memoria de hasta 672 GB/s, velocidad de memoria de 28 Gbps, DisplayPort 2.1b (x3) y HDMI 2.1 1b salidas.
2026-02-25 08:55:03,307 | INFO | extractor_logger | [DEBUG TECNICO] TamaÃ±o de RAM de la tarjeta grÃ¡fica: â€Ž12 GB
2026-02-25 08:55:04,345 | INFO | extractor_logger | ExtracciÃ³n real completada correctamente.
2026-02-25 08:55:04,345 | INFO | extractor_logger | DEBUG RETURN BULLETS: ['DLSS es un revolucionario conjunto de tecnologÃ­as de renderizado neuronal que utiliza IA para aumentar los FPS, reducir la latencia y mejorar la calidad de imagen.', 'NÃºcleos Tensor de quinta generaciÃ³n, nuevos multiprocesadores de streaming, nÃºcleos de trazado de rayos de cuarta generaciÃ³n', 'Las tecnologÃ­as Reflex optimizan la canalizaciÃ³n de grÃ¡ficos para obtener la mÃ¡xima capacidad de respuesta, proporcionando una adquisiciÃ³n de objetivos mÃ¡s rÃ¡pida, tiempos de reacciÃ³n mÃ¡s rÃ¡pidos y precisiÃ³n de punterÃ­a mejorada en juegos competitivos.', 'Actualiza a IA avanzada con las GPU NVIDIA GeForce RTX y acelera tus juegos, creaciÃ³n, productividad y desarrollo. Gracias a los procesadores AI incorporados, obtienes tecnologÃ­a AI lÃ­der mundial que impulsa tu PC con Windows.', 'Experimenta aceleraciones RTX en las mejores aplicaciones creativas, controladores NVIDIA Studio de clase mundial diseÃ±ados y actualizados continuamente para proporcionar la mÃ¡xima estabilidad, y un conjunto de herramientas exclusivas que aprovechan la potencia de RTX para flujos de trabajo creativos asistidos por IA.']
2026-02-25 08:55:04,346 | INFO | extractor_logger | Iniciando normalizaciÃ³n estructurada del producto.
2026-02-25 08:55:04,347 | INFO | extractor_logger | Referencia encontrada (ASIN URL fallback): B0DYPGBX6J
2026-02-25 08:55:04,350 | INFO | extractor_logger | NormalizaciÃ³n estructurada completada correctamente.
2026-02-25 08:55:04,350 | INFO | extractor_logger | Iniciando capa de traducciÃ³n.
2026-02-25 08:55:05,905 | INFO | extractor_logger | TraducciÃ³n completada.
2026-02-25 08:55:05,919 | INFO | extractor_logger | Validacion exitosa del contrato.
2026-02-25 08:55:05,923 | INFO | extractor_logger | Proceso completo finalizado.
2026-02-25 09:00:48,548 | INFO | extractor_logger | URL vÃ¡lida y dominio permitido.
2026-02-25 09:00:48,551 | INFO | extractor_logger | Proveedor detectado: Amazon
2026-02-25 09:00:48,552 | INFO | extractor_logger | Iniciando extracciÃ³n real Amazon con Playwright.
2026-02-25 09:01:05,120 | ERROR | extractor_logger | Error durante extracciÃ³n Amazon.
2026-02-25 09:01:05,121 | ERROR | extractor_logger | Page.wait_for_selector: Target page, context or browser has been closed
Call log:
  - waiting for locator("#productTitle") to be visible

2026-02-25 09:01:05,122 | INFO | extractor_logger | Iniciando normalizaciÃ³n estructurada del producto.
2026-02-25 09:01:05,126 | INFO | extractor_logger | Referencia encontrada (ASIN URL fallback): B07PT5WGSH
2026-02-25 09:01:05,126 | INFO | extractor_logger | NormalizaciÃ³n estructurada completada correctamente.
2026-02-25 09:01:05,127 | INFO | extractor_logger | Iniciando capa de traducciÃ³n.
2026-02-25 09:01:06,072 | INFO | extractor_logger | TraducciÃ³n completada.
2026-02-25 09:01:06,087 | ERROR | extractor_logger | Error de validacion del contrato.
2026-02-25 09:01:06,092 | ERROR | extractor_logger | 1 validation error for ProductoContrato
marca
  Input should be a valid string [type=string_type, input_value=None, input_type=NoneType]
    For further information visit https://errors.pydantic.dev/2.12/v/string_type
2026-02-25 09:01:06,097 | INFO | extractor_logger | Proceso completo finalizado.
2026-02-25 09:02:21,678 | INFO | extractor_logger | URL vÃ¡lida y dominio permitido.
2026-02-25 09:02:21,681 | INFO | extractor_logger | Proveedor detectado: Amazon
2026-02-25 09:02:21,682 | INFO | extractor_logger | Iniciando extracciÃ³n real Amazon con Playwright.
2026-02-25 09:06:01,324 | WARNING | extractor_logger | URL con formato invÃ¡lido.
2026-02-25 09:06:01,337 | ERROR | extractor_logger | ValidaciÃ³n de entrada fallida.
2026-02-25 09:07:07,728 | WARNING | extractor_logger | URL con formato invÃ¡lido.
2026-02-25 09:07:07,764 | ERROR | extractor_logger | ValidaciÃ³n de entrada fallida.
2026-02-25 09:09:22,661 | WARNING | extractor_logger | URL con formato invÃ¡lido.
2026-02-25 09:09:22,673 | ERROR | extractor_logger | ValidaciÃ³n de entrada fallida.
2026-02-25 09:12:38,784 | WARNING | extractor_logger | URL con formato invÃ¡lido.
2026-02-25 09:12:38,870 | ERROR | extractor_logger | ValidaciÃ³n de entrada fallida.
2026-02-25 09:12:55,603 | INFO | extractor_logger | URL vÃ¡lida y dominio permitido.
2026-02-25 09:12:55,604 | INFO | extractor_logger | Proveedor detectado: Amazon
2026-02-25 09:12:55,604 | INFO | extractor_logger | Iniciando extracciÃ³n real Amazon con Playwright.
2026-02-25 09:13:07,945 | ERROR | extractor_logger | Error durante extracciÃ³n Amazon.
2026-02-25 09:13:07,945 | ERROR | extractor_logger | Page.wait_for_selector: Target page, context or browser has been closed
Call log:
  - waiting for locator("#productTitle") to be visible

2026-02-25 09:13:07,945 | INFO | extractor_logger | Iniciando normalizaciÃ³n estructurada del producto.
2026-02-25 09:13:07,946 | INFO | extractor_logger | Referencia encontrada (ASIN URL fallback): B07PT5WGSH
2026-02-25 09:13:07,946 | INFO | extractor_logger | NormalizaciÃ³n estructurada completada correctamente.
2026-02-25 09:13:07,946 | INFO | extractor_logger | Iniciando capa de traducciÃ³n.
2026-02-25 09:13:08,754 | INFO | extractor_logger | TraducciÃ³n completada.
2026-02-25 09:13:08,767 | ERROR | extractor_logger | Error de validacion del contrato.
2026-02-25 09:13:08,774 | ERROR | extractor_logger | 1 validation error for ProductoContrato
marca
  Input should be a valid string [type=string_type, input_value=None, input_type=NoneType]
    For further information visit https://errors.pydantic.dev/2.12/v/string_type
2026-02-25 09:13:08,780 | INFO | extractor_logger | Proceso completo finalizado.
2026-02-25 09:14:14,310 | INFO | extractor_logger | URL vÃ¡lida y dominio permitido.
2026-02-25 09:14:14,313 | INFO | extractor_logger | Proveedor detectado: Amazon
2026-02-25 09:14:14,314 | INFO | extractor_logger | Iniciando extracciÃ³n real Amazon con Playwright.
2026-02-25 09:14:29,413 | INFO | extractor_logger | [PRECIO DETECTADO] $59.99
2026-02-25 09:14:29,446 | INFO | extractor_logger | [DEBUG BULLETS] Total encontrados: 6
2026-02-25 09:14:29,460 | INFO | extractor_logger | [DEBUG BULLET] [Important Note] The bluetooth receipt printer is NOT compatible with iOS, iPhone, iPad, Mac, DoorDash, Zettle POS, and Square. The distance between the device and printer should not exceed 3 meters
2026-02-25 09:14:29,471 | INFO | extractor_logger | [DEBUG BULLET] [Printer Compatibility] Bluetooth connection is ONLY available for Android, supported APP: Loyverse POS, CashSale POS, POSAPP.vn POS, Zobaze POS, Royal POS, KaHero POS. PC connection ONLY supports Windows. If you want to connect to computer, please use USB cable
2026-02-25 09:14:29,487 | INFO | extractor_logger | [DEBUG BULLET] [Clear Printing] Experience professional-grade printing with our mini portable Bluetooth receipt printer. It delivers sharp, clear, and legible prints, ensuring that your receipts and invoices are easy to read and understand. When printing the settings, create 3mm blank area at the bottom of the receipt for better printing results
2026-02-25 09:14:29,502 | INFO | extractor_logger | [DEBUG BULLET] [Powerful Battery] This Bluetooth 4.0 receipt printer is built with a 1500mAh lithium-ion battery, also, with auto sleep and auto awake function to save electricity, standby time can reach 5 - 6 days. The battery is removable, meets all-day demands
2026-02-25 09:14:29,512 | INFO | extractor_logger | [DEBUG BULLET] [Compact and portable] Designed to be compact and lightweight, the printer is easy to carry, along with a free belt to hang on the waist. It's suitable for indoors or outdoors, variety of occasions, such as restaurants, retail, pizza shop, bakery, cafe shop
2026-02-25 09:14:29,538 | INFO | extractor_logger | [DEBUG BULLET] [Warm Tip] In order to avoid unpleasant user experience due to compatibility, please confirm whether your pos device is compatible with this Bluetooth receipt machine before purchasing. If you are not sure, please feel free to find us for help
2026-02-25 09:14:29,631 | INFO | extractor_logger | [DEBUG TECNICO] Included Components: Thermal Printer, Printer Driver CD, Power Adapter, USB Cable, Thermal Paper Roll, User Manual, Belt
2026-02-25 09:14:29,660 | INFO | extractor_logger | [DEBUG TECNICO] Print media: Thermal Paper
2026-02-25 09:14:29,702 | INFO | extractor_logger | [DEBUG TECNICO] Max Input Sheet Capacity: 50
2026-02-25 09:14:29,750 | INFO | extractor_logger | [DEBUG TECNICO] Max Copy Speed (Black & White): 1 ppm
2026-02-25 09:14:29,793 | INFO | extractor_logger | [DEBUG TECNICO] Compatible Devices: Android, Windows
2026-02-25 09:14:29,822 | INFO | extractor_logger | [DEBUG TECNICO] Maximum Color Print Resolution: 203 DPI
2026-02-25 09:14:29,862 | INFO | extractor_logger | [DEBUG TECNICO] Maximum Black and White Print Resolution: 203 DPI
2026-02-25 09:14:29,918 | INFO | extractor_logger | [DEBUG TECNICO] Warranty Type: limited warranty
2026-02-25 09:14:29,979 | INFO | extractor_logger | [DEBUG TECNICO] Color Depth: 1 bpp
2026-02-25 09:14:30,021 | INFO | extractor_logger | [DEBUG TECNICO] Dual-sided printing: No
2026-02-25 09:14:30,095 | INFO | extractor_logger | [DEBUG TECNICO] Maximum copies per run: 120
2026-02-25 09:14:30,152 | INFO | extractor_logger | [DEBUG TECNICO] Wattage: 6.9 Watt-hours
2026-02-25 09:14:30,197 | INFO | extractor_logger | [DEBUG TECNICO] Max copy resolution black-white: 203DPI
2026-02-25 09:14:30,232 | INFO | extractor_logger | [DEBUG TECNICO] Duplex: auto
2026-02-25 09:14:30,271 | INFO | extractor_logger | [DEBUG TECNICO] Hardware Interface: Bluetooth
2026-02-25 09:14:30,332 | INFO | extractor_logger | [DEBUG TECNICO] Ink Color: Black
2026-02-25 09:14:30,362 | INFO | extractor_logger | [DEBUG TECNICO] Additional Printer functions: Print Only
2026-02-25 09:14:30,390 | INFO | extractor_logger | [DEBUG TECNICO] Control Method: App
2026-02-25 09:14:30,415 | INFO | extractor_logger | [DEBUG TECNICO] Number of Trays: 1
2026-02-25 09:14:30,449 | INFO | extractor_logger | [DEBUG TECNICO] Processor Count: 1
2026-02-25 09:14:30,469 | INFO | extractor_logger | [DEBUG TECNICO] Number of USB 3 Ports: 1
2026-02-25 09:14:30,499 | INFO | extractor_logger | [DEBUG TECNICO] Model Series: IMP001
2026-02-25 09:14:30,537 | INFO | extractor_logger | [DEBUG TECNICO] Specific Uses For Product: Delivery/Restaurant/Store
2026-02-25 09:14:30,578 | INFO | extractor_logger | [DEBUG TECNICO] UPC: 653334975164
2026-02-25 09:14:30,606 | INFO | extractor_logger | [DEBUG TECNICO] Smart Home Compatibility: Smart Home Compatible
2026-02-25 09:14:30,631 | INFO | extractor_logger | [DEBUG TECNICO] Memory Storage Capacity: 64 MB
2026-02-25 09:14:30,654 | INFO | extractor_logger | [DEBUG TECNICO] Product Dimensions: 4.8 x 6.9 x 1.5 inches
2026-02-25 09:14:30,683 | INFO | extractor_logger | [DEBUG TECNICO] Item Weight: 15.8 ounces
2026-02-25 09:14:30,703 | INFO | extractor_logger | [DEBUG TECNICO] ASIN: B0753B5KYG
2026-02-25 09:14:30,788 | INFO | extractor_logger | [DEBUG TECNICO] Item model number: MUN-IMP001
2026-02-25 09:14:30,821 | INFO | extractor_logger | [DEBUG TECNICO] Batteries: 1 Lithium Ion batteries required. (included)
2026-02-25 09:14:30,852 | INFO | extractor_logger | [DEBUG TECNICO] Customer Reviews: 3.8               3.8 out of 5 stars         

                         (466)      
                    
                    var dpAcrHasRegisteredArcLinkClickAction;
                    P.when('A', 'ready').execute(function(A) {
                        if (dpAcrHasRegisteredArcLinkClickAction !== true) {
                            dpAcrHasRegisteredArcLinkClickAction = true;
                            A.declarative(
                                'acrLink-click-metrics', 'click',
                                { "allowLinkDefault": true },
                                function (event) {
                                    if (window.ue) {
                                        ue.count("acrLinkClickCount", (ue.count("acrLinkClickCount") || 0) + 1);
                                    }
                                }
                            );
                        }
                    });
                
                 
            P.when('A', 'cf').execute(function(A) {
                A.declarative('acrStarsLink-click-metrics', 'click', { "allowLinkDefault" : true },  function(event){
                    if(window.ue) {
                        ue.count("acrStarsLinkWithPopoverClickCount", (ue.count("acrStarsLinkWithPopoverClickCount") || 0) + 1);
                    }
                });
            });
        

           
       3.8 out of 5 stars
2026-02-25 09:14:30,870 | INFO | extractor_logger | [DEBUG TECNICO] Best Sellers Rank: #94,255 in Office Products (See Top 100 in Office Products)  #118 in Portable Thermal Printers
2026-02-25 09:14:30,904 | INFO | extractor_logger | [DEBUG TECNICO] Is Discontinued By Manufacturer: No
2026-02-25 09:14:30,928 | INFO | extractor_logger | [DEBUG TECNICO] Date First Available: September 26, 2017
2026-02-25 09:14:30,954 | INFO | extractor_logger | [DEBUG TECNICO] Manufacturer: MUNBYN
2026-02-25 09:14:31,825 | INFO | extractor_logger | ExtracciÃ³n real completada correctamente.
2026-02-25 09:14:31,826 | INFO | extractor_logger | DEBUG RETURN BULLETS: ['[Important Note] The bluetooth receipt printer is NOT compatible with iOS, iPhone, iPad, Mac, DoorDash, Zettle POS, and Square. The distance between the device and printer should not exceed 3 meters', '[Printer Compatibility] Bluetooth connection is ONLY available for Android, supported APP: Loyverse POS, CashSale POS, POSAPP.vn POS, Zobaze POS, Royal POS, KaHero POS. PC connection ONLY supports Windows. If you want to connect to computer, please use USB cable', '[Clear Printing] Experience professional-grade printing with our mini portable Bluetooth receipt printer. It delivers sharp, clear, and legible prints, ensuring that your receipts and invoices are easy to read and understand. When printing the settings, create 3mm blank area at the bottom of the receipt for better printing results', '[Powerful Battery] This Bluetooth 4.0 receipt printer is built with a 1500mAh lithium-ion battery, also, with auto sleep and auto awake function to save electricity, standby time can reach 5 - 6 days. The battery is removable, meets all-day demands', "[Compact and portable] Designed to be compact and lightweight, the printer is easy to carry, along with a free belt to hang on the waist. It's suitable for indoors or outdoors, variety of occasions, such as restaurants, retail, pizza shop, bakery, cafe shop", '[Warm Tip] In order to avoid unpleasant user experience due to compatibility, please confirm whether your pos device is compatible with this Bluetooth receipt machine before purchasing. If you are not sure, please feel free to find us for help']
2026-02-25 09:14:31,827 | INFO | extractor_logger | Iniciando normalizaciÃ³n estructurada del producto.
2026-02-25 09:14:31,827 | INFO | extractor_logger | Referencia encontrada (modelo): MUN-IMP001
2026-02-25 09:14:31,828 | INFO | extractor_logger | NormalizaciÃ³n estructurada completada correctamente.
2026-02-25 09:14:31,829 | INFO | extractor_logger | Iniciando capa de traducciÃ³n.
2026-02-25 09:14:33,899 | INFO | extractor_logger | TraducciÃ³n completada.
2026-02-25 09:14:33,913 | INFO | extractor_logger | Validacion exitosa del contrato.
2026-02-25 09:14:33,918 | INFO | extractor_logger | Proceso completo finalizado.
2026-02-25 09:44:31,572 | WARNING | extractor_logger | URL con formato invÃ¡lido.
2026-02-25 09:44:31,575 | ERROR | extractor_logger | ValidaciÃ³n de entrada fallida.
2026-02-25 09:45:07,784 | INFO | extractor_logger | URL vÃ¡lida y dominio permitido.
2026-02-25 09:45:07,788 | INFO | extractor_logger | Proveedor detectado: Amazon
2026-02-25 09:45:07,789 | INFO | extractor_logger | Iniciando extracciÃ³n real Amazon con Playwright.
2026-02-25 09:46:01,624 | INFO | extractor_logger | URL vÃ¡lida y dominio permitido.
2026-02-25 09:46:01,624 | INFO | extractor_logger | Proveedor detectado: Amazon
2026-02-25 09:46:01,625 | INFO | extractor_logger | Iniciando extracciÃ³n real Amazon con Playwright.
2026-02-25 09:49:59,137 | INFO | extractor_logger | URL vÃ¡lida y dominio permitido.
2026-02-25 09:49:59,142 | INFO | extractor_logger | Proveedor detectado: Amazon
2026-02-25 09:49:59,142 | INFO | extractor_logger | Iniciando extracciÃ³n real Amazon con Playwright.
2026-02-25 09:50:23,495 | INFO | extractor_logger | [PRECIO DETECTADO] US$69.99
2026-02-25 09:50:23,518 | INFO | extractor_logger | [DEBUG BULLETS] Total encontrados: 5
2026-02-25 09:50:23,542 | INFO | extractor_logger | [DEBUG BULLET] ã€Largo tiempo de esperaã€‘Mini impresora Bluetooth con baterÃ­a recargable de iones de litio de 1500 mAh, el tiempo de espera puede alcanzar de 5 a 6 dÃ­as, con funciÃ³n de apagado automÃ¡tico, funciÃ³n de encendido automÃ¡tico y recordatorio de volumen de baterÃ­a.
2026-02-25 09:50:23,555 | INFO | extractor_logger | [DEBUG BULLET] Compatible con software: la impresora tÃ©rmica mÃ³vil es compatible con Loyverse, iREAP, CasierStock, Kyte, Pozool, ExpressExpense (creador de recibos personalizados, mÃ¡s de 50 estilos de recibos) solo para dispositivos Android.
2026-02-25 09:50:23,566 | INFO | extractor_logger | [DEBUG BULLET] Amplia aplicaciÃ³n: esta impresora Bluetooth se puede utilizar con Android 4.0 IR, acuerdo IRCOMM o acuerdo POS SPP, etc. Cumple con facturas de taxi, recibos de tarifas administrativas, recibos de correos, pedidos de restaurantes e impresiÃ³n de pagos en lÃ­nea.
2026-02-25 09:50:23,576 | INFO | extractor_logger | [DEBUG BULLET] Uso cÃ³modo: la impresora inalÃ¡mbrica de recibos es compatible con dispositivos Android con comandos ESC/POS/STAR, viene con una funda y un cordÃ³n, es fÃ¡cil de transportar y manejar. AdemÃ¡s, se puede utilizar con papel tÃ©rmico de 2.283 in, no necesita tinta o cinta, limpio y ordenado. Por lo tanto, es ideal para negocios de larga distancia o al aire libre.
2026-02-25 09:50:23,599 | INFO | extractor_logger | [DEBUG BULLET] Consejos: no funciona con dispositivos iOS como iPad, iPhones. No es compatible con Square, Gloriafood, Doordash, Grubhub, TabShop lite, Clover, Open Table, O3POS, MobiPOS Lite y Kasse Speedy/PayPal/Intuit Gopayment/Shopify/Lector de tarjetas de crÃ©dito/settle/FileMaker. Confirme con nosotros si es compatible con su solicitud antes de realizar el pedido.
2026-02-25 09:50:23,667 | INFO | extractor_logger | [DEBUG TECNICO] TamaÃ±o mÃ¡ximo del medio de impresiÃ³n: 58mm
2026-02-25 09:50:23,688 | INFO | extractor_logger | [DEBUG TECNICO] Componentes incluidos: Estuche, cordÃ³n
2026-02-25 09:50:23,703 | INFO | extractor_logger | [DEBUG TECNICO] Medios impresos: Papel tÃ©rmico
2026-02-25 09:50:23,718 | INFO | extractor_logger | [DEBUG TECNICO] Tipo de escÃ¡ner: PortÃ¡til
2026-02-25 09:50:23,733 | INFO | extractor_logger | [DEBUG TECNICO] Capacidad mÃ¡xima de hoja de entrada: 384
2026-02-25 09:50:23,752 | INFO | extractor_logger | [DEBUG TECNICO] Velocidad mÃ¡xima de copia (blanco y negro): 1 PÃ¡ginas por minuto
2026-02-25 09:50:23,775 | INFO | extractor_logger | [DEBUG TECNICO] Dispositivos compatibles: Tabletas
2026-02-25 09:50:23,798 | INFO | extractor_logger | [DEBUG TECNICO] MÃ¡xima resoluciÃ³n de impresiÃ³n a color: 203 DPI
2026-02-25 09:50:23,822 | INFO | extractor_logger | [DEBUG TECNICO] TamaÃ±o de la lÃ¡mina: 58 millimeters
2026-02-25 09:50:23,841 | INFO | extractor_logger | [DEBUG TECNICO] ResoluciÃ³n mÃ¡xima de impresiÃ³n en blanco y negro: 203 x 203 DPI
2026-02-25 09:50:23,855 | INFO | extractor_logger | [DEBUG TECNICO] Tipo de garantÃ­a: GarantÃ­a limitada
2026-02-25 09:50:23,882 | INFO | extractor_logger | [DEBUG TECNICO] Profundidad de color: 24 BPP
2026-02-25 09:50:23,905 | INFO | extractor_logger | [DEBUG TECNICO] ImpresiÃ³n a doble cara: No
2026-02-25 09:50:23,933 | INFO | extractor_logger | [DEBUG TECNICO] Potencia: 1500 milliamp_hours
2026-02-25 09:50:23,953 | INFO | extractor_logger | [DEBUG TECNICO] Negro-blanco de resoluciÃ³n mÃ¡xima de copia: 203 x 203 DPI
2026-02-25 09:50:23,978 | INFO | extractor_logger | [DEBUG TECNICO] DÃºplex: Simplex
2026-02-25 09:50:23,999 | INFO | extractor_logger | [DEBUG TECNICO] Interfaz de hardware: Bluetooth
2026-02-25 09:50:24,024 | INFO | extractor_logger | [DEBUG TECNICO] Funciones Adicionales de la Impresora: Solo imprimir
2026-02-25 09:50:24,069 | INFO | extractor_logger | [DEBUG TECNICO] MÃ©todo de control: AplicaciÃ³n
2026-02-25 09:50:24,143 | INFO | extractor_logger | [DEBUG TECNICO] Cantidad de procesadores: 1
2026-02-25 09:50:24,216 | INFO | extractor_logger | [DEBUG TECNICO] Serie de modelos: MU-IMP
2026-02-25 09:50:24,267 | INFO | extractor_logger | [DEBUG TECNICO] Usos especÃ­ficos del producto: Negocios
2026-02-25 09:50:24,329 | INFO | extractor_logger | [DEBUG TECNICO] UPC: 613310859857
2026-02-25 09:50:24,358 | INFO | extractor_logger | [DEBUG TECNICO] Tipo de tinta de impresora: TÃ©rmico
2026-02-25 09:50:24,378 | INFO | extractor_logger | [DEBUG TECNICO] Capacidad de almacenamiento de memoria: 64 MB
2026-02-25 09:50:24,404 | INFO | extractor_logger | [DEBUG TECNICO] Dimensiones del producto: 4 x 2,8 x 2 pulgadas
2026-02-25 09:50:24,531 | INFO | extractor_logger | [DEBUG TECNICO] ASIN: B07PT5WGSH
2026-02-25 09:50:24,569 | INFO | extractor_logger | [DEBUG TECNICO] NÃºmero de modelo del producto: MU-IMP006-US
2026-02-25 09:50:24,607 | INFO | extractor_logger | [DEBUG TECNICO] OpiniÃ³n media de los clientes: 3.7               3.7 de 5 estrellas         

                         (40)      
                    
                    var dpAcrHasRegisteredArcLinkClickAction;
                    P.when('A', 'ready').execute(function(A) {
                        if (dpAcrHasRegisteredArcLinkClickAction !== true) {
                            dpAcrHasRegisteredArcLinkClickAction = true;
                            A.declarative(
                                'acrLink-click-metrics', 'click',
                                { "allowLinkDefault": true },
                                function (event) {
                                    if (window.ue) {
                                        ue.count("acrLinkClickCount", (ue.count("acrLinkClickCount") || 0) + 1);
                                    }
                                }
                            );
                        }
                    });
                
                 
            P.when('A', 'cf').execute(function(A) {
                A.declarative('acrStarsLink-click-metrics', 'click', { "allowLinkDefault" : true },  function(event){
                    if(window.ue) {
                        ue.count("acrStarsLinkWithPopoverClickCount", (ue.count("acrStarsLinkWithPopoverClickCount") || 0) + 1);
                    }
                });
            });
        

           
       3.7 de 5 estrellas
2026-02-25 09:50:24,641 | INFO | extractor_logger | [DEBUG TECNICO] ClasificaciÃ³n en los mÃ¡s vendidos de Amazon: nÂº348,622 en Productos de Oficina (Ver el Top 100 en Productos de Oficina)  nÂº328 en Impresoras de Recibos
2026-02-25 09:50:24,684 | INFO | extractor_logger | [DEBUG TECNICO] Descatalogado por el fabricante: No
2026-02-25 09:50:24,726 | INFO | extractor_logger | [DEBUG TECNICO] Producto en amazon.com desde: diciembre 28, 2017
2026-02-25 09:50:24,759 | INFO | extractor_logger | [DEBUG TECNICO] Fabricante: MUNBYN
2026-02-25 09:50:25,995 | INFO | extractor_logger | ExtracciÃ³n real completada correctamente.
2026-02-25 09:50:25,996 | INFO | extractor_logger | DEBUG RETURN BULLETS: ['ã€Largo tiempo de esperaã€‘Mini impresora Bluetooth con baterÃ­a recargable de iones de litio de 1500 mAh, el tiempo de espera puede alcanzar de 5 a 6 dÃ­as, con funciÃ³n de apagado automÃ¡tico, funciÃ³n de encendido automÃ¡tico y recordatorio de volumen de baterÃ­a.', 'Compatible con software: la impresora tÃ©rmica mÃ³vil es compatible con Loyverse, iREAP, CasierStock, Kyte, Pozool, ExpressExpense (creador de recibos personalizados, mÃ¡s de 50 estilos de recibos) solo para dispositivos Android.', 'Amplia aplicaciÃ³n: esta impresora Bluetooth se puede utilizar con Android 4.0 IR, acuerdo IRCOMM o acuerdo POS SPP, etc. Cumple con facturas de taxi, recibos de tarifas administrativas, recibos de correos, pedidos de restaurantes e impresiÃ³n de pagos en lÃ­nea.', 'Uso cÃ³modo: la impresora inalÃ¡mbrica de recibos es compatible con dispositivos Android con comandos ESC/POS/STAR, viene con una funda y un cordÃ³n, es fÃ¡cil de transportar y manejar. AdemÃ¡s, se puede utilizar con papel tÃ©rmico de 2.283 in, no necesita tinta o cinta, limpio y ordenado. Por lo tanto, es ideal para negocios de larga distancia o al aire libre.', 'Consejos: no funciona con dispositivos iOS como iPad, iPhones. No es compatible con Square, Gloriafood, Doordash, Grubhub, TabShop lite, Clover, Open Table, O3POS, MobiPOS Lite y Kasse Speedy/PayPal/Intuit Gopayment/Shopify/Lector de tarjetas de crÃ©dito/settle/FileMaker. Confirme con nosotros si es compatible con su solicitud antes de realizar el pedido.']
2026-02-25 09:50:25,996 | INFO | extractor_logger | Iniciando normalizaciÃ³n estructurada del producto.
2026-02-25 09:50:25,997 | INFO | extractor_logger | Referencia encontrada (modelo): MU-IMP006-US
2026-02-25 09:50:25,998 | INFO | extractor_logger | NormalizaciÃ³n estructurada completada correctamente.
2026-02-25 09:50:25,998 | INFO | extractor_logger | Iniciando capa de traducciÃ³n.
2026-02-25 09:50:27,471 | INFO | extractor_logger | TraducciÃ³n completada.
2026-02-25 09:50:27,485 | INFO | extractor_logger | Validacion exitosa del contrato.
2026-02-25 09:50:27,489 | INFO | extractor_logger | Proceso completo finalizado.
2026-02-25 12:04:50,085 | INFO | extractor_logger | URL vÃ¡lida y dominio permitido.
2026-02-25 12:04:50,090 | INFO | extractor_logger | Proveedor detectado: Amazon
2026-02-25 12:04:50,090 | INFO | extractor_logger | Iniciando extracciÃ³n real Amazon con Playwright.
2026-02-25 12:05:11,227 | INFO | extractor_logger | [PRECIO DETECTADO] US$69.99
2026-02-25 12:05:11,249 | INFO | extractor_logger | [DEBUG BULLETS] Total encontrados: 5
2026-02-25 12:05:11,262 | INFO | extractor_logger | [DEBUG BULLET] ã€Largo tiempo de esperaã€‘Mini impresora Bluetooth con baterÃ­a recargable de iones de litio de 1500 mAh, el tiempo de espera puede alcanzar de 5 a 6 dÃ­as, con funciÃ³n de apagado automÃ¡tico, funciÃ³n de encendido automÃ¡tico y recordatorio de volumen de baterÃ­a.
2026-02-25 12:05:11,272 | INFO | extractor_logger | [DEBUG BULLET] Compatible con software: la impresora tÃ©rmica mÃ³vil es compatible con Loyverse, iREAP, CasierStock, Kyte, Pozool, ExpressExpense (creador de recibos personalizados, mÃ¡s de 50 estilos de recibos) solo para dispositivos Android.
2026-02-25 12:05:11,280 | INFO | extractor_logger | [DEBUG BULLET] Amplia aplicaciÃ³n: esta impresora Bluetooth se puede utilizar con Android 4.0 IR, acuerdo IRCOMM o acuerdo POS SPP, etc. Cumple con facturas de taxi, recibos de tarifas administrativas, recibos de correos, pedidos de restaurantes e impresiÃ³n de pagos en lÃ­nea.
2026-02-25 12:05:11,304 | INFO | extractor_logger | [DEBUG BULLET] Uso cÃ³modo: la impresora inalÃ¡mbrica de recibos es compatible con dispositivos Android con comandos ESC/POS/STAR, viene con una funda y un cordÃ³n, es fÃ¡cil de transportar y manejar. AdemÃ¡s, se puede utilizar con papel tÃ©rmico de 2.283 in, no necesita tinta o cinta, limpio y ordenado. Por lo tanto, es ideal para negocios de larga distancia o al aire libre.
2026-02-25 12:05:11,329 | INFO | extractor_logger | [DEBUG BULLET] Consejos: no funciona con dispositivos iOS como iPad, iPhones. No es compatible con Square, Gloriafood, Doordash, Grubhub, TabShop lite, Clover, Open Table, O3POS, MobiPOS Lite y Kasse Speedy/PayPal/Intuit Gopayment/Shopify/Lector de tarjetas de crÃ©dito/settle/FileMaker. Confirme con nosotros si es compatible con su solicitud antes de realizar el pedido.
2026-02-25 12:05:11,378 | INFO | extractor_logger | [DEBUG TECNICO] TamaÃ±o mÃ¡ximo del medio de impresiÃ³n: 58mm
2026-02-25 12:05:11,393 | INFO | extractor_logger | [DEBUG TECNICO] Componentes incluidos: Estuche, cordÃ³n
2026-02-25 12:05:11,424 | INFO | extractor_logger | [DEBUG TECNICO] Medios impresos: Papel tÃ©rmico
2026-02-25 12:05:11,451 | INFO | extractor_logger | [DEBUG TECNICO] Tipo de escÃ¡ner: PortÃ¡til
2026-02-25 12:05:11,495 | INFO | extractor_logger | [DEBUG TECNICO] Capacidad mÃ¡xima de hoja de entrada: 384
2026-02-25 12:05:11,531 | INFO | extractor_logger | [DEBUG TECNICO] Velocidad mÃ¡xima de copia (blanco y negro): 1 PÃ¡ginas por minuto
2026-02-25 12:05:11,557 | INFO | extractor_logger | [DEBUG TECNICO] Dispositivos compatibles: Tabletas
2026-02-25 12:05:11,575 | INFO | extractor_logger | [DEBUG TECNICO] MÃ¡xima resoluciÃ³n de impresiÃ³n a color: 203 DPI
2026-02-25 12:05:11,594 | INFO | extractor_logger | [DEBUG TECNICO] TamaÃ±o de la lÃ¡mina: 58 millimeters
2026-02-25 12:05:11,611 | INFO | extractor_logger | [DEBUG TECNICO] ResoluciÃ³n mÃ¡xima de impresiÃ³n en blanco y negro: 203 x 203 DPI
2026-02-25 12:05:11,630 | INFO | extractor_logger | [DEBUG TECNICO] Tipo de garantÃ­a: GarantÃ­a limitada
2026-02-25 12:05:11,650 | INFO | extractor_logger | [DEBUG TECNICO] Profundidad de color: 24 BPP
2026-02-25 12:05:11,678 | INFO | extractor_logger | [DEBUG TECNICO] ImpresiÃ³n a doble cara: No
2026-02-25 12:05:11,722 | INFO | extractor_logger | [DEBUG TECNICO] Potencia: 1500 milliamp_hours
2026-02-25 12:05:11,754 | INFO | extractor_logger | [DEBUG TECNICO] Negro-blanco de resoluciÃ³n mÃ¡xima de copia: 203 x 203 DPI
2026-02-25 12:05:11,778 | INFO | extractor_logger | [DEBUG TECNICO] DÃºplex: Simplex
2026-02-25 12:05:11,798 | INFO | extractor_logger | [DEBUG TECNICO] Interfaz de hardware: Bluetooth
2026-02-25 12:05:11,819 | INFO | extractor_logger | [DEBUG TECNICO] Funciones Adicionales de la Impresora: Solo imprimir
2026-02-25 12:05:11,844 | INFO | extractor_logger | [DEBUG TECNICO] MÃ©todo de control: AplicaciÃ³n
2026-02-25 12:05:11,859 | INFO | extractor_logger | [DEBUG TECNICO] Cantidad de procesadores: 1
2026-02-25 12:05:11,880 | INFO | extractor_logger | [DEBUG TECNICO] Serie de modelos: MU-IMP
2026-02-25 12:05:11,901 | INFO | extractor_logger | [DEBUG TECNICO] Usos especÃ­ficos del producto: Negocios
2026-02-25 12:05:11,920 | INFO | extractor_logger | [DEBUG TECNICO] UPC: 613310859857
2026-02-25 12:05:11,944 | INFO | extractor_logger | [DEBUG TECNICO] Tipo de tinta de impresora: TÃ©rmico
2026-02-25 12:05:12,026 | INFO | extractor_logger | [DEBUG TECNICO] Capacidad de almacenamiento de memoria: 64 MB
2026-02-25 12:05:12,042 | INFO | extractor_logger | [DEBUG TECNICO] Dimensiones del producto: 4 x 2,8 x 2 pulgadas
2026-02-25 12:05:12,062 | INFO | extractor_logger | [DEBUG TECNICO] ASIN: B07PT5WGSH
2026-02-25 12:05:12,080 | INFO | extractor_logger | [DEBUG TECNICO] NÃºmero de modelo del producto: MU-IMP006-US
2026-02-25 12:05:12,101 | INFO | extractor_logger | [DEBUG TECNICO] OpiniÃ³n media de los clientes: 3.7               3.7 de 5 estrellas         

                         (40)      
                    
                    var dpAcrHasRegisteredArcLinkClickAction;
                    P.when('A', 'ready').execute(function(A) {
                        if (dpAcrHasRegisteredArcLinkClickAction !== true) {
                            dpAcrHasRegisteredArcLinkClickAction = true;
                            A.declarative(
                                'acrLink-click-metrics', 'click',
                                { "allowLinkDefault": true },
                                function (event) {
                                    if (window.ue) {
                                        ue.count("acrLinkClickCount", (ue.count("acrLinkClickCount") || 0) + 1);
                                    }
                                }
                            );
                        }
                    });
                
                 
            P.when('A', 'cf').execute(function(A) {
                A.declarative('acrStarsLink-click-metrics', 'click', { "allowLinkDefault" : true },  function(event){
                    if(window.ue) {
                        ue.count("acrStarsLinkWithPopoverClickCount", (ue.count("acrStarsLinkWithPopoverClickCount") || 0) + 1);
                    }
                });
            });
        

           
       3.7 de 5 estrellas
2026-02-25 12:05:12,122 | INFO | extractor_logger | [DEBUG TECNICO] ClasificaciÃ³n en los mÃ¡s vendidos de Amazon: nÂº348,415 en Productos de Oficina (Ver el Top 100 en Productos de Oficina)  nÂº327 en Impresoras de Recibos
2026-02-25 12:05:12,156 | INFO | extractor_logger | [DEBUG TECNICO] Descatalogado por el fabricante: No
2026-02-25 12:05:12,198 | INFO | extractor_logger | [DEBUG TECNICO] Producto en amazon.com desde: diciembre 28, 2017
2026-02-25 12:05:12,220 | INFO | extractor_logger | [DEBUG TECNICO] Fabricante: MUNBYN
2026-02-25 12:05:13,197 | INFO | extractor_logger | ExtracciÃ³n real completada correctamente.
2026-02-25 12:05:13,198 | INFO | extractor_logger | DEBUG RETURN BULLETS: ['ã€Largo tiempo de esperaã€‘Mini impresora Bluetooth con baterÃ­a recargable de iones de litio de 1500 mAh, el tiempo de espera puede alcanzar de 5 a 6 dÃ­as, con funciÃ³n de apagado automÃ¡tico, funciÃ³n de encendido automÃ¡tico y recordatorio de volumen de baterÃ­a.', 'Compatible con software: la impresora tÃ©rmica mÃ³vil es compatible con Loyverse, iREAP, CasierStock, Kyte, Pozool, ExpressExpense (creador de recibos personalizados, mÃ¡s de 50 estilos de recibos) solo para dispositivos Android.', 'Amplia aplicaciÃ³n: esta impresora Bluetooth se puede utilizar con Android 4.0 IR, acuerdo IRCOMM o acuerdo POS SPP, etc. Cumple con facturas de taxi, recibos de tarifas administrativas, recibos de correos, pedidos de restaurantes e impresiÃ³n de pagos en lÃ­nea.', 'Uso cÃ³modo: la impresora inalÃ¡mbrica de recibos es compatible con dispositivos Android con comandos ESC/POS/STAR, viene con una funda y un cordÃ³n, es fÃ¡cil de transportar y manejar. AdemÃ¡s, se puede utilizar con papel tÃ©rmico de 2.283 in, no necesita tinta o cinta, limpio y ordenado. Por lo tanto, es ideal para negocios de larga distancia o al aire libre.', 'Consejos: no funciona con dispositivos iOS como iPad, iPhones. No es compatible con Square, Gloriafood, Doordash, Grubhub, TabShop lite, Clover, Open Table, O3POS, MobiPOS Lite y Kasse Speedy/PayPal/Intuit Gopayment/Shopify/Lector de tarjetas de crÃ©dito/settle/FileMaker. Confirme con nosotros si es compatible con su solicitud antes de realizar el pedido.']
2026-02-25 12:05:13,199 | INFO | extractor_logger | Iniciando normalizaciÃ³n estructurada del producto.
2026-02-25 12:05:13,200 | INFO | extractor_logger | Referencia encontrada (modelo): MU-IMP006-US
2026-02-25 12:05:13,202 | INFO | extractor_logger | NormalizaciÃ³n estructurada completada correctamente.
2026-02-25 12:05:13,202 | INFO | extractor_logger | Iniciando capa de traducciÃ³n.
2026-02-25 12:05:14,681 | INFO | extractor_logger | TraducciÃ³n completada.
2026-02-25 12:05:14,695 | INFO | extractor_logger | Validacion exitosa del contrato.
2026-02-25 12:05:14,701 | INFO | extractor_logger | Proceso completo finalizado.
2026-02-27 08:57:11,347 | INFO | extractor_logger | URL vÃ¡lida y dominio permitido.
2026-02-27 08:57:11,366 | INFO | extractor_logger | Proveedor detectado: Amazon
2026-02-27 08:57:11,366 | INFO | extractor_logger | Iniciando extracciÃ³n real Amazon con Playwright.
2026-02-27 08:57:43,312 | INFO | extractor_logger | [PRECIO DETECTADO] COPÂ 298,063.14
2026-02-27 08:57:43,339 | INFO | extractor_logger | [DEBUG BULLETS] Total encontrados: 5
2026-02-27 08:57:43,350 | INFO | extractor_logger | [DEBUG BULLET] ã€FUNCIÃ“Nã€‘: La actividad de humedad refleja principalmente el contenido de agua en el estado de equilibrio de los alimentos, para juzgar el cambio, el cambio de enzimas y el cambio fÃ­sico del cambio de calidad de los alimentos.
2026-02-27 08:57:43,366 | INFO | extractor_logger | [DEBUG BULLET] ã€PRUEBA RÃPIDAã€‘: el medidor de actividad del agua puede medir la actividad del agua en 5 minutos, mediciÃ³n precisa y rÃ¡pida, puede mostrar la actividad del agua y la temperatura de la muestra al mismo tiempo, muy conveniente, rango de prueba: 0 ~ 1.0 Aw; ResoluciÃ³n: Â± 0.01 Aw; PrecisiÃ³n: Â± 0.02 Aw.
2026-02-27 08:57:43,385 | INFO | extractor_logger | [DEBUG BULLET] Pantalla digital LCD: pantalla digital LCD retroiluminada de 6 bits, pantalla de humedad de 3 bits, pantalla de temperatura de 3 bits.
2026-02-27 08:57:43,394 | INFO | extractor_logger | [DEBUG BULLET] Peso ligero: el cuerpo del medidor de actividad acuÃ¡tica pesa solo 3.53 oz, fÃ¡cil de transportar, el sensor y las lecturas en uno, muy fÃ¡cil de usar.
2026-02-27 08:57:43,404 | INFO | extractor_logger | [DEBUG BULLET] ã€Ampliamente utilizadoã€‘: el medidor de actividad del agua puede medir la actividad del agua de pan, galletas y pasteles, alimentos inflados/horneados, aperitivos, alimentos deshidratados, mermeladas secas (ensaladas, tomates), etc.
2026-02-27 08:57:43,438 | INFO | extractor_logger | [DEBUG TECNICO] Dimensiones del paquete: 3,94 x 3,94 x 3,94 pulgadas
2026-02-27 08:57:43,456 | INFO | extractor_logger | [DEBUG TECNICO] Fabricante: Gpxhbcb
2026-02-27 08:57:43,477 | INFO | extractor_logger | [DEBUG TECNICO] ASIN: B0DW8PS77Q
2026-02-27 08:57:43,500 | INFO | extractor_logger | [DEBUG TECNICO] Producto en amazon.com desde: febrero 6, 2025
2026-02-27 08:57:44,074 | INFO | extractor_logger | ExtracciÃ³n real completada correctamente.
2026-02-27 08:57:44,076 | INFO | extractor_logger | DEBUG RETURN BULLETS: ['ã€FUNCIÃ“Nã€‘: La actividad de humedad refleja principalmente el contenido de agua en el estado de equilibrio de los alimentos, para juzgar el cambio, el cambio de enzimas y el cambio fÃ­sico del cambio de calidad de los alimentos.', 'ã€PRUEBA RÃPIDAã€‘: el medidor de actividad del agua puede medir la actividad del agua en 5 minutos, mediciÃ³n precisa y rÃ¡pida, puede mostrar la actividad del agua y la temperatura de la muestra al mismo tiempo, muy conveniente, rango de prueba: 0 ~ 1.0 Aw; ResoluciÃ³n: Â± 0.01 Aw; PrecisiÃ³n: Â± 0.02 Aw.', 'Pantalla digital LCD: pantalla digital LCD retroiluminada de 6 bits, pantalla de humedad de 3 bits, pantalla de temperatura de 3 bits.', 'Peso ligero: el cuerpo del medidor de actividad acuÃ¡tica pesa solo 3.53 oz, fÃ¡cil de transportar, el sensor y las lecturas en uno, muy fÃ¡cil de usar.', 'ã€Ampliamente utilizadoã€‘: el medidor de actividad del agua puede medir la actividad del agua de pan, galletas y pasteles, alimentos inflados/horneados, aperitivos, alimentos deshidratados, mermeladas secas (ensaladas, tomates), etc.']
2026-02-27 08:57:44,078 | INFO | extractor_logger | Iniciando normalizaciÃ³n estructurada del producto.
2026-02-27 08:57:44,080 | INFO | extractor_logger | Referencia encontrada (ASIN tabla): B0DW8PS77Q
2026-02-27 08:57:44,088 | INFO | extractor_logger | NormalizaciÃ³n estructurada completada correctamente.
2026-02-27 08:57:44,089 | INFO | extractor_logger | Iniciando capa de traducciÃ³n.
2026-02-27 08:57:46,132 | INFO | extractor_logger | TraducciÃ³n completada.
2026-02-27 08:57:46,158 | INFO | extractor_logger | Validacion exitosa del contrato.
2026-02-27 08:57:46,169 | INFO | extractor_logger | Proceso completo finalizado.
2026-02-27 09:58:46,380 | INFO | extractor_logger | URL vÃ¡lida y dominio permitido.
2026-02-27 09:58:46,396 | INFO | extractor_logger | Proveedor detectado: Amazon
2026-02-27 09:58:46,398 | INFO | extractor_logger | Iniciando extracciÃ³n real Amazon con Playwright.
2026-02-27 09:59:12,796 | INFO | extractor_logger | [PRECIO DETECTADO] COPÂ 1,113,161.50
2026-02-27 09:59:12,832 | INFO | extractor_logger | [DEBUG BULLETS] Total encontrados: 5
2026-02-27 09:59:12,846 | INFO | extractor_logger | [DEBUG BULLET] ã€FUNCIÃ“Nã€‘: La actividad de humedad refleja principalmente el contenido de agua en el estado de equilibrio de los alimentos, para juzgar el cambio, el cambio de enzimas y el cambio fÃ­sico del cambio de calidad de los alimentos.
2026-02-27 09:59:12,866 | INFO | extractor_logger | [DEBUG BULLET] ã€PRUEBA RÃPIDAã€‘: el medidor de actividad del agua puede medir la actividad del agua en 5 minutos, mediciÃ³n precisa y rÃ¡pida, puede mostrar la actividad del agua y la temperatura de la muestra al mismo tiempo, muy conveniente, rango de prueba: 0 ~ 1.0 Aw; ResoluciÃ³n: Â± 0.01 Aw; PrecisiÃ³n: Â± 0.02 Aw.
2026-02-27 09:59:12,883 | INFO | extractor_logger | [DEBUG BULLET] Pantalla digital LCD: pantalla digital LCD retroiluminada de 6 bits, pantalla de humedad de 3 bits, pantalla de temperatura de 3 bits.
2026-02-27 09:59:12,909 | INFO | extractor_logger | [DEBUG BULLET] Peso ligero: el cuerpo del medidor de actividad acuÃ¡tica pesa solo 3.53 oz, fÃ¡cil de transportar, el sensor y las lecturas en uno, muy fÃ¡cil de usar.
2026-02-27 09:59:12,923 | INFO | extractor_logger | [DEBUG BULLET] ã€Ampliamente utilizadoã€‘: el medidor de actividad del agua puede medir la actividad del agua de pan, galletas y pasteles, alimentos inflados/horneados, aperitivos, alimentos deshidratados, mermeladas secas (ensaladas, tomates), etc.
2026-02-27 09:59:12,972 | INFO | extractor_logger | [DEBUG TECNICO] Dimensiones del paquete: 3,94 x 3,94 x 3,94 pulgadas
2026-02-27 09:59:12,991 | INFO | extractor_logger | [DEBUG TECNICO] Fabricante: Gpxhbcb
2026-02-27 09:59:13,017 | INFO | extractor_logger | [DEBUG TECNICO] ASIN: B0DW8PS77Q
2026-02-27 09:59:13,044 | INFO | extractor_logger | [DEBUG TECNICO] Producto en amazon.com desde: febrero 6, 2025
2026-02-27 09:59:13,364 | INFO | extractor_logger | ExtracciÃ³n real completada correctamente.
2026-02-27 09:59:13,366 | INFO | extractor_logger | DEBUG RETURN BULLETS: ['ã€FUNCIÃ“Nã€‘: La actividad de humedad refleja principalmente el contenido de agua en el estado de equilibrio de los alimentos, para juzgar el cambio, el cambio de enzimas y el cambio fÃ­sico del cambio de calidad de los alimentos.', 'ã€PRUEBA RÃPIDAã€‘: el medidor de actividad del agua puede medir la actividad del agua en 5 minutos, mediciÃ³n precisa y rÃ¡pida, puede mostrar la actividad del agua y la temperatura de la muestra al mismo tiempo, muy conveniente, rango de prueba: 0 ~ 1.0 Aw; ResoluciÃ³n: Â± 0.01 Aw; PrecisiÃ³n: Â± 0.02 Aw.', 'Pantalla digital LCD: pantalla digital LCD retroiluminada de 6 bits, pantalla de humedad de 3 bits, pantalla de temperatura de 3 bits.', 'Peso ligero: el cuerpo del medidor de actividad acuÃ¡tica pesa solo 3.53 oz, fÃ¡cil de transportar, el sensor y las lecturas en uno, muy fÃ¡cil de usar.', 'ã€Ampliamente utilizadoã€‘: el medidor de actividad del agua puede medir la actividad del agua de pan, galletas y pasteles, alimentos inflados/horneados, aperitivos, alimentos deshidratados, mermeladas secas (ensaladas, tomates), etc.']
2026-02-27 09:59:13,366 | INFO | extractor_logger | Iniciando normalizaciÃ³n estructurada del producto.
2026-02-27 09:59:13,367 | INFO | extractor_logger | Referencia encontrada (ASIN tabla): B0DW8PS77Q
2026-02-27 09:59:13,374 | INFO | extractor_logger | NormalizaciÃ³n estructurada completada correctamente.
2026-02-27 09:59:13,375 | INFO | extractor_logger | Iniciando capa de traducciÃ³n.
2026-02-27 09:59:15,406 | INFO | extractor_logger | TraducciÃ³n completada.
2026-02-27 09:59:15,427 | INFO | extractor_logger | Validacion exitosa del contrato.
2026-02-27 09:59:15,439 | INFO | extractor_logger | Proceso completo finalizado.
2026-02-27 10:14:34,700 | WARNING | extractor_logger | URL con formato invÃ¡lido.
2026-02-27 10:15:40,146 | INFO | extractor_logger | URL vÃ¡lida y dominio permitido.
2026-02-27 10:15:40,156 | INFO | extractor_logger | Proveedor detectado: Amazon
2026-02-27 10:15:40,158 | INFO | extractor_logger | Iniciando extracciÃ³n real Amazon con Playwright.
2026-02-27 10:15:56,094 | INFO | extractor_logger | [PRECIO DETECTADO] COP147,416.70
2026-02-27 10:15:56,125 | INFO | extractor_logger | [DEBUG BULLETS] Total encontrados: 5
2026-02-27 10:15:56,136 | INFO | extractor_logger | [DEBUG BULLET] ã€FUNCIÃ“Nã€‘: La actividad de humedad refleja principalmente el contenido de agua en el estado de equilibrio de los alimentos, para juzgar el cambio, el cambio de enzimas y el cambio fÃ­sico del cambio de calidad de los alimentos.
2026-02-27 10:15:56,153 | INFO | extractor_logger | [DEBUG BULLET] ã€PRUEBA RÃPIDAã€‘: el medidor de actividad del agua puede medir la actividad del agua en 5 minutos, mediciÃ³n precisa y rÃ¡pida, puede mostrar la actividad del agua y la temperatura de la muestra al mismo tiempo, muy conveniente, rango de prueba: 0 ~ 1.0 Aw; ResoluciÃ³n: Â± 0.01 Aw; PrecisiÃ³n: Â± 0.02 Aw.
2026-02-27 10:15:56,167 | INFO | extractor_logger | [DEBUG BULLET] Pantalla digital LCD: pantalla digital LCD retroiluminada de 6 bits, pantalla de humedad de 3 bits, pantalla de temperatura de 3 bits.
2026-02-27 10:15:56,179 | INFO | extractor_logger | [DEBUG BULLET] Peso ligero: el cuerpo del medidor de actividad acuÃ¡tica pesa solo 3.53 oz, fÃ¡cil de transportar, el sensor y las lecturas en uno, muy fÃ¡cil de usar.
2026-02-27 10:15:56,190 | INFO | extractor_logger | [DEBUG BULLET] ã€Ampliamente utilizadoã€‘: el medidor de actividad del agua puede medir la actividad del agua de pan, galletas y pasteles, alimentos inflados/horneados, aperitivos, alimentos deshidratados, mermeladas secas (ensaladas, tomates), etc.
2026-02-27 10:15:56,231 | INFO | extractor_logger | [DEBUG TECNICO] Dimensiones del paquete: 3,94 x 3,94 x 3,94 pulgadas
2026-02-27 10:15:56,249 | INFO | extractor_logger | [DEBUG TECNICO] Fabricante: Gpxhbcb
2026-02-27 10:15:56,266 | INFO | extractor_logger | [DEBUG TECNICO] ASIN: B0DW8PS77Q
2026-02-27 10:15:56,285 | INFO | extractor_logger | [DEBUG TECNICO] Producto en amazon.com desde: febrero 6, 2025
2026-02-27 10:15:56,806 | INFO | extractor_logger | ExtracciÃ³n real completada correctamente.
2026-02-27 10:15:56,807 | INFO | extractor_logger | DEBUG RETURN BULLETS: ['ã€FUNCIÃ“Nã€‘: La actividad de humedad refleja principalmente el contenido de agua en el estado de equilibrio de los alimentos, para juzgar el cambio, el cambio de enzimas y el cambio fÃ­sico del cambio de calidad de los alimentos.', 'ã€PRUEBA RÃPIDAã€‘: el medidor de actividad del agua puede medir la actividad del agua en 5 minutos, mediciÃ³n precisa y rÃ¡pida, puede mostrar la actividad del agua y la temperatura de la muestra al mismo tiempo, muy conveniente, rango de prueba: 0 ~ 1.0 Aw; ResoluciÃ³n: Â± 0.01 Aw; PrecisiÃ³n: Â± 0.02 Aw.', 'Pantalla digital LCD: pantalla digital LCD retroiluminada de 6 bits, pantalla de humedad de 3 bits, pantalla de temperatura de 3 bits.', 'Peso ligero: el cuerpo del medidor de actividad acuÃ¡tica pesa solo 3.53 oz, fÃ¡cil de transportar, el sensor y las lecturas en uno, muy fÃ¡cil de usar.', 'ã€Ampliamente utilizadoã€‘: el medidor de actividad del agua puede medir la actividad del agua de pan, galletas y pasteles, alimentos inflados/horneados, aperitivos, alimentos deshidratados, mermeladas secas (ensaladas, tomates), etc.']
2026-02-27 10:15:56,807 | INFO | extractor_logger | Iniciando normalizaciÃ³n estructurada del producto.
2026-02-27 10:15:56,808 | INFO | extractor_logger | Referencia encontrada (ASIN tabla): B0DW8PS77Q
2026-02-27 10:15:56,812 | INFO | extractor_logger | NormalizaciÃ³n estructurada completada correctamente.
2026-02-27 10:15:56,813 | INFO | extractor_logger | Iniciando capa de traducciÃ³n.
2026-02-27 10:15:59,337 | INFO | extractor_logger | TraducciÃ³n completada.
2026-02-27 10:15:59,534 | INFO | extractor_logger | Validacion exitosa del contrato.
2026-02-27 10:15:59,594 | INFO | extractor_logger | Proceso completo finalizado.
2026-02-27 10:17:29,351 | INFO | extractor_logger | URL vÃ¡lida y dominio permitido.
2026-02-27 10:17:29,366 | INFO | extractor_logger | Proveedor detectado: Amazon
2026-02-27 10:17:29,366 | INFO | extractor_logger | Iniciando extracciÃ³n real Amazon con Playwright.
2026-02-27 10:17:41,133 | INFO | extractor_logger | [PRECIO DETECTADO] COPÂ 298,063.14
2026-02-27 10:17:41,162 | INFO | extractor_logger | [DEBUG BULLETS] Total encontrados: 5
2026-02-27 10:17:41,175 | INFO | extractor_logger | [DEBUG BULLET] ã€FUNCIÃ“Nã€‘: La actividad de humedad refleja principalmente el contenido de agua en el estado de equilibrio de los alimentos, para juzgar el cambio, el cambio de enzimas y el cambio fÃ­sico del cambio de calidad de los alimentos.
2026-02-27 10:17:41,190 | INFO | extractor_logger | [DEBUG BULLET] ã€PRUEBA RÃPIDAã€‘: el medidor de actividad del agua puede medir la actividad del agua en 5 minutos, mediciÃ³n precisa y rÃ¡pida, puede mostrar la actividad del agua y la temperatura de la muestra al mismo tiempo, muy conveniente, rango de prueba: 0 ~ 1.0 Aw; ResoluciÃ³n: Â± 0.01 Aw; PrecisiÃ³n: Â± 0.02 Aw.
2026-02-27 10:17:41,204 | INFO | extractor_logger | [DEBUG BULLET] Pantalla digital LCD: pantalla digital LCD retroiluminada de 6 bits, pantalla de humedad de 3 bits, pantalla de temperatura de 3 bits.
2026-02-27 10:17:41,215 | INFO | extractor_logger | [DEBUG BULLET] Peso ligero: el cuerpo del medidor de actividad acuÃ¡tica pesa solo 3.53 oz, fÃ¡cil de transportar, el sensor y las lecturas en uno, muy fÃ¡cil de usar.
2026-02-27 10:17:41,225 | INFO | extractor_logger | [DEBUG BULLET] ã€Ampliamente utilizadoã€‘: el medidor de actividad del agua puede medir la actividad del agua de pan, galletas y pasteles, alimentos inflados/horneados, aperitivos, alimentos deshidratados, mermeladas secas (ensaladas, tomates), etc.
2026-02-27 10:17:41,256 | INFO | extractor_logger | [DEBUG TECNICO] Dimensiones del paquete: 3,94 x 3,94 x 3,94 pulgadas
2026-02-27 10:17:41,270 | INFO | extractor_logger | [DEBUG TECNICO] Fabricante: Gpxhbcb
2026-02-27 10:17:41,288 | INFO | extractor_logger | [DEBUG TECNICO] ASIN: B0DW8PS77Q
2026-02-27 10:17:41,304 | INFO | extractor_logger | [DEBUG TECNICO] Producto en amazon.com desde: febrero 6, 2025
2026-02-27 10:17:41,667 | INFO | extractor_logger | ExtracciÃ³n real completada correctamente.
2026-02-27 10:17:41,669 | INFO | extractor_logger | DEBUG RETURN BULLETS: ['ã€FUNCIÃ“Nã€‘: La actividad de humedad refleja principalmente el contenido de agua en el estado de equilibrio de los alimentos, para juzgar el cambio, el cambio de enzimas y el cambio fÃ­sico del cambio de calidad de los alimentos.', 'ã€PRUEBA RÃPIDAã€‘: el medidor de actividad del agua puede medir la actividad del agua en 5 minutos, mediciÃ³n precisa y rÃ¡pida, puede mostrar la actividad del agua y la temperatura de la muestra al mismo tiempo, muy conveniente, rango de prueba: 0 ~ 1.0 Aw; ResoluciÃ³n: Â± 0.01 Aw; PrecisiÃ³n: Â± 0.02 Aw.', 'Pantalla digital LCD: pantalla digital LCD retroiluminada de 6 bits, pantalla de humedad de 3 bits, pantalla de temperatura de 3 bits.', 'Peso ligero: el cuerpo del medidor de actividad acuÃ¡tica pesa solo 3.53 oz, fÃ¡cil de transportar, el sensor y las lecturas en uno, muy fÃ¡cil de usar.', 'ã€Ampliamente utilizadoã€‘: el medidor de actividad del agua puede medir la actividad del agua de pan, galletas y pasteles, alimentos inflados/horneados, aperitivos, alimentos deshidratados, mermeladas secas (ensaladas, tomates), etc.']
2026-02-27 10:17:41,670 | INFO | extractor_logger | Iniciando normalizaciÃ³n estructurada del producto.
2026-02-27 10:17:41,671 | INFO | extractor_logger | Referencia encontrada (ASIN tabla): B0DW8PS77Q
2026-02-27 10:17:41,673 | INFO | extractor_logger | NormalizaciÃ³n estructurada completada correctamente.
2026-02-27 10:17:41,673 | INFO | extractor_logger | Iniciando capa de traducciÃ³n.
2026-02-27 10:17:43,421 | INFO | extractor_logger | TraducciÃ³n completada.
2026-02-27 10:17:43,432 | INFO | extractor_logger | Validacion exitosa del contrato.
2026-02-27 10:17:43,440 | INFO | extractor_logger | Proceso completo finalizado.
2026-02-27 10:18:12,873 | WARNING | extractor_logger | URL con formato invÃ¡lido.
2026-02-27 10:18:13,561 | WARNING | extractor_logger | URL con formato invÃ¡lido.
2026-02-27 10:18:14,138 | WARNING | extractor_logger | URL con formato invÃ¡lido.
2026-03-26 09:07:42,051 | INFO | extractor_logger | URL vÃ¡lida y dominio permitido.
2026-03-26 09:07:42,052 | INFO | extractor_logger | Proveedor detectado: Amazon
2026-03-26 09:07:42,053 | INFO | extractor_logger | Iniciando extracciÃ³n Amazon con Playwright
2026-03-26 09:08:03,077 | INFO | extractor_logger | Tiempo navegaciÃ³n: 7.9267578125
2026-03-26 09:08:06,832 | INFO | extractor_logger | ExtracciÃ³n completada correctamente
2026-03-26 09:08:06,838 | INFO | extractor_logger | Pipeline limpio completado correctamente.
2026-03-26 09:23:50,877 | INFO | extractor_logger | URL vÃ¡lida y dominio permitido.
2026-03-26 09:23:50,878 | INFO | extractor_logger | Proveedor detectado: Amazon
2026-03-26 09:23:50,878 | INFO | extractor_logger | Iniciando extracciÃ³n Amazon con Playwright
2026-03-26 09:24:01,910 | INFO | extractor_logger | Tiempo navegaciÃ³n: 9.528059959411621
2026-03-26 09:24:05,209 | INFO | extractor_logger | ExtracciÃ³n completada correctamente
2026-03-26 09:24:05,214 | INFO | extractor_logger | Pipeline limpio completado correctamente.
2026-03-26 09:39:06,651 | INFO | extractor_logger | URL vÃ¡lida y dominio permitido.
2026-03-26 09:39:06,652 | INFO | extractor_logger | Proveedor detectado: Amazon
2026-03-26 09:39:06,652 | INFO | extractor_logger | Iniciando extracciÃ³n Amazon con Playwright
2026-03-26 09:39:15,980 | INFO | extractor_logger | Tiempo navegaciÃ³n: 8.104023694992065
2026-03-26 09:39:19,324 | INFO | extractor_logger | ExtracciÃ³n completada correctamente
2026-03-26 09:39:19,326 | INFO | extractor_logger | Pipeline limpio completado correctamente.
2026-03-26 09:52:08,386 | INFO | extractor_logger | URL vÃ¡lida y dominio permitido.
2026-03-26 09:52:08,387 | INFO | extractor_logger | Proveedor detectado: Amazon
2026-03-26 09:52:08,387 | INFO | extractor_logger | Iniciando extracciÃ³n Amazon con Playwright
2026-03-26 09:52:17,437 | INFO | extractor_logger | Tiempo navegaciÃ³n: 7.763379812240601
2026-03-26 09:52:20,824 | INFO | extractor_logger | ExtracciÃ³n completada correctamente
2026-03-26 09:52:20,830 | INFO | extractor_logger | Pipeline limpio completado correctamente.
2026-03-26 13:02:52,868 | INFO | extractor_logger | URL vÃ¡lida y dominio permitido.
2026-03-26 13:02:52,872 | INFO | extractor_logger | Proveedor detectado: Amazon
2026-03-26 13:02:52,872 | INFO | extractor_logger | Iniciando extracciÃ³n Amazon con Playwright
2026-03-26 13:03:04,482 | INFO | extractor_logger | Tiempo navegaciÃ³n: 10.176292896270752
2026-03-26 13:03:07,987 | INFO | extractor_logger | ExtracciÃ³n completada correctamente
2026-03-26 13:03:07,991 | INFO | extractor_logger | Pipeline limpio completado correctamente.
2026-03-26 13:03:28,696 | INFO | extractor_logger | URL vÃ¡lida y dominio permitido.
2026-03-26 13:03:28,696 | INFO | extractor_logger | Proveedor detectado: Amazon
2026-03-26 13:03:28,697 | INFO | extractor_logger | Iniciando extracciÃ³n Amazon con Playwright
2026-03-26 13:03:35,936 | INFO | extractor_logger | Tiempo navegaciÃ³n: 6.002301454544067
2026-03-26 13:03:38,873 | INFO | extractor_logger | ExtracciÃ³n completada correctamente
2026-03-26 13:03:38,877 | INFO | extractor_logger | Pipeline limpio completado correctamente.
2026-03-26 13:05:08,869 | INFO | extractor_logger | URL vÃ¡lida y dominio permitido.
2026-03-26 13:05:08,870 | INFO | extractor_logger | Proveedor detectado: Amazon
2026-03-26 13:05:08,871 | INFO | extractor_logger | Iniciando extracciÃ³n Amazon con Playwright
2026-03-26 13:05:16,266 | INFO | extractor_logger | Tiempo navegaciÃ³n: 6.134295463562012
2026-03-26 13:05:19,219 | INFO | extractor_logger | ExtracciÃ³n completada correctamente
2026-03-26 13:05:19,222 | INFO | extractor_logger | Pipeline limpio completado correctamente.
2026-03-26 13:40:08,688 | INFO | extractor_logger | URL vÃ¡lida y dominio permitido.
2026-03-26 13:40:08,691 | INFO | extractor_logger | Proveedor detectado: Amazon
2026-03-26 13:40:08,693 | INFO | extractor_logger | Iniciando extracciÃ³n Amazon con Playwright
2026-03-26 13:40:20,316 | INFO | extractor_logger | Tiempo navegaciÃ³n: 10.270048141479492
2026-03-26 13:40:23,299 | INFO | extractor_logger | ExtracciÃ³n completada correctamente
2026-03-26 13:40:23,300 | INFO | extractor_logger | Pipeline limpio completado correctamente.
2026-03-26 13:48:15,872 | INFO | extractor_logger | URL vÃ¡lida y dominio permitido.
2026-03-26 13:48:15,873 | INFO | extractor_logger | Proveedor detectado: Amazon
2026-03-26 13:48:15,873 | INFO | extractor_logger | Iniciando extracciÃ³n Amazon con Playwright
2026-03-26 13:48:27,800 | INFO | extractor_logger | Tiempo navegaciÃ³n: 10.656067848205566
2026-03-26 13:48:31,411 | INFO | extractor_logger | ExtracciÃ³n completada correctamente
2026-03-26 13:48:31,413 | INFO | extractor_logger | Pipeline limpio completado correctamente.
2026-03-26 14:19:00,585 | INFO | extractor_logger | URL vÃ¡lida y dominio permitido.
2026-03-26 14:19:00,586 | INFO | extractor_logger | Proveedor detectado: Amazon
2026-03-26 14:19:00,587 | INFO | extractor_logger | Iniciando extracciÃ³n Amazon con Playwright
2026-03-26 14:19:12,187 | INFO | extractor_logger | Tiempo navegaciÃ³n: 10.231016635894775
2026-03-26 14:19:15,542 | INFO | extractor_logger | ExtracciÃ³n completada correctamente
2026-03-26 14:19:15,548 | INFO | extractor_logger | Pipeline limpio completado correctamente.
2026-03-26 14:24:20,368 | INFO | extractor_logger | URL vÃ¡lida y dominio permitido.
2026-03-26 14:24:20,369 | INFO | extractor_logger | Proveedor detectado: Amazon
2026-03-26 14:24:20,369 | INFO | extractor_logger | Iniciando extracciÃ³n Amazon con Playwright
2026-03-26 14:24:42,309 | ERROR | extractor_logger | Error durante extracciÃ³n Amazon
2026-03-26 14:24:42,309 | ERROR | extractor_logger | Page.wait_for_selector: Timeout 20000ms exceeded.
Call log:
  - waiting for locator("#productTitle") to be visible

2026-03-26 14:24:42,311 | INFO | extractor_logger | Pipeline limpio completado correctamente.
2026-03-26 14:25:11,911 | INFO | extractor_logger | URL vÃ¡lida y dominio permitido.
2026-03-26 14:25:11,912 | INFO | extractor_logger | Proveedor detectado: Amazon
2026-03-26 14:25:11,913 | INFO | extractor_logger | Iniciando extracciÃ³n Amazon con Playwright
2026-03-26 14:25:20,625 | INFO | extractor_logger | Tiempo navegaciÃ³n: 7.437237977981567
2026-03-26 14:25:23,932 | INFO | extractor_logger | ExtracciÃ³n completada correctamente
2026-03-26 14:25:23,936 | INFO | extractor_logger | Pipeline limpio completado correctamente.
2026-03-26 14:34:18,278 | INFO | extractor_logger | URL vÃ¡lida y dominio permitido.
2026-03-26 14:34:18,279 | INFO | extractor_logger | Proveedor detectado: Amazon
2026-03-26 14:34:18,280 | INFO | extractor_logger | Iniciando extracciÃ³n Amazon con Playwright
2026-03-26 14:34:28,771 | INFO | extractor_logger | Tiempo navegaciÃ³n: 9.228235244750977
2026-03-26 14:34:31,571 | INFO | extractor_logger | ExtracciÃ³n completada correctamente
2026-03-26 14:34:31,575 | INFO | extractor_logger | Pipeline limpio completado correctamente.
2026-03-26 14:59:24,101 | INFO | extractor_logger | URL vÃ¡lida y dominio permitido.
2026-03-26 14:59:24,102 | INFO | extractor_logger | Proveedor detectado: Amazon
2026-03-26 14:59:24,103 | INFO | extractor_logger | Iniciando extracciÃ³n Amazon con Playwright
2026-03-26 14:59:34,370 | INFO | extractor_logger | Tiempo navegaciÃ³n: 8.94370722770691
2026-03-26 14:59:37,356 | INFO | extractor_logger | ExtracciÃ³n completada correctamente
2026-03-26 14:59:37,366 | INFO | extractor_logger | Pipeline limpio completado correctamente.
2026-03-27 10:00:12,919 | INFO | extractor_logger | URL vÃ¡lida y dominio permitido.
2026-03-27 10:00:12,921 | INFO | extractor_logger | Proveedor detectado: Amazon
2026-03-27 10:00:12,921 | INFO | extractor_logger | Iniciando extracciÃ³n Amazon con Playwright
2026-03-27 10:00:41,308 | INFO | extractor_logger | Tiempo navegaciÃ³n: 10.044165134429932
2026-03-27 10:00:44,423 | INFO | extractor_logger | ExtracciÃ³n completada correctamente
2026-03-27 10:00:44,430 | INFO | extractor_logger | Pipeline limpio completado correctamente.
2026-03-27 10:02:45,524 | INFO | extractor_logger | URL vÃ¡lida y dominio permitido.
2026-03-27 10:02:45,525 | INFO | extractor_logger | Proveedor detectado: Amazon
2026-03-27 10:02:45,525 | INFO | extractor_logger | Iniciando extracciÃ³n Amazon con Playwright
2026-03-27 10:02:54,505 | INFO | extractor_logger | Tiempo navegaciÃ³n: 7.688542366027832
2026-03-27 10:02:57,668 | INFO | extractor_logger | ExtracciÃ³n completada correctamente
2026-03-27 10:02:57,671 | INFO | extractor_logger | Pipeline limpio completado correctamente.
2026-03-27 10:07:21,133 | INFO | extractor_logger | URL vÃ¡lida y dominio permitido.
2026-03-27 10:07:21,133 | INFO | extractor_logger | Proveedor detectado: Amazon
2026-03-27 10:07:21,133 | INFO | extractor_logger | Iniciando extracciÃ³n Amazon con Playwright
2026-03-27 10:07:30,670 | INFO | extractor_logger | Tiempo navegaciÃ³n: 8.141367197036743
2026-03-27 10:07:34,133 | INFO | extractor_logger | ExtracciÃ³n completada correctamente
2026-03-27 10:07:34,135 | INFO | extractor_logger | Pipeline limpio completado correctamente.
2026-03-27 10:09:33,683 | INFO | extractor_logger | URL vÃ¡lida y dominio permitido.
2026-03-27 10:09:33,684 | INFO | extractor_logger | Proveedor detectado: Amazon
2026-03-27 10:09:33,684 | INFO | extractor_logger | Iniciando extracciÃ³n Amazon con Playwright
2026-03-27 10:09:42,272 | INFO | extractor_logger | Tiempo navegaciÃ³n: 7.171429634094238
2026-03-27 10:09:45,806 | INFO | extractor_logger | ExtracciÃ³n completada correctamente
2026-03-27 10:09:45,809 | INFO | extractor_logger | Pipeline limpio completado correctamente.
2026-03-27 10:14:38,404 | INFO | extractor_logger | URL vÃ¡lida y dominio permitido.
2026-03-27 10:14:38,405 | INFO | extractor_logger | Proveedor detectado: Amazon
2026-03-27 10:14:38,405 | INFO | extractor_logger | Iniciando extracciÃ³n Amazon con Playwright
2026-03-27 10:14:46,978 | INFO | extractor_logger | Tiempo navegaciÃ³n: 7.243602991104126
2026-03-27 10:14:50,341 | INFO | extractor_logger | ExtracciÃ³n completada correctamente
2026-03-27 10:14:50,344 | INFO | extractor_logger | Pipeline limpio completado correctamente.
2026-03-27 10:17:59,348 | INFO | extractor_logger | URL vÃ¡lida y dominio permitido.
2026-03-27 10:17:59,349 | INFO | extractor_logger | Proveedor detectado: Amazon
2026-03-27 10:17:59,350 | INFO | extractor_logger | Iniciando extracciÃ³n Amazon con Playwright
2026-03-27 10:18:07,937 | INFO | extractor_logger | Tiempo navegaciÃ³n: 7.066049098968506
2026-03-27 10:18:11,210 | INFO | extractor_logger | ExtracciÃ³n completada correctamente
2026-03-27 10:18:11,213 | INFO | extractor_logger | Pipeline limpio completado correctamente.
2026-03-27 11:28:37,690 | INFO | extractor_logger | URL vÃ¡lida y dominio permitido.
2026-03-27 11:28:37,692 | INFO | extractor_logger | Proveedor detectado: Amazon
2026-03-27 11:28:37,693 | INFO | extractor_logger | Iniciando extracciÃ³n Amazon con Playwright
2026-03-27 11:28:49,573 | INFO | extractor_logger | Tiempo navegaciÃ³n: 9.660775661468506
2026-03-27 11:28:52,561 | INFO | extractor_logger | ExtracciÃ³n completada correctamente
2026-03-27 11:28:52,567 | INFO | extractor_logger | Pipeline limpio completado correctamente.
2026-03-27 11:31:47,749 | INFO | extractor_logger | URL vÃ¡lida y dominio permitido.
2026-03-27 11:31:47,750 | INFO | extractor_logger | Proveedor detectado: Amazon
2026-03-27 11:31:47,752 | INFO | extractor_logger | Iniciando extracciÃ³n Amazon con Playwright
2026-03-27 11:31:56,839 | INFO | extractor_logger | Tiempo navegaciÃ³n: 7.7739996910095215
2026-03-27 11:32:00,177 | INFO | extractor_logger | ExtracciÃ³n completada correctamente
2026-03-27 11:32:00,181 | INFO | extractor_logger | Pipeline limpio completado correctamente.
2026-03-27 11:59:02,992 | INFO | extractor_logger | URL vÃ¡lida y dominio permitido.
2026-03-27 11:59:02,993 | INFO | extractor_logger | Proveedor detectado: Amazon
2026-03-27 11:59:02,994 | INFO | extractor_logger | Iniciando extracciÃ³n Amazon con Playwright
2026-03-27 11:59:15,350 | INFO | extractor_logger | Tiempo navegaciÃ³n: 11.136016130447388
2026-03-27 11:59:18,610 | INFO | extractor_logger | ExtracciÃ³n completada correctamente
2026-03-27 11:59:18,614 | INFO | extractor_logger | Pipeline limpio completado correctamente.
2026-03-27 12:09:19,162 | INFO | extractor_logger | URL vÃ¡lida y dominio permitido.
2026-03-27 12:09:19,163 | INFO | extractor_logger | Proveedor detectado: Amazon
2026-03-27 12:09:19,164 | INFO | extractor_logger | Iniciando extracciÃ³n Amazon con Playwright
2026-03-27 12:09:30,872 | INFO | extractor_logger | Tiempo navegaciÃ³n: 10.10573410987854
2026-03-27 12:09:33,723 | INFO | extractor_logger | ExtracciÃ³n completada correctamente
2026-03-27 12:09:33,725 | INFO | extractor_logger | Pipeline limpio completado correctamente.
2026-03-27 14:01:57,498 | INFO | extractor_logger | URL vÃ¡lida y dominio permitido.
2026-03-27 14:01:57,499 | INFO | extractor_logger | Proveedor detectado: Amazon
2026-03-27 14:01:57,500 | INFO | extractor_logger | Iniciando extracciÃ³n Amazon con Playwright
2026-03-27 14:02:09,581 | INFO | extractor_logger | Tiempo navegaciÃ³n: 10.812779188156128
2026-03-27 14:02:12,892 | INFO | extractor_logger | ExtracciÃ³n completada correctamente
2026-03-27 14:02:12,894 | INFO | extractor_logger | Pipeline limpio completado correctamente.
2026-03-27 14:11:00,106 | INFO | extractor_logger | URL vÃ¡lida y dominio permitido.
2026-03-27 14:11:00,106 | INFO | extractor_logger | Proveedor detectado: Amazon
2026-03-27 14:11:00,107 | INFO | extractor_logger | Iniciando extracciÃ³n Amazon con Playwright
2026-03-27 14:11:12,039 | INFO | extractor_logger | Tiempo navegaciÃ³n: 10.60453724861145
2026-03-27 14:11:15,294 | INFO | extractor_logger | ExtracciÃ³n completada correctamente
2026-03-27 14:11:15,297 | INFO | extractor_logger | Pipeline limpio completado correctamente.
2026-03-27 14:19:12,166 | INFO | extractor_logger | URL vÃ¡lida y dominio permitido.
2026-03-27 14:19:12,167 | INFO | extractor_logger | Proveedor detectado: Amazon
2026-03-27 14:19:12,168 | INFO | extractor_logger | Iniciando extracciÃ³n Amazon con Playwright
2026-03-27 14:19:23,394 | INFO | extractor_logger | Tiempo navegaciÃ³n: 8.893617391586304
2026-03-27 14:19:28,102 | INFO | extractor_logger | ExtracciÃ³n completada correctamente
2026-03-27 14:19:28,114 | INFO | extractor_logger | Pipeline limpio completado correctamente.
2026-03-27 14:20:46,940 | INFO | extractor_logger | URL vÃ¡lida y dominio permitido.
2026-03-27 14:20:46,941 | INFO | extractor_logger | Proveedor detectado: Amazon
2026-03-27 14:20:46,941 | INFO | extractor_logger | Iniciando extracciÃ³n Amazon con Playwright
2026-03-27 14:20:56,651 | INFO | extractor_logger | Tiempo navegaciÃ³n: 7.966429710388184
2026-03-27 14:20:59,646 | INFO | extractor_logger | ExtracciÃ³n completada correctamente
2026-03-27 14:20:59,650 | INFO | extractor_logger | Pipeline limpio completado correctamente.
2026-03-27 14:25:33,806 | INFO | extractor_logger | URL vÃ¡lida y dominio permitido.
2026-03-27 14:25:33,807 | INFO | extractor_logger | Proveedor detectado: Amazon
2026-03-27 14:25:33,807 | INFO | extractor_logger | Iniciando extracciÃ³n Amazon con Playwright
2026-03-27 14:25:44,178 | INFO | extractor_logger | Tiempo navegaciÃ³n: 8.617766380310059
2026-03-27 14:25:47,372 | INFO | extractor_logger | ExtracciÃ³n completada correctamente
2026-03-27 14:25:47,374 | INFO | extractor_logger | Pipeline limpio completado correctamente.
2026-03-30 11:51:12,428 | INFO | extractor_logger | URL vÃ¡lida y dominio permitido.
2026-03-30 11:51:12,429 | INFO | extractor_logger | Proveedor detectado: Amazon
2026-03-30 11:51:12,429 | INFO | extractor_logger | ðŸš€ Iniciando extracciÃ³n Amazon OPTIMIZADA
2026-03-30 11:51:35,192 | INFO | extractor_logger | â± Tiempo navegaciÃ³n: 8.19s
2026-03-30 11:52:06,764 | WARNING | extractor_logger | âš ï¸ Tabla tÃ©cnica parcial
2026-03-30 11:52:07,133 | INFO | extractor_logger | âœ… ExtracciÃ³n rÃ¡pida completada
2026-03-30 11:52:07,139 | INFO | extractor_logger | Pipeline limpio completado correctamente.
2026-03-30 11:54:00,251 | INFO | extractor_logger | URL vÃ¡lida y dominio permitido.
2026-03-30 11:54:00,252 | INFO | extractor_logger | Proveedor detectado: Amazon
2026-03-30 11:54:00,252 | INFO | extractor_logger | ðŸš€ Iniciando extracciÃ³n Amazon OPTIMIZADA
2026-03-30 11:54:08,719 | INFO | extractor_logger | â± Tiempo navegaciÃ³n: 6.99s
2026-03-30 11:54:40,437 | WARNING | extractor_logger | âš ï¸ Tabla tÃ©cnica parcial
2026-03-30 11:54:40,796 | INFO | extractor_logger | âœ… ExtracciÃ³n rÃ¡pida completada
2026-03-30 11:54:40,799 | INFO | extractor_logger | Pipeline limpio completado correctamente.
2026-03-30 11:55:46,999 | INFO | extractor_logger | URL vÃ¡lida y dominio permitido.
2026-03-30 11:55:47,000 | INFO | extractor_logger | Proveedor detectado: Amazon
2026-03-30 11:55:47,001 | INFO | extractor_logger | ðŸš€ Iniciando extracciÃ³n Amazon OPTIMIZADA
2026-03-30 11:55:52,615 | INFO | extractor_logger | â± Tiempo navegaciÃ³n: 4.15s
2026-03-30 11:56:23,647 | WARNING | extractor_logger | âš ï¸ Tabla tÃ©cnica parcial
2026-03-30 11:56:24,074 | INFO | extractor_logger | âœ… ExtracciÃ³n rÃ¡pida completada
2026-03-30 11:56:24,076 | INFO | extractor_logger | Pipeline limpio completado correctamente.
2026-03-30 12:24:57,045 | INFO | extractor_logger | URL vÃ¡lida y dominio permitido.
2026-03-30 12:24:57,046 | INFO | extractor_logger | Proveedor detectado: Amazon
2026-03-30 12:24:57,047 | INFO | extractor_logger | ðŸš€ Iniciando extracciÃ³n optimizada
2026-03-30 12:25:04,637 | INFO | extractor_logger | âœ… PÃ¡gina cargada
2026-03-30 12:25:35,376 | WARNING | extractor_logger | âš ï¸ Tabla tÃ©cnica parcial
2026-03-30 12:25:35,659 | INFO | extractor_logger | â± Tiempo total extracciÃ³n: 38.61s
2026-03-30 12:25:35,662 | INFO | extractor_logger | Pipeline limpio completado correctamente.
2026-03-30 12:28:38,307 | INFO | extractor_logger | URL vÃ¡lida y dominio permitido.
2026-03-30 12:28:38,308 | INFO | extractor_logger | Proveedor detectado: Amazon
2026-03-30 12:28:38,308 | INFO | extractor_logger | ðŸš€ Iniciando extracciÃ³n optimizada
2026-03-30 12:28:48,147 | INFO | extractor_logger | âœ… PÃ¡gina cargada
2026-03-30 12:29:18,797 | WARNING | extractor_logger | âš ï¸ Tabla tÃ©cnica parcial
2026-03-30 12:29:19,113 | INFO | extractor_logger | â± Tiempo total extracciÃ³n: 40.80s
2026-03-30 12:29:19,115 | INFO | extractor_logger | Pipeline limpio completado correctamente.
2026-03-30 12:49:53,716 | INFO | extractor_logger | URL vÃ¡lida y dominio permitido.
2026-03-30 12:49:53,717 | INFO | extractor_logger | Proveedor detectado: Amazon
2026-03-30 12:49:53,717 | INFO | extractor_logger | ðŸš€ Iniciando extracciÃ³n PRO
2026-03-30 12:50:00,767 | INFO | extractor_logger | âœ… PÃ¡gina cargada
2026-03-30 12:50:33,398 | WARNING | extractor_logger | âš ï¸ Tabla tÃ©cnica parcial
2026-03-30 12:50:33,761 | INFO | extractor_logger | â± Tiempo total extracciÃ³n: 40.04s
2026-03-30 12:50:33,766 | INFO | extractor_logger | Pipeline limpio completado correctamente.
2026-03-30 12:52:05,943 | INFO | extractor_logger | URL vÃ¡lida y dominio permitido.
2026-03-30 12:52:05,943 | INFO | extractor_logger | Proveedor detectado: Amazon
2026-03-30 12:52:05,944 | INFO | extractor_logger | ðŸš€ Iniciando extracciÃ³n PRO
2026-03-30 12:52:10,749 | INFO | extractor_logger | âœ… PÃ¡gina cargada
2026-03-30 12:52:42,936 | WARNING | extractor_logger | âš ï¸ Tabla tÃ©cnica parcial
2026-03-30 12:52:43,508 | INFO | extractor_logger | â± Tiempo total extracciÃ³n: 37.56s
2026-03-30 12:52:43,510 | INFO | extractor_logger | Pipeline limpio completado correctamente.
2026-03-30 12:53:45,136 | INFO | extractor_logger | URL vÃ¡lida y dominio permitido.
2026-03-30 12:53:45,136 | INFO | extractor_logger | Proveedor detectado: Amazon
2026-03-30 12:53:45,137 | INFO | extractor_logger | ðŸš€ Iniciando extracciÃ³n PRO
2026-03-30 12:54:06,872 | WARNING | extractor_logger | âš ï¸ No se encontrÃ³ tÃ­tulo rÃ¡pidamente
2026-03-30 12:54:06,873 | INFO | extractor_logger | âœ… PÃ¡gina cargada
2026-03-30 12:54:09,111 | INFO | extractor_logger | â± Tiempo total extracciÃ³n: 23.97s
2026-03-30 12:54:09,111 | INFO | extractor_logger | Pipeline limpio completado correctamente.
2026-03-30 13:42:01,979 | INFO | extractor_logger | URL vÃ¡lida y dominio permitido.
2026-03-30 13:42:01,980 | INFO | extractor_logger | Proveedor detectado: Amazon
2026-03-30 13:42:01,980 | INFO | extractor_logger | ðŸš€ Iniciando extracciÃ³n
2026-03-30 13:42:20,049 | WARNING | extractor_logger | âš ï¸ No se encontrÃ³ tÃ­tulo
2026-03-30 13:42:30,060 | WARNING | extractor_logger | âš ï¸ No se encontrÃ³ precio
2026-03-30 13:42:30,273 | INFO | extractor_logger | â± Tiempo total extracciÃ³n: 28.29s
2026-03-30 13:42:30,274 | INFO | extractor_logger | Pipeline limpio completado correctamente.
2026-03-30 13:47:18,374 | INFO | extractor_logger | URL vÃ¡lida y dominio permitido.
2026-03-30 13:47:18,374 | INFO | extractor_logger | Proveedor detectado: Amazon
2026-03-30 13:47:18,375 | INFO | extractor_logger | Iniciando extracciÃ³n Amazon con Playwright
2026-03-30 13:47:41,040 | ERROR | extractor_logger | Error durante extracciÃ³n Amazon
2026-03-30 13:47:41,040 | ERROR | extractor_logger | Page.wait_for_selector: Timeout 20000ms exceeded.
Call log:
  - waiting for locator("#productTitle") to be visible

2026-03-30 13:47:41,042 | INFO | extractor_logger | Pipeline limpio completado correctamente.
2026-03-30 14:00:08,680 | INFO | extractor_logger | URL vÃ¡lida y dominio permitido.
2026-03-30 14:00:08,681 | INFO | extractor_logger | Proveedor detectado: Amazon
2026-03-30 14:00:08,682 | INFO | extractor_logger | Iniciando extracciÃ³n Amazon con Playwright
2026-03-30 14:00:25,867 | WARNING | extractor_logger | Precio no detectado a tiempo
2026-03-30 14:00:31,214 | INFO | extractor_logger | ExtracciÃ³n completada correctamente
2026-03-30 14:00:31,219 | INFO | extractor_logger | Pipeline limpio completado correctamente.
2026-03-30 14:01:48,572 | INFO | extractor_logger | URL vÃ¡lida y dominio permitido.
2026-03-30 14:01:48,573 | INFO | extractor_logger | Proveedor detectado: Amazon
2026-03-30 14:01:48,574 | INFO | extractor_logger | Iniciando extracciÃ³n Amazon con Playwright
2026-03-30 14:02:11,700 | ERROR | extractor_logger | Error durante extracciÃ³n Amazon
2026-03-30 14:02:11,701 | ERROR | extractor_logger | Page.wait_for_selector: Timeout 20000ms exceeded.
Call log:
  - waiting for locator("#productTitle") to be visible

2026-03-30 14:02:11,701 | INFO | extractor_logger | Pipeline limpio completado correctamente.
2026-03-30 14:02:59,839 | INFO | extractor_logger | URL vÃ¡lida y dominio permitido.
2026-03-30 14:02:59,841 | INFO | extractor_logger | Proveedor detectado: Amazon
2026-03-30 14:02:59,841 | INFO | extractor_logger | Iniciando extracciÃ³n Amazon con Playwright
2026-03-30 14:03:21,862 | ERROR | extractor_logger | Error durante extracciÃ³n Amazon
2026-03-30 14:03:21,862 | ERROR | extractor_logger | Page.wait_for_selector: Timeout 20000ms exceeded.
Call log:
  - waiting for locator("#productTitle") to be visible

2026-03-30 14:03:21,862 | INFO | extractor_logger | Pipeline limpio completado correctamente.
2026-03-30 14:03:59,449 | INFO | extractor_logger | URL vÃ¡lida y dominio permitido.
2026-03-30 14:03:59,449 | INFO | extractor_logger | Proveedor detectado: Amazon
2026-03-30 14:03:59,450 | INFO | extractor_logger | Iniciando extracciÃ³n Amazon con Playwright
2026-03-30 14:04:22,706 | ERROR | extractor_logger | Error durante extracciÃ³n Amazon
2026-03-30 14:04:22,706 | ERROR | extractor_logger | Page.wait_for_selector: Timeout 20000ms exceeded.
Call log:
  - waiting for locator("#productTitle") to be visible

2026-03-30 14:04:22,706 | INFO | extractor_logger | Pipeline limpio completado correctamente.
2026-03-30 14:25:48,213 | INFO | extractor_logger | URL vÃ¡lida y dominio permitido.
2026-03-30 14:25:48,214 | INFO | extractor_logger | Proveedor detectado: Amazon
2026-03-30 14:25:48,214 | INFO | extractor_logger | Iniciando extracciÃ³n Amazon con Playwright
2026-03-30 14:26:13,473 | ERROR | extractor_logger | Error durante extracciÃ³n Amazon
2026-03-30 14:26:13,473 | ERROR | extractor_logger | Page.wait_for_selector: Timeout 20000ms exceeded.
Call log:
  - waiting for locator("#productTitle") to be visible

2026-03-30 14:26:13,476 | INFO | extractor_logger | Pipeline limpio completado correctamente.
2026-03-30 14:28:10,283 | INFO | extractor_logger | URL vÃ¡lida y dominio permitido.
2026-03-30 14:28:10,283 | INFO | extractor_logger | Proveedor detectado: Amazon
2026-03-30 14:28:10,284 | INFO | extractor_logger | Iniciando extracciÃ³n Amazon con Playwright
2026-03-30 14:28:32,725 | ERROR | extractor_logger | Error durante extracciÃ³n Amazon
2026-03-30 14:28:32,725 | ERROR | extractor_logger | Page.wait_for_selector: Timeout 20000ms exceeded.
Call log:
  - waiting for locator("#productTitle") to be visible

2026-03-30 14:28:32,725 | INFO | extractor_logger | Pipeline limpio completado correctamente.
2026-03-30 14:52:27,149 | INFO | extractor_logger | URL vÃ¡lida y dominio permitido.
2026-03-30 14:52:27,153 | INFO | extractor_logger | Proveedor detectado: Amazon
2026-03-30 14:52:27,153 | INFO | extractor_logger | Iniciando extracciÃ³n Amazon con Playwright
2026-03-30 14:52:58,762 | INFO | extractor_logger | Tiempo navegaciÃ³n: 24.219573497772217
2026-03-30 14:53:05,280 | INFO | extractor_logger | ExtracciÃ³n completada correctamente
2026-03-30 14:53:05,284 | INFO | extractor_logger | Pipeline limpio completado correctamente.
2026-03-30 14:53:50,141 | INFO | extractor_logger | URL vÃ¡lida y dominio permitido.
2026-03-30 14:53:50,142 | INFO | extractor_logger | Proveedor detectado: Amazon
2026-03-30 14:53:50,142 | INFO | extractor_logger | Iniciando extracciÃ³n Amazon con Playwright
2026-03-30 14:54:30,589 | ERROR | extractor_logger | âš  Amazon bloqueÃ³ la pÃ¡gina
2026-03-30 14:54:31,327 | INFO | extractor_logger | Pipeline limpio completado correctamente.
2026-03-30 15:41:11,706 | INFO | extractor_logger | URL vÃ¡lida y dominio permitido.
2026-03-30 15:41:11,708 | INFO | extractor_logger | Proveedor detectado: Amazon
2026-03-30 15:41:11,709 | INFO | extractor_logger | Iniciando extracciÃ³n Amazon con Playwright
2026-03-30 15:41:37,032 | INFO | extractor_logger | ExtracciÃ³n completada correctamente
2026-03-30 15:41:37,037 | INFO | extractor_logger | Pipeline limpio completado correctamente.
2026-03-30 15:53:03,076 | INFO | extractor_logger | URL vÃ¡lida y dominio permitido.
2026-03-30 15:53:03,076 | INFO | extractor_logger | Proveedor detectado: Amazon
2026-03-30 15:53:03,077 | INFO | extractor_logger | Iniciando extracciÃ³n Amazon con Playwright
2026-03-30 15:53:53,313 | ERROR | extractor_logger | âš  Amazon bloqueÃ³ la pÃ¡gina
2026-03-30 15:53:53,634 | WARNING | extractor_logger | ðŸ”„ Reintentando extracciÃ³n en 15 segundos...
2026-03-30 15:54:50,351 | ERROR | extractor_logger | âš  Amazon bloqueÃ³ la pÃ¡gina
2026-03-30 15:54:50,609 | ERROR | extractor_logger | âŒ No se pudo extraer el producto
2026-03-30 15:54:50,611 | INFO | extractor_logger | Pipeline limpio completado correctamente.
2026-03-31 07:43:35,874 | INFO | extractor_logger | URL vÃ¡lida y dominio permitido.
2026-03-31 07:43:35,877 | INFO | extractor_logger | Proveedor detectado: Amazon
2026-03-31 07:43:35,877 | INFO | extractor_logger | Iniciando extracciÃ³n Amazon con Playwright
2026-03-31 07:44:31,726 | ERROR | extractor_logger | âš  Amazon bloqueÃ³ la pÃ¡gina
2026-03-31 07:44:32,126 | WARNING | extractor_logger | ðŸ”„ Reintentando extracciÃ³n en 15 segundos...
2026-03-31 07:45:25,749 | ERROR | extractor_logger | âš  Amazon bloqueÃ³ la pÃ¡gina
2026-03-31 07:45:25,940 | ERROR | extractor_logger | âŒ No se pudo extraer el producto
2026-03-31 07:45:25,941 | INFO | extractor_logger | Pipeline limpio completado correctamente.
2026-03-31 08:14:43,436 | INFO | extractor_logger | URL vÃ¡lida y dominio permitido.
2026-03-31 08:14:43,437 | INFO | extractor_logger | Proveedor detectado: Amazon
2026-03-31 08:14:43,438 | INFO | extractor_logger | Iniciando extracciÃ³n Amazon con Playwright
2026-03-31 08:15:31,864 | ERROR | extractor_logger | âš  Amazon bloqueÃ³ la pÃ¡gina
2026-03-31 08:15:32,235 | WARNING | extractor_logger | ðŸ”„ Reintentando extracciÃ³n en 15 segundos...
2026-03-31 08:16:08,219 | INFO | extractor_logger | ExtracciÃ³n completada correctamente
2026-03-31 08:16:08,224 | INFO | extractor_logger | Pipeline limpio completado correctamente.
2026-03-31 08:43:28,412 | INFO | extractor_logger | URL vÃ¡lida y dominio permitido.
2026-03-31 08:43:28,415 | INFO | extractor_logger | Proveedor detectado: Amazon
2026-03-31 08:43:28,416 | INFO | extractor_logger | Iniciando extracciÃ³n Amazon con Playwright
2026-03-31 08:43:59,305 | INFO | extractor_logger | ExtracciÃ³n completada correctamente
2026-03-31 08:43:59,311 | INFO | extractor_logger | Pipeline limpio completado correctamente.
2026-03-31 09:27:37,895 | INFO | extractor_logger | URL vÃ¡lida y dominio permitido.
2026-03-31 09:27:37,896 | INFO | extractor_logger | Proveedor detectado: Amazon
2026-03-31 09:27:37,896 | INFO | extractor_logger | Iniciando extracciÃ³n Amazon con Playwright
2026-03-31 09:28:20,655 | ERROR | extractor_logger | âš  Amazon bloqueÃ³ la pÃ¡gina
2026-03-31 09:28:21,111 | WARNING | extractor_logger | ðŸ”„ Reintentando extracciÃ³n en 15 segundos...
2026-03-31 09:29:10,083 | ERROR | extractor_logger | âš  Amazon bloqueÃ³ la pÃ¡gina
2026-03-31 09:29:10,326 | ERROR | extractor_logger | âŒ No se pudo extraer el producto
2026-03-31 09:29:10,327 | INFO | extractor_logger | Pipeline limpio completado correctamente.
2026-03-31 10:01:29,541 | INFO | extractor_logger | URL vÃ¡lida y dominio permitido.
2026-03-31 10:01:29,541 | INFO | extractor_logger | Proveedor detectado: Amazon
2026-03-31 10:01:29,542 | INFO | extractor_logger | Iniciando extracciÃ³n Amazon con Playwright
2026-03-31 10:02:07,064 | ERROR | extractor_logger | âš  Amazon bloqueÃ³ la pÃ¡gina
2026-03-31 10:02:07,844 | WARNING | extractor_logger | ðŸ”„ Reintentando extracciÃ³n en 15 segundos...
2026-03-31 10:02:55,904 | ERROR | extractor_logger | âš  Amazon bloqueÃ³ la pÃ¡gina
2026-03-31 10:02:56,624 | ERROR | extractor_logger | âŒ No se pudo extraer el producto
2026-03-31 10:02:56,628 | INFO | extractor_logger | Pipeline limpio completado correctamente.
2026-03-31 10:47:08,745 | INFO | extractor_logger | URL vÃ¡lida y dominio permitido.
2026-03-31 10:47:08,746 | INFO | extractor_logger | Proveedor detectado: Amazon
2026-03-31 10:47:08,746 | INFO | extractor_logger | Iniciando extracciÃ³n Amazon
2026-03-31 10:47:12,359 | WARNING | extractor_logger | âš  ScraperAPI fallÃ³, usando Playwright...
2026-03-31 10:47:48,802 | ERROR | extractor_logger | âš  Amazon bloqueÃ³ la pÃ¡gina
2026-03-31 10:47:49,589 | WARNING | extractor_logger | ðŸ”„ Reintentando extracciÃ³n en 15 segundos...
2026-03-31 10:48:38,246 | ERROR | extractor_logger | âš  Amazon bloqueÃ³ la pÃ¡gina
2026-03-31 10:48:39,056 | ERROR | extractor_logger | âŒ No se pudo extraer el producto
2026-03-31 10:48:39,058 | INFO | extractor_logger | Pipeline limpio completado correctamente.
2026-03-31 11:08:57,750 | INFO | extractor_logger | URL vÃ¡lida y dominio permitido.
2026-03-31 11:08:57,750 | INFO | extractor_logger | Proveedor detectado: Amazon
2026-03-31 11:08:57,750 | INFO | extractor_logger | Iniciando extracciÃ³n Amazon
2026-03-31 11:09:01,407 | INFO | extractor_logger | âœ… ScraperAPI exitoso
2026-03-31 11:09:01,409 | INFO | extractor_logger | Pipeline limpio completado correctamente.
2026-03-31 11:20:01,010 | INFO | extractor_logger | URL vÃ¡lida y dominio permitido.
2026-03-31 11:20:01,011 | INFO | extractor_logger | Proveedor detectado: Amazon
2026-03-31 11:20:01,011 | INFO | extractor_logger | Iniciando extracciÃ³n Amazon
2026-03-31 11:20:31,305 | ERROR | extractor_logger | Error ScraperAPI: HTTPConnectionPool(host='api.scraperapi.com', port=80): Read timed out. (read timeout=30)
2026-03-31 11:20:31,306 | WARNING | extractor_logger | âš  ScraperAPI fallÃ³, usando Playwright...
2026-03-31 11:21:15,871 | ERROR | extractor_logger | âš  Amazon bloqueÃ³ la pÃ¡gina
2026-03-31 11:21:16,906 | WARNING | extractor_logger | ðŸ”„ Reintentando extracciÃ³n en 15 segundos...
2026-03-31 11:22:06,394 | ERROR | extractor_logger | âš  Amazon bloqueÃ³ la pÃ¡gina
2026-03-31 11:22:06,911 | ERROR | extractor_logger | âŒ No se pudo extraer el producto
2026-03-31 11:22:06,912 | INFO | extractor_logger | Pipeline limpio completado correctamente.
2026-03-31 11:53:27,119 | INFO | extractor_logger | URL vÃ¡lida y dominio permitido.
2026-03-31 11:53:27,121 | INFO | extractor_logger | Proveedor detectado: Amazon
2026-03-31 11:53:27,121 | INFO | extractor_logger | Iniciando extracciÃ³n Amazon
2026-03-31 11:53:27,637 | ERROR | extractor_logger | âŒ ScraperAPI fallÃ³. Se evita Playwright para no ser bloqueados.
2026-03-31 11:53:27,642 | INFO | extractor_logger | Pipeline limpio completado correctamente.
2026-03-31 12:06:02,518 | INFO | extractor_logger | URL vÃ¡lida y dominio permitido.
2026-03-31 12:06:02,518 | INFO | extractor_logger | Proveedor detectado: Amazon
2026-03-31 12:06:02,518 | INFO | extractor_logger | Iniciando extracciÃ³n Amazon
2026-03-31 12:06:17,477 | INFO | extractor_logger | âœ… ScraperAPI exitoso
2026-03-31 12:06:17,478 | INFO | extractor_logger | Pipeline limpio completado correctamente.
2026-03-31 12:23:27,572 | INFO | extractor_logger | URL vÃ¡lida y dominio permitido.
2026-03-31 12:23:27,573 | INFO | extractor_logger | Proveedor detectado: Amazon
2026-03-31 12:23:27,573 | INFO | extractor_logger | Iniciando extracciÃ³n Amazon
2026-03-31 12:23:40,452 | INFO | extractor_logger | âœ… ScraperAPI exitoso
2026-03-31 12:23:40,453 | INFO | extractor_logger | Pipeline limpio completado correctamente.
2026-03-31 12:39:07,602 | INFO | extractor_logger | URL vÃ¡lida y dominio permitido.
2026-03-31 12:39:07,603 | INFO | extractor_logger | Proveedor detectado: Amazon
2026-03-31 12:39:07,603 | INFO | extractor_logger | Iniciando extracciÃ³n Amazon
2026-03-31 12:39:11,705 | INFO | extractor_logger | âœ… ScraperAPI exitoso
2026-03-31 12:39:11,706 | INFO | extractor_logger | Pipeline limpio completado correctamente.
2026-03-31 14:28:59,080 | INFO | extractor_logger | URL vÃ¡lida y dominio permitido.
2026-03-31 14:28:59,081 | INFO | extractor_logger | Proveedor detectado: Amazon
2026-03-31 14:28:59,081 | INFO | extractor_logger | Iniciando extracciÃ³n Amazon
2026-03-31 14:29:02,497 | INFO | extractor_logger | âœ… ScraperAPI exitoso
2026-03-31 14:29:02,502 | INFO | extractor_logger | Pipeline limpio completado correctamente.
2026-03-31 14:30:33,929 | INFO | extractor_logger | URL vÃ¡lida y dominio permitido.
2026-03-31 14:30:33,929 | INFO | extractor_logger | Proveedor detectado: Amazon
2026-03-31 14:30:33,930 | INFO | extractor_logger | Iniciando extracciÃ³n Amazon
2026-03-31 14:30:37,392 | INFO | extractor_logger | âœ… ScraperAPI exitoso
2026-03-31 14:30:37,395 | INFO | extractor_logger | Pipeline limpio completado correctamente.
2026-03-31 15:01:58,302 | INFO | extractor_logger | URL vÃ¡lida y dominio permitido.
2026-03-31 15:01:58,303 | INFO | extractor_logger | Proveedor detectado: Amazon
2026-03-31 15:01:58,303 | INFO | extractor_logger | Iniciando extracciÃ³n Amazon
2026-03-31 15:02:17,157 | INFO | extractor_logger | âœ… ScraperAPI exitoso
2026-03-31 15:02:17,161 | INFO | extractor_logger | Pipeline limpio completado correctamente.
2026-03-31 15:24:00,809 | INFO | extractor_logger | URL vÃ¡lida y dominio permitido.
2026-03-31 15:24:00,809 | INFO | extractor_logger | Proveedor detectado: Amazon
2026-03-31 15:24:00,809 | INFO | extractor_logger | Iniciando extracciÃ³n Amazon
2026-03-31 15:24:04,040 | INFO | extractor_logger | âœ… ScraperAPI exitoso
2026-03-31 15:24:04,044 | INFO | extractor_logger | Pipeline limpio completado correctamente.
2026-03-31 15:24:27,976 | INFO | extractor_logger | URL vÃ¡lida y dominio permitido.
2026-03-31 15:24:27,977 | INFO | extractor_logger | Proveedor detectado: Amazon
2026-03-31 15:24:27,979 | INFO | extractor_logger | Iniciando extracciÃ³n Amazon
2026-03-31 15:24:42,764 | INFO | extractor_logger | âœ… ScraperAPI exitoso
2026-03-31 15:24:42,767 | INFO | extractor_logger | Pipeline limpio completado correctamente.
2026-03-31 15:26:59,226 | INFO | extractor_logger | URL vÃ¡lida y dominio permitido.
2026-03-31 15:26:59,227 | INFO | extractor_logger | Proveedor detectado: Amazon
2026-03-31 15:26:59,227 | INFO | extractor_logger | Iniciando extracciÃ³n Amazon
2026-03-31 15:27:02,664 | INFO | extractor_logger | âœ… ScraperAPI exitoso
2026-03-31 15:27:02,668 | INFO | extractor_logger | Pipeline limpio completado correctamente.
2026-03-31 15:56:26,045 | INFO | extractor_logger | URL vÃ¡lida y dominio permitido.
2026-03-31 15:56:26,046 | INFO | extractor_logger | Proveedor detectado: Amazon
2026-03-31 15:56:26,047 | INFO | extractor_logger | Iniciando extracciÃ³n Amazon
2026-03-31 15:56:26,567 | ERROR | extractor_logger | âŒ ScraperAPI fallÃ³.
2026-03-31 15:56:26,569 | INFO | extractor_logger | Pipeline limpio completado correctamente.
2026-03-31 16:15:25,049 | INFO | extractor_logger | URL vÃ¡lida y dominio permitido.
2026-03-31 16:15:25,050 | INFO | extractor_logger | Proveedor detectado: Amazon
2026-03-31 16:15:25,051 | INFO | extractor_logger | Iniciando extracciÃ³n Amazon
2026-03-31 16:15:31,830 | INFO | extractor_logger | âœ… ScraperAPI exitoso
2026-03-31 16:15:31,836 | INFO | extractor_logger | Pipeline limpio completado correctamente.
2026-03-31 16:16:32,692 | INFO | extractor_logger | URL vÃ¡lida y dominio permitido.
2026-03-31 16:16:32,693 | INFO | extractor_logger | Proveedor detectado: Amazon
2026-03-31 16:16:32,693 | INFO | extractor_logger | Iniciando extracciÃ³n Amazon
2026-03-31 16:16:39,901 | INFO | extractor_logger | âœ… ScraperAPI exitoso
2026-03-31 16:16:39,903 | INFO | extractor_logger | Pipeline limpio completado correctamente.
2026-03-31 16:50:06,729 | INFO | extractor_logger | URL vÃ¡lida y dominio permitido.
2026-03-31 16:50:06,730 | INFO | extractor_logger | Proveedor detectado: Amazon
2026-03-31 16:50:06,731 | INFO | extractor_logger | Iniciando extracciÃ³n Amazon
2026-03-31 16:50:09,847 | INFO | extractor_logger | Intento 1 â†’ Status: 200
2026-03-31 16:50:11,460 | INFO | extractor_logger | âœ… ScraperAPI exitoso
2026-03-31 16:50:11,464 | INFO | extractor_logger | Pipeline limpio completado correctamente.
2026-03-31 16:50:58,575 | INFO | extractor_logger | URL vÃ¡lida y dominio permitido.
2026-03-31 16:50:58,576 | INFO | extractor_logger | Proveedor detectado: Amazon
2026-03-31 16:50:58,576 | INFO | extractor_logger | Iniciando extracciÃ³n Amazon
2026-03-31 16:51:01,149 | INFO | extractor_logger | Intento 1 â†’ Status: 200
2026-03-31 16:51:02,832 | INFO | extractor_logger | âœ… ScraperAPI exitoso
2026-03-31 16:51:02,834 | INFO | extractor_logger | Pipeline limpio completado correctamente.
2026-04-01 14:05:05,045 | INFO | extractor_logger | URL vÃ¡lida y dominio permitido.
2026-04-01 14:05:05,046 | INFO | extractor_logger | Proveedor detectado: Amazon
2026-04-01 14:05:05,046 | INFO | extractor_logger | Iniciando extracciÃ³n Amazon
